vendor_id,total_orders,accepted_orders,avg_rating,cancellation_rate,complaints_count,performance
1,910,287,4.3,0.35,12,Poor
2,3822,3508,4.3,0.11,85,Average
3,3142,651,4.5,0.47,25,Poor
4,516,90,4.6,0.26,80,Poor
5,4476,548,2.7,0.23,28,Poor
6,3494,3344,3.4,0.22,90,Poor
7,3221,2000,4.2,0.35,85,Poor
8,2969,2189,3.7,0.23,17,Poor
9,180,143,3.0,0.06,68,Poor
10,1735,29,3.9,0.44,11,Poor
11,819,818,3.5,0.21,1,Poor
12,2441,1359,3.5,0.04,41,Poor
13,2483,1316,4.5,0.26,6,Poor
14,1234,772,3.5,0.32,46,Poor
15,4605,2953,2.6,0.14,89,Poor
16,3435,2531,2.6,0.4,53,Poor
17,4167,2779,4.6,0.33,14,Poor
18,4893,2795,4.9,0.33,57,Poor
19,2954,2784,4.2,0.21,32,Poor
20,524,432,3.4,0.48,66,Poor
21,1132,99,4.8,0.14,62,Average
22,2608,2547,4.2,0.29,47,Poor
23,2097,921,4.6,0.15,65,Average
24,2797,910,4.4,0.37,80,Poor
25,1025,566,3.4,0.02,64,Poor
26,1856,1844,3.7,0.02,35,Average
27,239,37,3.0,0.41,16,Poor
28,2784,1208,3.2,0.22,1,Poor
29,3055,1568,4.4,0.17,32,Average
30,4708,4317,4.7,0.3,92,Poor
31,1949,760,4.3,0.35,5,Poor
32,1317,338,3.7,0.1,42,Average
33,1578,236,2.7,0.09,99,Poor
34,3252,1077,2.6,0.48,87,Poor
35,3606,1914,3.4,0.29,10,Poor
36,3940,2333,3.7,0.2,4,Poor
37,696,659,4.0,0.4,29,Poor
38,2938,743,2.5,0.26,9,Poor
39,2485,1720,5.0,0.12,90,Average
40,650,432,3.4,0.1,90,Poor
41,2413,1295,4.6,0.2,23,Poor
42,2111,420,3.8,0.43,58,Poor
43,291,231,2.8,0.03,66,Poor
44,2091,1155,4.5,0.11,60,Average
45,2874,2790,4.3,0.45,25,Poor
46,2662,770,3.8,0.06,38,Average
47,1413,287,3.8,0.31,81,Poor
48,1528,317,2.7,0.11,2,Poor
49,2606,1360,4.1,0.3,37,Poor
50,825,589,4.8,0.19,41,Average
51,4064,2576,2.7,0.05,47,Poor
52,84,73,3.2,0.29,88,Poor
53,3202,565,4.8,0.34,12,Poor
54,2005,794,3.2,0.34,88,Poor
55,1635,384,4.1,0.32,87,Poor
56,3993,566,3.8,0.25,55,Poor
57,3123,290,4.0,0.26,58,Poor
58,1071,758,3.5,0.32,62,Poor
59,3511,2604,3.2,0.35,79,Poor
60,2663,1277,2.6,0.33,42,Poor
61,3893,78,4.4,0.29,74,Poor
62,1550,1294,4.4,0.08,56,Average
63,4848,4201,4.2,0.11,20,Average
64,211,153,4.1,0.13,94,Average
65,4347,738,3.1,0.46,53,Poor
66,2031,875,2.6,0.38,78,Poor
67,1045,168,4.5,0.28,52,Poor
68,4961,4698,3.7,0.13,44,Average
69,3392,140,3.3,0.06,35,Poor
70,4601,2672,2.8,0.45,62,Poor
71,3848,2323,2.7,0.45,0,Poor
72,1325,785,3.4,0.06,91,Poor
73,1066,883,4.5,0.4,96,Poor
74,387,307,4.8,0.22,66,Poor
75,928,328,4.7,0.16,78,Average
76,1126,78,4.8,0.37,32,Poor
77,4937,1129,4.8,0.31,31,Poor
78,4043,2853,3.8,0.39,86,Poor
79,4909,1270,3.0,0.04,57,Poor
80,429,100,4.5,0.16,25,Average
81,542,203,3.0,0.16,60,Poor
82,2112,1835,3.2,0.16,16,Poor
83,3934,1365,3.1,0.25,72,Poor
84,114,32,3.8,0.14,68,Average
85,2618,1361,3.3,0.22,28,Poor
86,2077,1752,2.9,0.18,62,Poor
87,2745,918,3.6,0.37,5,Poor
88,1545,1336,4.7,0.3,58,Poor
89,441,312,3.9,0.33,98,Poor
90,4564,504,4.7,0.11,20,Average
91,4524,822,3.0,0.16,44,Poor
92,3611,1735,2.9,0.01,44,Poor
93,2328,1935,3.9,0.05,86,Average
94,3149,1777,3.7,0.13,34,Average
95,250,37,4.2,0.03,51,Average
96,4925,3027,4.5,0.3,45,Poor
97,3154,2883,4.4,0.5,65,Poor
98,4648,3515,4.9,0.05,56,Average
99,2504,2340,3.5,0.41,41,Poor
100,3695,1690,3.0,0.06,72,Poor
101,854,844,3.9,0.33,76,Poor
102,2781,539,2.8,0.32,97,Poor
103,2823,1171,3.2,0.45,15,Poor
104,1620,1416,3.0,0.06,4,Poor
105,2740,2635,3.5,0.16,0,Poor
106,3890,2705,2.8,0.05,21,Poor
107,1078,178,2.6,0.2,47,Poor
108,552,195,4.1,0.46,25,Poor
109,4543,2687,4.0,0.39,33,Poor
110,920,230,4.3,0.36,57,Poor
111,4538,2514,4.2,0.27,84,Poor
112,256,93,2.8,0.44,6,Poor
113,1534,186,3.2,0.22,24,Poor
114,913,479,2.8,0.07,56,Poor
115,2840,1276,4.6,0.42,11,Poor
116,613,346,4.4,0.14,30,Average
117,4241,3975,3.0,0.03,26,Poor
118,1807,1225,3.4,0.06,85,Poor
119,1728,1677,4.9,0.3,33,Poor
120,3292,1758,4.0,0.3,80,Poor
121,4686,4058,4.5,0.13,74,Average
122,1109,1072,3.2,0.36,92,Poor
123,1772,733,3.0,0.39,33,Poor
124,3364,3184,4.5,0.46,36,Poor
125,3207,2908,4.2,0.29,57,Poor
126,2675,707,4.2,0.39,59,Poor
127,2779,349,3.9,0.38,25,Poor
128,1647,1227,3.9,0.13,44,Average
129,3110,2162,4.3,0.16,44,Average
130,2743,804,3.2,0.24,31,Poor
131,4941,2716,3.4,0.01,68,Poor
132,3677,2420,4.7,0.15,83,Average
133,1413,949,3.3,0.24,70,Poor
134,2031,960,3.9,0.05,22,Average
135,1713,1003,4.3,0.06,64,Average
136,1579,1308,5.0,0.23,38,Poor
137,2088,1699,3.6,0.37,66,Poor
138,3352,3110,3.6,0.42,44,Poor
139,2287,645,4.6,0.27,66,Poor
140,1356,158,4.5,0.24,62,Poor
141,4079,3728,4.3,0.19,69,Average
142,2725,781,3.7,0.1,94,Average
143,1332,274,3.3,0.07,53,Poor
144,759,104,4.0,0.4,26,Poor
145,4794,3549,4.7,0.23,92,Poor
146,4463,1575,4.7,0.4,78,Poor
147,3798,3653,2.8,0.35,35,Poor
148,4829,695,3.6,0.1,4,Average
149,713,111,3.7,0.26,66,Poor
150,2048,1643,4.9,0.22,50,Poor
151,3495,1112,4.2,0.21,88,Poor
152,3793,56,3.5,0.27,31,Poor
153,1545,159,2.6,0.49,20,Poor
154,3354,2934,3.9,0.41,16,Poor
155,3813,2747,2.7,0.45,72,Poor
156,1903,1609,4.6,0.01,25,Average
157,4709,3900,4.4,0.07,21,Average
158,1341,156,3.7,0.04,40,Average
159,3631,2257,3.6,0.13,58,Average
160,3507,1683,4.7,0.22,86,Poor
161,1686,361,3.2,0.32,74,Poor
162,3746,1602,3.1,0.25,9,Poor
163,3049,991,4.8,0.45,86,Poor
164,3202,681,4.5,0.47,4,Poor
165,748,262,4.6,0.08,54,Average
166,2210,1830,3.0,0.43,25,Poor
167,4147,434,2.9,0.24,3,Poor
168,4787,362,2.6,0.23,26,Poor
169,904,701,3.1,0.39,97,Poor
170,3524,3470,4.4,0.05,57,Average
171,1757,1637,3.1,0.44,2,Poor
172,2827,2720,4.3,0.34,49,Poor
173,1783,165,3.1,0.44,95,Poor
174,4981,4438,3.5,0.5,25,Poor
175,3560,2189,5.0,0.26,17,Poor
176,252,106,3.1,0.05,6,Poor
177,3305,2378,3.4,0.08,44,Poor
178,4268,2637,3.3,0.16,12,Poor
179,4546,1535,2.8,0.05,5,Poor
180,816,594,3.7,0.41,34,Poor
181,4439,2887,3.4,0.15,94,Poor
182,2377,1530,4.2,0.49,52,Poor
183,2981,401,4.5,0.35,67,Poor
184,247,43,3.9,0.09,41,Average
185,1980,91,2.6,0.24,3,Poor
186,3632,2588,4.0,0.23,59,Poor
187,658,385,2.6,0.25,44,Poor
188,3322,3000,4.0,0.27,71,Poor
189,1197,1137,4.2,0.02,74,Average
190,4332,2406,3.0,0.34,65,Poor
191,3447,1379,4.5,0.24,81,Poor
192,2561,683,4.8,0.4,81,Poor
193,1844,1535,4.5,0.41,21,Poor
194,709,59,3.3,0.12,11,Poor
195,2861,1402,4.0,0.02,80,Average
196,1419,593,4.8,0.35,50,Poor
197,2036,1297,3.3,0.49,16,Poor
198,196,88,4.6,0.22,35,Poor
199,3269,1920,2.5,0.13,92,Poor
200,2961,2237,2.5,0.08,48,Poor
201,1784,1733,4.4,0.14,15,Average
202,1893,720,4.4,0.16,74,Average
203,538,530,4.5,0.21,43,Poor
204,3026,1303,4.8,0.33,21,Poor
205,2009,603,2.8,0.14,93,Poor
206,2435,1003,3.1,0.03,7,Poor
207,2969,478,4.8,0.19,17,Average
208,4786,2285,2.9,0.43,79,Poor
209,1852,638,4.2,0.25,83,Poor
210,4111,835,3.8,0.48,71,Poor
211,3419,2798,2.7,0.25,93,Poor
212,312,266,3.2,0.14,37,Poor
213,673,392,3.8,0.1,28,Average
214,1066,436,4.6,0.35,76,Poor
215,3693,1074,4.3,0.27,80,Poor
216,2099,387,4.1,0.3,80,Poor
217,3773,2626,3.7,0.38,72,Poor
218,4598,3737,3.2,0.36,1,Poor
219,3158,127,2.8,0.02,58,Poor
220,4140,2651,3.5,0.4,41,Poor
221,2106,858,2.6,0.27,87,Poor
222,3220,437,3.0,0.2,20,Poor
223,1732,1663,3.6,0.27,1,Poor
224,2305,840,3.5,0.31,4,Poor
225,1204,702,2.6,0.07,16,Poor
226,4549,3932,4.0,0.21,23,Poor
227,3241,275,3.9,0.17,7,Average
228,1746,1124,2.7,0.18,29,Poor
229,4041,2847,4.9,0.05,49,Average
230,4773,857,2.7,0.08,21,Poor
231,4732,2982,4.6,0.08,58,Average
232,1698,254,2.5,0.19,23,Poor
233,1495,572,4.7,0.45,25,Poor
234,4249,200,2.5,0.1,60,Poor
235,3973,176,4.4,0.21,7,Poor
236,303,78,3.4,0.16,11,Poor
237,3233,876,4.3,0.39,13,Poor
238,2607,1804,3.5,0.03,29,Poor
239,148,43,2.7,0.1,54,Poor
240,2250,1516,4.4,0.11,98,Average
241,3011,1443,2.7,0.5,60,Poor
242,4483,611,4.8,0.29,61,Poor
243,3827,2201,2.6,0.07,30,Poor
244,2919,440,3.7,0.14,91,Average
245,3284,2280,4.3,0.08,26,Average
246,3841,2967,3.5,0.06,99,Poor
247,1006,501,3.0,0.4,0,Poor
248,4117,367,4.4,0.25,40,Poor
249,210,185,4.5,0.32,13,Poor
250,4543,4463,4.8,0.17,73,Average
251,1350,868,3.4,0.28,49,Poor
252,4961,4513,3.8,0.13,41,Average
253,4037,602,3.4,0.15,70,Poor
254,1577,745,3.1,0.33,39,Poor
255,1268,1264,4.4,0.08,13,Good
256,4546,4423,3.3,0.31,99,Poor
257,4785,3058,3.6,0.43,90,Poor
258,3154,2865,3.5,0.06,10,Poor
259,2785,2533,4.3,0.45,62,Poor
260,4605,4214,4.8,0.04,48,Average
261,1004,261,4.2,0.17,36,Average
262,4615,4273,3.7,0.31,9,Poor
263,3496,2677,4.4,0.28,53,Poor
264,1095,573,4.1,0.05,6,Good
265,1743,670,2.7,0.4,80,Poor
266,3486,2987,2.7,0.49,11,Poor
267,612,246,2.6,0.09,54,Poor
268,2535,2490,3.6,0.45,35,Poor
269,3404,3163,4.6,0.28,6,Poor
270,275,262,3.3,0.47,23,Poor
271,4943,2597,3.5,0.09,33,Poor
272,1009,608,4.8,0.4,64,Poor
273,4598,1088,4.6,0.03,28,Average
274,3117,1515,4.2,0.44,25,Poor
275,865,390,3.2,0.34,73,Poor
276,4804,2756,2.8,0.19,64,Poor
277,4692,1970,2.5,0.1,44,Poor
278,3170,111,2.8,0.41,16,Poor
279,66,41,3.2,0.3,35,Poor
280,1293,191,3.9,0.18,72,Average
281,2255,1647,2.7,0.22,62,Poor
282,2574,1235,2.8,0.41,22,Poor
283,1119,198,3.0,0.17,92,Poor
284,3494,2305,4.1,0.04,65,Average
285,2615,299,4.0,0.46,81,Poor
286,1110,1062,3.9,0.19,91,Average
287,2377,1638,3.1,0.17,41,Poor
288,3470,2807,3.4,0.1,70,Poor
289,351,284,2.7,0.45,74,Poor
290,4326,3203,3.1,0.11,70,Poor
291,656,240,4.7,0.32,42,Poor
292,3220,2987,4.9,0.44,87,Poor
293,749,323,4.1,0.02,54,Average
294,1189,457,4.8,0.41,55,Poor
295,240,189,4.1,0.21,78,Poor
296,2350,2081,2.6,0.33,30,Poor
297,1030,762,5.0,0.19,82,Average
298,3025,688,2.7,0.35,55,Poor
299,1234,519,4.2,0.13,73,Average
300,3377,1434,3.1,0.01,47,Poor
301,3444,1592,3.5,0.47,51,Poor
302,177,72,4.1,0.01,71,Average
303,2115,549,3.6,0.41,0,Poor
304,1866,511,3.1,0.08,1,Poor
305,619,569,3.3,0.2,92,Poor
306,1945,1742,3.4,0.41,41,Poor
307,2783,1239,4.9,0.1,73,Average
308,3913,774,4.5,0.43,8,Poor
309,4771,2367,3.6,0.25,30,Poor
310,4064,834,3.0,0.18,95,Poor
311,2951,2614,4.5,0.33,1,Poor
312,1736,746,2.9,0.17,23,Poor
313,3059,750,3.0,0.17,42,Poor
314,204,79,3.4,0.37,69,Poor
315,2587,1351,4.7,0.15,71,Average
316,1459,1295,2.8,0.1,88,Poor
317,4107,3099,2.8,0.4,42,Poor
318,834,787,3.7,0.4,50,Poor
319,3225,894,3.2,0.25,88,Poor
320,4391,3299,3.9,0.26,45,Poor
321,2856,2198,3.6,0.35,74,Poor
322,587,45,3.6,0.25,98,Poor
323,1891,1666,2.8,0.21,0,Poor
324,2505,1497,2.9,0.5,86,Poor
325,574,205,4.6,0.07,66,Average
326,3000,503,4.7,0.3,0,Poor
327,4181,2747,3.1,0.44,62,Poor
328,4830,1094,2.8,0.34,75,Poor
329,4165,1934,2.6,0.44,61,Poor
330,2418,2072,4.0,0.17,60,Average
331,3897,608,4.3,0.14,39,Average
332,4545,3251,3.4,0.43,94,Poor
333,2751,2275,4.2,0.2,28,Poor
334,1021,276,4.3,0.35,34,Poor
335,1216,30,4.8,0.07,91,Average
336,4979,2075,2.7,0.38,84,Poor
337,2824,2099,3.0,0.27,10,Poor
338,2032,2027,2.7,0.13,89,Poor
339,903,559,4.7,0.25,10,Poor
340,4196,3072,4.5,0.35,62,Poor
341,3786,406,3.9,0.01,68,Average
342,3819,1271,2.7,0.32,55,Poor
343,624,494,3.2,0.27,6,Poor
344,3311,226,3.2,0.11,50,Poor
345,1198,576,3.9,0.38,94,Poor
346,1765,1660,3.1,0.15,38,Poor
347,4827,1744,2.7,0.14,41,Poor
348,4983,2804,4.3,0.24,71,Poor
349,3904,961,3.2,0.34,52,Poor
350,2541,1185,3.6,0.46,90,Poor
351,2710,2243,2.8,0.07,20,Poor
352,3174,1697,4.5,0.2,29,Poor
353,3101,468,3.9,0.03,77,Average
354,54,35,4.8,0.38,0,Poor
355,4919,101,3.7,0.22,23,Poor
356,926,154,4.9,0.35,5,Poor
357,1041,738,4.7,0.16,5,Average
358,4192,1426,3.9,0.42,68,Poor
359,4414,1500,4.8,0.27,61,Poor
360,4515,1099,3.3,0.47,34,Poor
361,685,546,3.4,0.04,78,Poor
362,1743,716,2.6,0.26,34,Poor
363,1732,438,4.0,0.38,47,Poor
364,4802,4203,4.3,0.3,71,Poor
365,169,116,4.4,0.01,42,Average
366,880,675,2.9,0.49,34,Poor
367,3725,3099,3.6,0.15,4,Average
368,1419,234,2.9,0.12,30,Poor
369,790,704,4.2,0.24,30,Poor
370,166,59,2.9,0.27,7,Poor
371,2888,1540,4.8,0.38,5,Poor
372,1200,522,3.1,0.2,86,Poor
373,1981,1825,3.2,0.22,52,Poor
374,1062,718,4.6,0.27,79,Poor
375,1714,264,3.6,0.2,43,Poor
376,1131,328,2.6,0.46,48,Poor
377,4779,250,3.7,0.43,7,Poor
378,562,402,2.7,0.23,63,Poor
379,2899,174,5.0,0.0,3,Excellent
380,609,194,4.0,0.45,31,Poor
381,3722,2915,3.1,0.06,52,Poor
382,4633,134,3.9,0.12,66,Average
383,3393,1433,2.7,0.08,62,Poor
384,4120,1012,4.5,0.09,79,Average
385,4849,2367,4.8,0.4,59,Poor
386,1520,1061,4.7,0.29,97,Poor
387,630,31,3.4,0.48,76,Poor
388,2344,1447,3.3,0.12,32,Poor
389,3197,2299,2.6,0.24,21,Poor
390,4299,3696,4.1,0.49,30,Poor
391,1729,749,3.8,0.41,23,Poor
392,3556,1321,3.6,0.36,2,Poor
393,2794,1396,4.8,0.09,32,Average
394,3406,3085,2.9,0.38,93,Poor
395,4095,2056,2.5,0.17,25,Poor
396,1293,1018,2.7,0.27,97,Poor
397,3168,2370,3.1,0.3,50,Poor
398,2191,560,2.6,0.3,85,Poor
399,3109,2537,3.8,0.36,29,Poor
400,4598,2880,3.3,0.33,34,Poor
401,3009,96,3.0,0.03,24,Poor
402,2315,43,4.4,0.23,27,Poor
403,2529,1058,3.0,0.33,96,Poor
404,4696,695,4.2,0.15,86,Average
405,1685,544,3.4,0.16,25,Poor
406,1807,366,3.8,0.06,72,Average
407,4502,4287,4.8,0.21,7,Poor
408,2120,1912,2.6,0.49,96,Poor
409,2899,2779,3.8,0.14,14,Average
410,3301,508,4.6,0.27,48,Poor
411,3780,1505,4.0,0.37,7,Poor
412,2539,2445,3.2,0.01,54,Poor
413,1681,1631,3.5,0.45,84,Poor
414,2866,2439,4.2,0.19,57,Average
415,1065,1019,4.7,0.43,2,Poor
416,1398,996,2.6,0.02,8,Poor
417,4661,3515,2.7,0.07,13,Poor
418,3137,776,3.3,0.16,90,Poor
419,2889,2544,3.1,0.17,19,Poor
420,385,174,3.2,0.42,3,Poor
421,4642,276,3.1,0.01,23,Poor
422,945,775,3.0,0.32,90,Poor
423,3596,693,2.8,0.07,75,Poor
424,901,87,4.8,0.41,27,Poor
425,1737,363,2.9,0.39,98,Poor
426,1981,1320,3.0,0.25,87,Poor
427,3796,692,3.1,0.11,30,Poor
428,2477,2458,4.8,0.32,66,Poor
429,1618,1492,4.4,0.08,93,Average
430,4050,278,4.5,0.1,63,Average
431,2788,326,2.8,0.31,90,Poor
432,3548,1138,4.6,0.5,16,Poor
433,3963,3017,3.5,0.45,5,Poor
434,1116,989,3.2,0.3,81,Poor
435,4430,4361,3.9,0.27,59,Poor
436,2494,1678,4.6,0.5,98,Poor
437,4157,206,4.4,0.27,90,Poor
438,3423,1817,4.7,0.21,80,Poor
439,4019,944,4.8,0.45,10,Poor
440,2596,804,3.1,0.12,37,Poor
441,803,392,3.6,0.05,33,Average
442,2132,1615,2.5,0.32,46,Poor
443,2824,2475,4.7,0.05,31,Average
444,2946,1380,2.9,0.19,56,Poor
445,4235,360,4.7,0.21,45,Poor
446,825,582,3.3,0.27,34,Poor
447,1675,1221,3.4,0.5,91,Poor
448,3119,670,2.6,0.11,21,Poor
449,467,459,3.3,0.19,15,Poor
450,164,90,4.7,0.07,75,Average
451,666,189,2.6,0.3,4,Poor
452,4024,3130,3.5,0.36,89,Poor
453,3317,88,2.6,0.24,25,Poor
454,875,255,3.4,0.12,76,Poor
455,1566,400,2.9,0.31,23,Poor
456,3196,2124,3.1,0.27,66,Poor
457,462,296,4.7,0.09,31,Average
458,778,118,3.6,0.2,22,Poor
459,3398,935,3.2,0.22,48,Poor
460,2858,2392,4.0,0.49,61,Poor
461,725,480,2.9,0.42,76,Poor
462,3515,2246,3.1,0.37,78,Poor
463,2554,863,3.9,0.44,65,Poor
464,3017,593,3.1,0.37,10,Poor
465,2836,138,4.2,0.45,79,Poor
466,1172,568,3.7,0.03,17,Average
467,4129,1498,4.4,0.23,97,Poor
468,1621,45,4.9,0.37,9,Poor
469,2193,1533,2.8,0.29,76,Poor
470,1737,1051,3.3,0.09,95,Poor
471,4182,988,3.3,0.17,59,Poor
472,3901,2030,2.9,0.16,7,Poor
473,3490,1559,4.5,0.13,70,Average
474,3816,2600,4.4,0.17,47,Average
475,2376,2216,3.7,0.26,80,Poor
476,2964,1531,3.8,0.43,40,Poor
477,4002,1068,2.6,0.37,90,Poor
478,645,574,3.9,0.42,7,Poor
479,778,444,4.5,0.44,92,Poor
480,1415,312,3.9,0.21,36,Poor
481,4542,2621,3.2,0.17,90,Poor
482,748,450,4.2,0.03,36,Average
483,445,111,3.4,0.47,63,Poor
484,4221,1608,3.9,0.03,58,Average
485,4410,615,3.7,0.37,87,Poor
486,2552,2143,3.5,0.19,44,Poor
487,1869,884,4.3,0.47,15,Poor
488,767,728,4.7,0.21,25,Poor
489,2832,2553,2.5,0.41,30,Poor
490,4996,3889,4.8,0.14,26,Average
491,3627,3179,3.8,0.15,89,Average
492,193,26,4.3,0.3,42,Poor
493,3190,2617,4.6,0.5,14,Poor
494,4541,995,3.7,0.26,57,Poor
495,2988,1095,4.6,0.47,48,Poor
496,3686,3009,2.9,0.39,78,Poor
497,3272,2986,2.9,0.4,86,Poor
498,1217,1186,4.1,0.22,24,Poor
499,2666,2048,4.7,0.19,67,Average
500,1112,382,4.7,0.1,35,Average
501,2206,253,4.1,0.48,79,Poor
502,3032,2642,3.8,0.48,46,Poor
503,3344,1751,3.3,0.37,58,Poor
504,4779,46,5.0,0.15,84,Average
505,1206,112,3.3,0.12,51,Poor
506,782,636,4.4,0.49,39,Poor
507,4380,328,3.8,0.03,42,Average
508,4896,71,4.0,0.42,55,Poor
509,1003,338,3.5,0.18,80,Poor
510,2589,2012,4.9,0.21,2,Poor
511,3374,200,3.9,0.42,70,Poor
512,3351,1612,4.8,0.05,11,Good
513,1592,1163,2.5,0.18,64,Poor
514,1241,894,3.9,0.48,42,Poor
515,3043,666,4.3,0.35,69,Poor
516,2731,1981,4.4,0.38,45,Poor
517,1267,216,4.8,0.38,59,Poor
518,1590,664,2.5,0.03,60,Poor
519,3286,3038,2.5,0.1,48,Poor
520,2436,2322,3.7,0.25,86,Poor
521,3769,2044,2.6,0.18,24,Poor
522,1438,751,4.9,0.21,88,Poor
523,1906,355,3.1,0.39,2,Poor
524,1415,1009,3.7,0.01,67,Average
525,549,274,2.7,0.33,62,Poor
526,1730,533,3.8,0.0,29,Average
527,560,261,3.4,0.03,96,Poor
528,4362,1753,2.6,0.2,92,Poor
529,1374,1342,3.3,0.42,3,Poor
530,1205,776,3.5,0.07,77,Poor
531,1877,639,5.0,0.28,84,Poor
532,3191,2520,3.0,0.34,70,Poor
533,3536,3484,3.9,0.11,20,Average
534,1860,231,5.0,0.26,70,Poor
535,2973,687,4.5,0.46,0,Poor
536,2264,613,5.0,0.26,59,Poor
537,4236,2679,4.9,0.08,33,Average
538,763,275,3.7,0.31,86,Poor
539,3652,1522,4.2,0.3,2,Poor
540,4184,2130,2.8,0.01,17,Poor
541,3572,1354,3.6,0.05,42,Average
542,4318,426,4.5,0.08,75,Average
543,4798,2869,3.8,0.07,77,Average
544,4899,3196,4.3,0.13,40,Average
545,1293,34,4.4,0.23,91,Poor
546,3759,1730,3.1,0.19,23,Poor
547,1131,278,4.7,0.45,23,Poor
548,505,230,3.6,0.31,2,Poor
549,4974,1302,3.0,0.44,58,Poor
550,944,633,4.7,0.26,57,Poor
551,1434,1303,3.5,0.04,72,Poor
552,2008,1899,4.4,0.23,23,Poor
553,3122,1714,3.9,0.41,65,Poor
554,2046,1088,3.5,0.1,39,Poor
555,4335,1998,4.5,0.05,91,Average
556,554,350,4.0,0.16,70,Average
557,1264,184,3.5,0.19,8,Poor
558,1581,1236,2.8,0.15,59,Poor
559,3490,1564,4.7,0.07,38,Average
560,873,420,2.6,0.13,32,Poor
561,978,393,4.7,0.34,33,Poor
562,183,84,3.4,0.19,61,Poor
563,2155,406,4.1,0.32,84,Poor
564,3677,1538,4.8,0.27,60,Poor
565,4830,3357,2.9,0.27,92,Poor
566,1902,347,3.9,0.12,26,Average
567,4960,1260,4.4,0.26,16,Poor
568,4225,339,4.4,0.01,59,Average
569,2983,418,3.8,0.22,41,Poor
570,3334,1934,4.1,0.29,46,Poor
571,4348,4220,4.4,0.09,86,Average
572,2861,715,4.6,0.13,52,Average
573,1300,1036,4.4,0.11,20,Average
574,3562,349,3.4,0.04,7,Poor
575,1306,679,5.0,0.17,72,Average
576,3426,3138,3.6,0.49,96,Poor
577,3536,2666,2.6,0.18,57,Poor
578,3634,840,3.4,0.23,67,Poor
579,1446,660,2.8,0.33,62,Poor
580,3687,1813,2.8,0.32,58,Poor
581,3380,2381,3.2,0.47,81,Poor
582,2753,481,2.6,0.43,95,Poor
583,520,91,4.2,0.4,29,Poor
584,1403,505,2.7,0.48,24,Poor
585,2833,1695,3.0,0.12,96,Poor
586,2881,2477,2.7,0.31,98,Poor
587,407,46,2.7,0.44,55,Poor
588,3069,290,3.2,0.31,33,Poor
589,717,705,3.9,0.49,49,Poor
590,4518,4500,4.9,0.05,1,Good
591,1195,79,4.7,0.22,76,Poor
592,4235,239,4.7,0.49,52,Poor
593,3769,1484,2.9,0.19,40,Poor
594,2795,1926,3.2,0.37,22,Poor
595,589,583,2.7,0.02,60,Poor
596,2829,1615,4.4,0.35,86,Poor
597,4186,2613,2.7,0.47,30,Poor
598,4885,115,3.9,0.19,65,Average
599,3825,1008,3.1,0.01,1,Poor
600,2558,1132,3.1,0.01,68,Poor
601,2829,1965,5.0,0.45,59,Poor
602,974,250,4.4,0.36,77,Poor
603,3006,987,4.6,0.05,22,Average
604,1631,294,3.9,0.03,56,Average
605,3374,265,4.7,0.4,34,Poor
606,4535,2178,4.1,0.4,0,Poor
607,305,253,4.9,0.06,47,Average
608,4854,3369,3.2,0.15,48,Poor
609,1888,1520,4.0,0.39,39,Poor
610,1994,436,4.2,0.26,61,Poor
611,59,57,3.5,0.48,14,Poor
612,2921,1171,4.7,0.24,29,Poor
613,847,256,4.9,0.34,20,Poor
614,1065,822,3.7,0.25,7,Poor
615,1874,638,3.5,0.47,6,Poor
616,4519,3219,3.7,0.2,33,Poor
617,3186,2774,4.6,0.11,63,Average
618,2243,1437,4.1,0.16,41,Average
619,273,238,2.6,0.43,52,Poor
620,4998,674,3.9,0.25,95,Poor
621,4208,2462,2.5,0.18,96,Poor
622,3975,130,4.4,0.27,69,Poor
623,4834,109,3.3,0.07,9,Poor
624,4050,782,3.7,0.0,89,Average
625,1683,1323,4.5,0.14,57,Average
626,2202,1376,2.6,0.3,89,Poor
627,560,243,2.9,0.36,82,Poor
628,434,120,3.5,0.41,98,Poor
629,454,151,3.1,0.46,3,Poor
630,4663,2524,3.3,0.21,88,Poor
631,4621,1484,5.0,0.37,7,Poor
632,2050,117,4.6,0.04,11,Good
633,2806,1163,4.7,0.03,87,Average
634,1718,312,4.8,0.06,87,Average
635,1510,1044,3.4,0.22,80,Poor
636,3686,2639,3.2,0.11,24,Poor
637,2774,2317,3.1,0.14,96,Poor
638,4859,4767,4.6,0.32,26,Poor
639,4228,2216,4.2,0.18,1,Average
640,2098,1926,3.1,0.28,72,Poor
641,4196,1741,3.4,0.21,54,Poor
642,4830,3711,3.8,0.08,57,Average
643,766,63,3.8,0.04,32,Average
644,4594,1836,4.7,0.12,82,Average
645,4633,272,3.5,0.03,48,Poor
646,1873,151,4.8,0.31,4,Poor
647,2131,1927,3.6,0.4,46,Poor
648,3469,1930,4.4,0.17,83,Average
649,1624,493,4.8,0.19,23,Average
650,299,163,4.8,0.41,94,Poor
651,723,128,2.6,0.11,43,Poor
652,4583,1078,3.0,0.06,67,Poor
653,2215,1945,3.7,0.25,95,Poor
654,820,294,3.6,0.32,98,Poor
655,4012,206,4.1,0.3,13,Poor
656,4413,968,4.9,0.36,35,Poor
657,2034,262,2.8,0.03,50,Poor
658,1127,283,3.6,0.21,5,Poor
659,285,29,3.0,0.12,16,Poor
660,438,185,4.7,0.38,81,Poor
661,3087,1584,4.9,0.44,71,Poor
662,4908,4898,3.7,0.14,50,Average
663,1898,1130,2.8,0.05,51,Poor
664,4769,4650,4.5,0.13,11,Average
665,2864,229,4.2,0.05,80,Average
666,3424,2113,3.4,0.16,94,Poor
667,3328,1583,4.7,0.27,0,Poor
668,1302,45,4.9,0.49,10,Poor
669,4031,3357,3.9,0.2,15,Poor
670,4723,194,3.9,0.11,91,Average
671,2172,1559,3.2,0.08,8,Poor
672,4580,1354,4.0,0.09,7,Average
673,2200,341,3.6,0.1,24,Average
674,4909,4170,3.3,0.38,73,Poor
675,1379,1199,2.7,0.03,39,Poor
676,1408,687,3.1,0.5,66,Poor
677,2532,2214,3.0,0.26,22,Poor
678,4592,2087,3.9,0.27,61,Poor
679,2067,1312,4.0,0.18,22,Average
680,1381,352,4.0,0.35,43,Poor
681,4394,3011,3.5,0.24,55,Poor
682,4311,930,3.6,0.16,67,Average
683,1408,420,4.6,0.13,22,Average
684,4687,969,3.7,0.46,8,Poor
685,4904,2095,5.0,0.15,3,Average
686,3227,2534,3.6,0.22,33,Poor
687,2178,1930,4.1,0.18,81,Average
688,2230,120,2.6,0.04,33,Poor
689,4942,4666,4.1,0.09,97,Average
690,187,53,4.6,0.09,41,Average
691,3522,2420,4.9,0.35,2,Poor
692,2882,1725,5.0,0.2,82,Poor
693,3629,2363,3.2,0.39,33,Poor
694,3081,372,3.9,0.35,89,Poor
695,4214,2975,3.6,0.1,98,Average
696,2643,1038,3.9,0.28,94,Poor
697,4350,1199,2.9,0.37,42,Poor
698,3868,1117,4.6,0.32,90,Poor
699,4188,3556,4.8,0.3,66,Poor
700,3873,3181,3.6,0.37,36,Poor
701,4092,3670,3.2,0.03,11,Poor
702,1956,474,2.9,0.37,86,Poor
703,810,767,4.2,0.14,80,Average
704,3495,2779,3.3,0.29,15,Poor
705,949,351,4.8,0.12,61,Average
706,4505,996,4.2,0.42,16,Poor
707,2997,1391,4.1,0.24,14,Poor
708,1769,252,3.9,0.32,25,Poor
709,330,285,2.6,0.4,44,Poor
710,3316,3091,4.8,0.45,1,Poor
711,1937,121,4.1,0.37,16,Poor
712,3316,972,5.0,0.07,64,Average
713,716,500,3.8,0.43,93,Poor
714,4238,127,4.3,0.31,95,Poor
715,721,184,2.6,0.3,29,Poor
716,2019,992,4.1,0.46,67,Poor
717,4206,1646,4.4,0.12,43,Average
718,3172,723,4.4,0.12,95,Average
719,4749,894,4.4,0.26,59,Poor
720,4827,3829,3.1,0.38,98,Poor
721,3950,2431,4.9,0.22,0,Poor
722,573,79,5.0,0.32,18,Poor
723,2443,1293,2.7,0.23,32,Poor
724,3167,579,4.8,0.31,82,Poor
725,2643,136,3.2,0.41,35,Poor
726,2018,1782,4.2,0.09,90,Average
727,1803,893,3.3,0.35,76,Poor
728,2346,987,4.9,0.39,90,Poor
729,2311,1588,2.8,0.22,77,Poor
730,2336,63,3.7,0.16,23,Average
731,4252,528,3.6,0.01,98,Average
732,2928,2031,3.3,0.4,82,Poor
733,4193,3459,4.1,0.16,24,Average
734,3694,1335,2.8,0.18,10,Poor
735,4482,936,4.3,0.17,8,Average
736,2105,818,5.0,0.25,5,Poor
737,4770,1780,4.5,0.35,57,Poor
738,1326,305,4.7,0.39,99,Poor
739,2816,2751,3.4,0.2,28,Poor
740,352,31,3.3,0.33,72,Poor
741,688,140,3.8,0.36,96,Poor
742,105,68,2.6,0.15,86,Poor
743,4871,3755,4.9,0.05,78,Average
744,575,207,2.9,0.45,10,Poor
745,4619,926,4.8,0.34,22,Poor
746,4173,4128,2.7,0.32,25,Poor
747,2175,622,4.6,0.03,0,Excellent
748,3337,219,2.9,0.41,93,Poor
749,414,93,2.6,0.28,80,Poor
750,4671,1811,4.3,0.42,46,Poor
751,1696,1499,3.2,0.49,40,Poor
752,968,467,4.3,0.48,22,Poor
753,2847,1831,3.9,0.43,99,Poor
754,1581,860,2.8,0.01,4,Poor
755,3395,3162,4.8,0.44,98,Poor
756,1956,609,3.6,0.04,49,Average
757,3136,1173,4.3,0.43,8,Poor
758,4630,2110,3.8,0.14,3,Average
759,2125,539,4.0,0.31,70,Poor
760,763,32,3.3,0.02,64,Poor
761,1112,744,3.0,0.39,79,Poor
762,2026,642,3.9,0.06,56,Average
763,1346,1007,3.6,0.21,24,Poor
764,175,54,3.5,0.41,57,Poor
765,4682,2602,4.2,0.35,5,Poor
766,3646,2369,4.2,0.0,13,Good
767,3333,546,2.6,0.2,62,Poor
768,1653,1616,3.3,0.02,74,Poor
769,116,95,3.5,0.34,64,Poor
770,282,86,2.7,0.48,51,Poor
771,2206,1557,3.1,0.33,64,Poor
772,1219,1215,2.6,0.11,99,Poor
773,2208,2020,5.0,0.18,7,Average
774,4256,2351,4.3,0.49,95,Poor
775,1543,494,2.7,0.11,96,Poor
776,4768,3705,2.6,0.28,7,Poor
777,4057,651,4.3,0.2,13,Poor
778,2522,722,3.6,0.38,23,Poor
779,2710,2476,4.5,0.43,63,Poor
780,2789,1001,4.8,0.17,92,Average
781,1811,1347,4.0,0.33,24,Poor
782,3564,1978,3.0,0.27,5,Poor
783,2025,578,4.5,0.14,0,Average
784,2412,241,4.9,0.14,86,Average
785,926,552,4.0,0.27,32,Poor
786,3862,2225,4.2,0.08,13,Good
787,3498,367,3.3,0.41,62,Poor
788,1362,1202,3.5,0.03,55,Poor
789,1510,908,4.3,0.05,61,Average
790,2759,941,4.8,0.17,27,Average
791,2374,1278,4.1,0.06,28,Average
792,1783,681,4.5,0.24,22,Poor
793,1655,424,2.9,0.2,43,Poor
794,2613,1300,3.0,0.36,37,Poor
795,3471,696,3.8,0.48,48,Poor
796,3567,608,2.9,0.38,42,Poor
797,2447,1640,4.1,0.09,9,Good
798,3785,2625,3.2,0.47,26,Poor
799,2920,2546,4.5,0.2,7,Poor
800,1210,506,4.5,0.24,67,Poor
801,4904,1614,3.7,0.21,84,Poor
802,292,73,3.0,0.14,84,Poor
803,2640,2591,4.1,0.45,29,Poor
804,1113,723,5.0,0.17,12,Average
805,4374,2888,4.1,0.29,57,Poor
806,2645,877,2.6,0.12,2,Poor
807,969,280,2.5,0.4,83,Poor
808,55,28,3.3,0.39,99,Poor
809,517,193,3.0,0.15,4,Poor
810,4220,1265,4.5,0.34,21,Poor
811,53,45,4.6,0.35,57,Poor
812,695,584,3.1,0.28,65,Poor
813,167,128,3.3,0.3,88,Poor
814,2978,560,3.1,0.29,39,Poor
815,2601,1062,4.8,0.04,87,Average
816,4339,834,3.8,0.34,4,Poor
817,896,411,4.1,0.23,15,Poor
818,2812,1672,3.5,0.22,14,Poor
819,1191,637,4.1,0.43,76,Poor
820,1860,438,3.5,0.01,74,Poor
821,773,328,3.3,0.13,79,Poor
822,274,246,4.1,0.06,17,Good
823,4677,883,4.0,0.02,88,Average
824,4258,205,3.2,0.14,46,Poor
825,4704,4376,2.9,0.49,3,Poor
826,2098,1571,3.4,0.14,52,Poor
827,4799,2227,3.5,0.33,57,Poor
828,4465,781,4.1,0.06,84,Average
829,1623,243,4.8,0.3,74,Poor
830,1878,1299,2.6,0.49,57,Poor
831,1967,199,3.1,0.15,58,Poor
832,4284,3714,3.0,0.42,33,Poor
833,2076,1556,3.8,0.5,29,Poor
834,3794,2125,3.6,0.29,53,Poor
835,951,112,4.3,0.15,67,Average
836,4835,2790,3.1,0.34,77,Poor
837,2089,1983,4.0,0.42,74,Poor
838,59,59,4.7,0.09,67,Average
839,310,281,4.8,0.23,25,Poor
840,1723,1407,4.9,0.16,2,Average
841,2269,634,4.4,0.14,56,Average
842,2110,581,4.8,0.43,36,Poor
843,3763,2441,3.1,0.21,37,Poor
844,1669,641,3.0,0.17,40,Poor
845,370,107,2.5,0.3,3,Poor
846,1392,1063,4.3,0.11,25,Average
847,2426,1033,4.8,0.11,38,Average
848,2882,2081,3.0,0.26,41,Poor
849,2874,2200,4.1,0.2,10,Poor
850,2044,1980,4.4,0.15,10,Average
851,3008,1077,4.8,0.03,53,Average
852,2088,611,4.1,0.26,37,Poor
853,3540,602,4.9,0.41,19,Poor
854,3727,3246,3.4,0.43,25,Poor
855,1168,1121,3.4,0.12,75,Poor
856,1654,1215,3.9,0.3,92,Poor
857,4077,308,3.5,0.43,13,Poor
858,285,52,2.5,0.2,49,Poor
859,2019,1855,4.3,0.47,24,Poor
860,4479,3879,4.4,0.45,54,Poor
861,1958,1032,4.4,0.1,50,Average
862,425,386,3.4,0.13,89,Poor
863,3580,1463,3.8,0.09,9,Average
864,2685,26,3.4,0.1,13,Poor
865,1620,1203,2.5,0.45,4,Poor
866,2610,259,3.9,0.47,56,Poor
867,3441,2006,2.8,0.03,21,Poor
868,3015,1466,2.7,0.3,74,Poor
869,3693,2603,4.4,0.28,28,Poor
870,3900,1769,2.5,0.2,6,Poor
871,922,89,4.9,0.32,17,Poor
872,1302,235,3.8,0.47,30,Poor
873,1364,1147,5.0,0.09,42,Average
874,4870,1097,2.6,0.06,83,Poor
875,2948,2873,4.0,0.02,34,Average
876,127,93,3.4,0.18,70,Poor
877,2671,867,4.6,0.17,93,Average
878,4277,2896,3.4,0.22,3,Poor
879,650,217,3.2,0.25,50,Poor
880,1115,915,4.6,0.38,93,Poor
881,2186,715,3.4,0.2,29,Poor
882,2499,46,2.5,0.17,93,Poor
883,2393,2385,3.5,0.41,52,Poor
884,1913,1317,4.1,0.42,81,Poor
885,1368,384,3.1,0.12,73,Poor
886,4761,3194,3.6,0.16,13,Average
887,3647,979,2.6,0.41,35,Poor
888,3812,1546,4.0,0.04,86,Average
889,4720,392,4.4,0.16,11,Average
890,2240,1969,3.5,0.22,75,Poor
891,1042,264,3.6,0.09,33,Average
892,2762,1860,2.7,0.09,25,Poor
893,2242,1696,3.0,0.21,5,Poor
894,1298,497,2.9,0.38,52,Poor
895,3104,144,3.7,0.42,14,Poor
896,4648,2773,3.8,0.49,18,Poor
897,4083,1939,4.9,0.04,46,Average
898,2047,1655,2.7,0.11,86,Poor
899,4966,1445,4.0,0.38,99,Poor
900,3737,1560,3.8,0.27,76,Poor
901,2201,550,3.8,0.16,94,Average
902,4068,3773,4.7,0.1,60,Average
903,3160,2853,3.0,0.14,89,Poor
904,2020,273,2.6,0.21,51,Poor
905,247,140,4.2,0.09,17,Good
906,2676,680,3.4,0.48,59,Poor
907,1252,1080,2.5,0.05,46,Poor
908,2085,1385,3.1,0.49,56,Poor
909,527,32,3.3,0.42,32,Poor
910,1304,1226,4.0,0.21,31,Poor
911,972,676,2.9,0.37,3,Poor
912,469,284,3.5,0.34,40,Poor
913,2254,2155,3.7,0.11,18,Average
914,2647,2113,3.6,0.17,6,Average
915,1170,1162,4.9,0.26,98,Poor
916,3118,3000,2.6,0.32,25,Poor
917,1000,550,4.9,0.27,86,Poor
918,2386,1775,4.0,0.24,97,Poor
919,2293,1985,4.5,0.22,50,Poor
920,2695,764,3.6,0.25,55,Poor
921,1907,1649,3.6,0.22,70,Poor
922,4662,782,4.7,0.27,74,Poor
923,1915,781,4.7,0.44,50,Poor
924,2962,813,3.1,0.32,7,Poor
925,2903,763,3.0,0.36,12,Poor
926,4960,3977,3.7,0.3,31,Poor
927,3278,1551,4.8,0.32,33,Poor
928,3769,577,3.3,0.29,17,Poor
929,3278,2014,4.1,0.01,78,Average
930,2421,545,4.3,0.5,54,Poor
931,2941,2664,4.4,0.02,42,Average
932,3806,859,3.9,0.2,23,Poor
933,4275,22,3.5,0.05,20,Poor
934,144,47,4.9,0.05,17,Good
935,2724,1424,4.0,0.4,13,Poor
936,2005,176,4.3,0.21,52,Poor
937,843,530,3.4,0.4,18,Poor
938,1884,1376,4.2,0.14,76,Average
939,2166,706,3.1,0.13,56,Poor
940,4156,1157,3.1,0.13,63,Poor
941,3375,1432,4.3,0.31,79,Poor
942,2969,1530,3.8,0.41,1,Poor
943,2647,590,4.2,0.23,56,Poor
944,3255,734,3.2,0.19,33,Poor
945,4857,2306,4.0,0.49,48,Poor
946,864,253,3.6,0.06,89,Average
947,395,322,4.0,0.24,53,Poor
948,2399,1010,3.2,0.2,21,Poor
949,412,160,4.3,0.05,83,Average
950,2493,353,4.5,0.13,92,Average
951,2315,2180,3.1,0.01,81,Poor
952,2238,1664,3.3,0.44,92,Poor
953,3055,381,4.2,0.3,43,Poor
954,3331,1900,4.2,0.41,90,Poor
955,1034,820,4.3,0.26,34,Poor
956,1689,116,4.2,0.3,28,Poor
957,877,866,3.5,0.35,5,Poor
958,2780,2083,3.5,0.45,36,Poor
959,3581,2623,3.1,0.05,88,Poor
960,4501,1997,2.9,0.17,84,Poor
961,2985,395,4.2,0.35,57,Poor
962,3926,761,2.7,0.48,63,Poor
963,176,153,4.8,0.49,30,Poor
964,3227,2687,4.6,0.32,49,Poor
965,3106,1260,4.6,0.1,79,Average
966,653,418,4.8,0.06,59,Average
967,3499,3351,3.5,0.47,13,Poor
968,4196,2387,4.6,0.22,69,Poor
969,3583,2263,2.9,0.1,10,Poor
970,3417,437,2.6,0.47,26,Poor
971,3418,626,4.5,0.05,68,Average
972,3847,587,2.7,0.36,78,Poor
973,1842,563,5.0,0.31,37,Poor
974,2911,2298,4.2,0.04,61,Average
975,3526,903,4.4,0.17,52,Average
976,3467,2588,3.1,0.07,79,Poor
977,1695,722,4.2,0.3,17,Poor
978,1255,1243,2.6,0.24,96,Poor
979,3080,2913,4.6,0.0,98,Average
980,2922,2740,2.9,0.49,51,Poor
981,3122,1642,4.2,0.17,23,Average
982,1904,40,3.1,0.13,98,Poor
983,4071,3402,2.7,0.11,6,Poor
984,4712,3729,3.7,0.08,13,Average
985,2758,1806,2.9,0.5,49,Poor
986,3552,1639,4.3,0.15,93,Average
987,1382,390,3.1,0.2,23,Poor
988,251,67,3.4,0.44,78,Poor
989,3557,1934,3.9,0.32,12,Poor
990,4262,97,3.2,0.18,18,Poor
991,624,561,3.4,0.45,28,Poor
992,586,304,4.5,0.37,21,Poor
993,1675,667,2.9,0.11,1,Poor
994,2172,572,2.7,0.32,76,Poor
995,435,301,3.3,0.46,35,Poor
996,3331,1301,3.6,0.25,37,Poor
997,524,330,3.9,0.37,17,Poor
998,467,379,3.4,0.49,50,Poor
999,3650,2507,4.5,0.35,14,Poor
1000,1004,289,2.6,0.05,98,Poor
1001,4908,2813,3.6,0.12,51,Average
1002,1255,123,3.5,0.3,16,Poor
1003,4809,2796,4.1,0.14,76,Average
1004,4170,1616,4.9,0.48,21,Poor
1005,2040,499,3.8,0.2,53,Poor
1006,4855,3332,5.0,0.23,51,Poor
1007,3622,2080,3.3,0.35,84,Poor
1008,4430,3238,2.6,0.26,89,Poor
1009,4208,1983,2.9,0.19,45,Poor
1010,4807,2162,3.5,0.04,3,Poor
1011,2763,2360,3.3,0.3,6,Poor
1012,2253,2092,2.7,0.43,9,Poor
1013,3170,1315,3.6,0.34,14,Poor
1014,1016,524,3.3,0.19,25,Poor
1015,4994,958,2.8,0.06,79,Poor
1016,3482,781,3.2,0.41,39,Poor
1017,738,106,4.7,0.47,97,Poor
1018,4293,1689,3.3,0.19,60,Poor
1019,3751,3052,4.3,0.36,80,Poor
1020,391,298,4.0,0.21,15,Poor
1021,1774,657,3.6,0.25,97,Poor
1022,4472,3919,3.1,0.42,92,Poor
1023,1842,510,3.4,0.04,17,Poor
1024,1809,1184,4.0,0.27,74,Poor
1025,3262,1146,3.4,0.11,75,Poor
1026,1039,245,3.0,0.17,1,Poor
1027,2312,1945,2.8,0.32,53,Poor
1028,2532,594,4.7,0.01,17,Good
1029,1001,313,3.6,0.3,53,Poor
1030,772,325,4.1,0.14,37,Average
1031,3439,1297,3.7,0.33,96,Poor
1032,2129,1223,4.7,0.07,72,Average
1033,2767,59,3.9,0.37,14,Poor
1034,2382,539,3.7,0.32,63,Poor
1035,3426,1659,4.8,0.49,91,Poor
1036,4574,2303,4.3,0.46,7,Poor
1037,1550,482,2.8,0.14,45,Poor
1038,335,247,2.9,0.01,99,Poor
1039,3545,1868,4.5,0.33,38,Poor
1040,2115,502,4.6,0.3,51,Poor
1041,818,449,3.9,0.01,7,Average
1042,3107,362,3.9,0.06,49,Average
1043,4339,1482,4.1,0.29,49,Poor
1044,2211,1222,3.6,0.46,82,Poor
1045,3343,1641,4.2,0.45,67,Poor
1046,996,152,2.8,0.08,26,Poor
1047,4976,2418,4.9,0.19,76,Average
1048,3385,2573,4.4,0.02,37,Average
1049,4200,3555,4.1,0.23,20,Poor
1050,4945,2897,3.3,0.38,89,Poor
1051,4923,2410,2.9,0.39,44,Poor
1052,1531,1323,3.5,0.25,57,Poor
1053,1951,885,4.2,0.05,22,Average
1054,3501,3354,4.1,0.19,53,Average
1055,4114,1209,3.5,0.47,29,Poor
1056,104,56,4.0,0.11,94,Average
1057,1873,1552,4.5,0.16,94,Average
1058,3512,1623,2.6,0.37,15,Poor
1059,3129,1213,3.6,0.37,51,Poor
1060,882,617,4.4,0.46,40,Poor
1061,4458,664,3.9,0.19,70,Average
1062,2856,467,4.1,0.26,80,Poor
1063,2540,783,3.8,0.23,23,Poor
1064,377,34,5.0,0.46,19,Poor
1065,3360,754,2.6,0.38,26,Poor
1066,3350,3292,3.7,0.42,1,Poor
1067,3725,1662,2.7,0.07,59,Poor
1068,3104,2317,2.9,0.4,50,Poor
1069,2193,620,3.5,0.22,0,Poor
1070,1361,144,2.9,0.01,97,Poor
1071,3241,2180,4.9,0.03,90,Average
1072,2588,1000,4.9,0.34,5,Poor
1073,4033,3228,3.3,0.19,37,Poor
1074,4597,3769,4.1,0.43,53,Poor
1075,214,169,3.8,0.37,59,Poor
1076,4327,2942,4.5,0.01,26,Average
1077,872,362,4.1,0.34,79,Poor
1078,993,964,2.5,0.1,61,Poor
1079,4475,599,4.4,0.21,62,Poor
1080,824,752,4.4,0.31,98,Poor
1081,2248,802,3.8,0.44,90,Poor
1082,3206,2388,4.8,0.23,34,Poor
1083,4292,3952,4.8,0.4,57,Poor
1084,3745,551,3.8,0.39,60,Poor
1085,3502,3380,4.0,0.21,35,Poor
1086,964,508,5.0,0.25,91,Poor
1087,1358,511,3.2,0.35,55,Poor
1088,4227,1120,3.3,0.02,66,Poor
1089,563,411,3.0,0.45,56,Poor
1090,1970,1455,4.7,0.38,40,Poor
1091,3644,2240,4.4,0.12,30,Average
1092,4891,236,2.8,0.49,2,Poor
1093,1459,395,5.0,0.09,37,Average
1094,4852,1629,4.3,0.46,52,Poor
1095,4616,4126,4.6,0.16,51,Average
1096,3240,3103,2.6,0.38,23,Poor
1097,4541,2959,3.8,0.23,25,Poor
1098,1605,454,4.2,0.37,91,Poor
1099,854,703,3.9,0.08,72,Average
1100,1329,837,4.2,0.13,36,Average
1101,3627,3464,4.5,0.05,90,Average
1102,2951,1316,3.4,0.43,47,Poor
1103,1437,950,4.6,0.15,66,Average
1104,4738,4016,2.9,0.35,40,Poor
1105,2811,710,3.2,0.41,48,Poor
1106,2729,1619,2.6,0.45,27,Poor
1107,2156,1552,3.4,0.05,31,Poor
1108,4273,1175,3.4,0.45,98,Poor
1109,4881,2386,4.5,0.1,70,Average
1110,2818,1992,4.1,0.37,70,Poor
1111,4003,1896,3.6,0.36,84,Poor
1112,3236,2688,4.1,0.0,31,Average
1113,3330,804,2.6,0.11,37,Poor
1114,2623,416,3.0,0.25,19,Poor
1115,4666,1101,4.1,0.21,7,Poor
1116,2649,1523,4.1,0.46,67,Poor
1117,4083,4024,4.4,0.18,25,Average
1118,286,98,3.5,0.47,78,Poor
1119,1354,479,4.3,0.23,69,Poor
1120,3480,2128,4.2,0.48,47,Poor
1121,1351,388,4.9,0.37,95,Poor
1122,2591,565,3.0,0.41,68,Poor
1123,2101,516,3.9,0.05,45,Average
1124,491,39,4.0,0.29,57,Poor
1125,2126,1112,5.0,0.07,69,Average
1126,3230,2228,3.0,0.15,66,Poor
1127,2707,1657,3.8,0.31,28,Poor
1128,3848,737,3.4,0.36,82,Poor
1129,854,164,3.8,0.02,9,Average
1130,124,76,3.1,0.27,70,Poor
1131,2225,1428,2.6,0.28,64,Poor
1132,3974,288,3.9,0.04,64,Average
1133,2139,1966,3.3,0.25,16,Poor
1134,90,89,3.0,0.36,21,Poor
1135,2131,1561,3.3,0.03,99,Poor
1136,4733,2417,2.6,0.38,13,Poor
1137,1672,129,4.9,0.29,5,Poor
1138,391,157,4.0,0.42,29,Poor
1139,4102,2118,4.5,0.11,46,Average
1140,2124,1519,3.6,0.42,96,Poor
1141,695,106,4.8,0.05,19,Good
1142,4876,615,3.7,0.2,15,Poor
1143,4313,998,3.9,0.1,67,Average
1144,659,61,3.7,0.44,33,Poor
1145,504,238,4.3,0.35,0,Poor
1146,3003,76,3.9,0.01,76,Average
1147,1758,757,3.2,0.0,47,Poor
1148,3522,2263,2.9,0.15,7,Poor
1149,3019,1803,4.0,0.07,21,Average
1150,3078,1721,3.7,0.32,67,Poor
1151,4847,1306,2.7,0.33,33,Poor
1152,2731,131,3.5,0.47,59,Poor
1153,3679,2832,3.8,0.48,44,Poor
1154,4275,1221,4.6,0.33,36,Poor
1155,3117,967,2.7,0.0,22,Poor
1156,1436,45,3.4,0.18,83,Poor
1157,3826,2477,4.6,0.26,23,Poor
1158,2916,777,4.1,0.25,90,Poor
1159,4838,3408,3.2,0.3,12,Poor
1160,3413,1575,4.6,0.48,68,Poor
1161,4939,1861,3.7,0.44,79,Poor
1162,4174,3555,3.7,0.05,59,Average
1163,198,100,4.9,0.13,37,Average
1164,3900,681,4.9,0.42,47,Poor
1165,2108,928,3.4,0.41,92,Poor
1166,1186,415,2.9,0.14,25,Poor
1167,236,29,3.3,0.37,85,Poor
1168,2904,1876,2.6,0.34,87,Poor
1169,1300,945,2.6,0.24,76,Poor
1170,1383,283,3.5,0.1,84,Poor
1171,4243,809,4.9,0.44,0,Poor
1172,4200,191,4.7,0.34,3,Poor
1173,2761,284,3.8,0.08,66,Average
1174,4903,2006,3.9,0.35,86,Poor
1175,4551,1905,2.5,0.37,79,Poor
1176,1835,495,3.0,0.44,12,Poor
1177,800,375,2.6,0.11,38,Poor
1178,1812,1069,4.4,0.49,30,Poor
1179,3970,53,2.9,0.08,23,Poor
1180,4510,2331,4.7,0.3,78,Poor
1181,531,157,4.1,0.33,4,Poor
1182,203,67,3.1,0.21,48,Poor
1183,1574,894,2.9,0.24,85,Poor
1184,2170,773,4.1,0.45,85,Poor
1185,2393,585,4.8,0.32,10,Poor
1186,1290,481,4.3,0.25,23,Poor
1187,110,59,3.4,0.06,44,Poor
1188,988,650,4.0,0.0,73,Average
1189,1689,674,3.3,0.06,33,Poor
1190,4170,100,5.0,0.48,10,Poor
1191,4276,2824,4.4,0.38,56,Poor
1192,3619,1957,4.0,0.48,28,Poor
1193,1302,889,3.6,0.02,21,Average
1194,4253,826,4.0,0.34,32,Poor
1195,221,162,3.4,0.02,71,Poor
1196,1508,1096,2.6,0.39,48,Poor
1197,3599,3051,3.5,0.19,95,Poor
1198,4247,723,4.8,0.05,22,Average
1199,2372,2083,4.1,0.28,68,Poor
1200,1686,1403,2.7,0.14,94,Poor
1201,3165,506,4.7,0.33,28,Poor
1202,4140,3929,3.2,0.33,5,Poor
1203,3054,725,3.1,0.35,51,Poor
1204,379,160,3.2,0.5,88,Poor
1205,3690,639,3.9,0.19,88,Average
1206,3944,3906,3.9,0.23,94,Poor
1207,4157,3086,3.7,0.4,13,Poor
1208,1391,796,4.3,0.29,16,Poor
1209,3713,466,3.3,0.02,79,Poor
1210,265,53,4.5,0.42,27,Poor
1211,388,228,2.9,0.03,8,Poor
1212,4112,1518,4.5,0.09,65,Average
1213,2758,2480,4.2,0.05,3,Good
1214,3202,2744,4.2,0.04,19,Good
1215,1800,1470,3.7,0.01,40,Average
1216,2471,1897,4.2,0.03,35,Average
1217,759,390,2.7,0.22,5,Poor
1218,3776,2731,4.6,0.13,64,Average
1219,3692,2357,2.6,0.06,49,Poor
1220,4043,3523,2.9,0.33,63,Poor
1221,538,287,3.9,0.11,2,Average
1222,96,42,4.3,0.01,36,Average
1223,3409,1762,2.7,0.21,2,Poor
1224,4923,1420,4.8,0.16,32,Average
1225,4856,2675,4.9,0.16,58,Average
1226,450,448,4.0,0.22,14,Poor
1227,4040,2437,3.7,0.33,55,Poor
1228,3207,724,4.4,0.31,60,Poor
1229,4395,845,3.3,0.47,67,Poor
1230,440,408,3.7,0.26,78,Poor
1231,3903,396,4.8,0.24,70,Poor
1232,4480,992,4.9,0.11,67,Average
1233,678,137,4.8,0.38,61,Poor
1234,4282,3096,3.2,0.07,66,Poor
1235,2980,463,3.1,0.25,22,Poor
1236,1571,1395,3.2,0.21,13,Poor
1237,876,774,3.6,0.33,5,Poor
1238,4872,3624,3.3,0.46,32,Poor
1239,1550,659,3.4,0.47,8,Poor
1240,3344,2191,4.1,0.08,11,Good
1241,2469,1320,4.4,0.13,98,Average
1242,984,841,4.3,0.41,94,Poor
1243,3092,2731,4.5,0.26,50,Poor
1244,4547,2427,2.6,0.23,2,Poor
1245,1516,642,2.6,0.36,55,Poor
1246,3611,1512,4.5,0.3,45,Poor
1247,664,647,3.8,0.49,35,Poor
1248,1232,1100,3.9,0.29,12,Poor
1249,3273,1939,2.6,0.23,12,Poor
1250,2717,938,3.1,0.27,57,Poor
1251,180,169,4.1,0.4,97,Poor
1252,3033,2519,4.6,0.31,84,Poor
1253,4328,4235,4.8,0.32,33,Poor
1254,4509,601,3.8,0.49,42,Poor
1255,88,47,3.9,0.31,27,Poor
1256,4009,3442,4.6,0.19,55,Average
1257,3637,2166,3.8,0.35,46,Poor
1258,970,186,3.8,0.33,34,Poor
1259,2819,1706,4.8,0.01,77,Average
1260,4161,3929,4.5,0.23,81,Poor
1261,542,533,4.8,0.37,18,Poor
1262,1181,683,3.0,0.25,82,Poor
1263,3571,420,3.8,0.39,96,Poor
1264,360,84,4.6,0.23,50,Poor
1265,788,345,2.8,0.49,98,Poor
1266,3291,2648,4.5,0.15,19,Average
1267,595,266,3.0,0.05,28,Poor
1268,2511,2501,4.5,0.22,71,Poor
1269,4396,3359,4.0,0.27,88,Poor
1270,4904,3030,3.0,0.17,80,Poor
1271,1854,643,3.7,0.12,64,Average
1272,3262,2388,4.2,0.34,37,Poor
1273,3860,1859,4.1,0.19,48,Average
1274,863,81,3.6,0.32,93,Poor
1275,4174,3711,4.7,0.39,27,Poor
1276,2082,272,3.8,0.38,32,Poor
1277,4622,1412,3.8,0.19,12,Average
1278,4463,3770,2.7,0.28,87,Poor
1279,294,179,4.8,0.22,43,Poor
1280,4893,3028,2.9,0.44,85,Poor
1281,4842,4320,3.8,0.44,51,Poor
1282,321,286,4.5,0.17,76,Average
1283,3561,1181,3.0,0.05,75,Poor
1284,1821,1411,3.8,0.08,40,Average
1285,1312,877,3.1,0.18,48,Poor
1286,2474,779,4.4,0.28,6,Poor
1287,4411,2788,3.9,0.33,35,Poor
1288,970,36,4.6,0.17,92,Average
1289,3480,2135,4.7,0.33,92,Poor
1290,4485,4248,4.1,0.47,25,Poor
1291,4534,1743,4.3,0.33,26,Poor
1292,2674,449,3.9,0.08,23,Average
1293,3810,2375,3.5,0.29,94,Poor
1294,2100,1217,4.1,0.27,70,Poor
1295,3550,2479,4.8,0.44,80,Poor
1296,1215,116,3.5,0.18,32,Poor
1297,425,190,3.3,0.21,97,Poor
1298,2083,1197,3.5,0.3,17,Poor
1299,195,67,3.6,0.26,4,Poor
1300,4438,1328,2.7,0.36,0,Poor
1301,481,46,3.7,0.02,70,Average
1302,754,421,3.7,0.28,97,Poor
1303,2682,1403,4.0,0.06,2,Average
1304,4544,2269,3.4,0.16,35,Poor
1305,1013,781,4.0,0.33,34,Poor
1306,2284,600,4.7,0.08,50,Average
1307,2091,552,4.9,0.15,11,Average
1308,1878,1195,4.0,0.35,14,Poor
1309,2158,1145,2.6,0.33,3,Poor
1310,4118,918,4.9,0.05,55,Average
1311,988,626,4.3,0.29,96,Poor
1312,4855,1489,3.3,0.07,15,Poor
1313,856,248,2.9,0.13,92,Poor
1314,1513,1168,2.9,0.23,5,Poor
1315,3465,789,2.9,0.05,62,Poor
1316,60,21,2.6,0.5,22,Poor
1317,1918,1018,4.8,0.08,76,Average
1318,4917,2229,3.9,0.39,43,Poor
1319,934,573,4.2,0.41,0,Poor
1320,3614,2855,4.6,0.5,56,Poor
1321,1439,1396,4.5,0.21,75,Poor
1322,3451,1111,4.7,0.44,26,Poor
1323,4371,1216,4.9,0.48,24,Poor
1324,874,862,3.6,0.09,85,Average
1325,2315,1680,4.9,0.24,61,Poor
1326,986,701,4.3,0.03,97,Average
1327,2850,578,2.7,0.31,17,Poor
1328,2603,280,4.2,0.29,79,Poor
1329,3895,2284,4.2,0.1,92,Average
1330,1846,1167,4.8,0.4,29,Poor
1331,103,56,3.4,0.02,29,Poor
1332,776,181,4.0,0.4,83,Poor
1333,2786,2268,2.5,0.01,46,Poor
1334,3220,2469,3.3,0.33,21,Poor
1335,1963,1505,2.7,0.04,41,Poor
1336,1646,294,3.8,0.13,33,Average
1337,1964,225,4.5,0.36,62,Poor
1338,2516,1743,3.0,0.14,3,Poor
1339,2787,886,3.8,0.26,30,Poor
1340,899,112,3.0,0.46,50,Poor
1341,2159,1085,2.8,0.02,49,Poor
1342,52,36,3.8,0.41,13,Poor
1343,4305,3198,2.7,0.03,7,Poor
1344,4119,1371,4.0,0.06,68,Average
1345,4926,384,2.6,0.06,7,Poor
1346,942,840,2.8,0.5,10,Poor
1347,2080,1527,3.9,0.09,28,Average
1348,3210,2049,4.0,0.45,54,Poor
1349,2426,1944,2.6,0.5,84,Poor
1350,4725,3115,3.9,0.19,38,Average
1351,1983,559,4.6,0.32,12,Poor
1352,1430,1105,4.3,0.39,63,Poor
1353,3731,2558,2.8,0.2,48,Poor
1354,1340,1316,4.0,0.08,18,Average
1355,1690,248,4.2,0.22,66,Poor
1356,2732,1063,2.6,0.39,97,Poor
1357,1037,22,4.6,0.39,82,Poor
1358,1268,930,4.8,0.12,95,Average
1359,1405,326,4.6,0.09,99,Average
1360,4315,4251,4.6,0.46,51,Poor
1361,4666,4035,4.4,0.02,77,Average
1362,4185,1458,4.1,0.37,70,Poor
1363,1610,892,4.2,0.02,19,Good
1364,1468,1161,4.5,0.42,95,Poor
1365,1004,685,4.2,0.45,53,Poor
1366,1033,228,3.3,0.15,94,Poor
1367,1024,971,3.4,0.04,85,Poor
1368,4183,1077,4.7,0.24,4,Poor
1369,4022,668,2.5,0.15,94,Poor
1370,963,337,4.2,0.21,78,Poor
1371,4599,4028,4.9,0.33,61,Poor
1372,86,20,4.3,0.1,16,Average
1373,3437,3180,5.0,0.18,52,Average
1374,1761,531,4.2,0.39,36,Poor
1375,3070,2114,2.6,0.32,18,Poor
1376,845,791,4.6,0.16,9,Average
1377,4086,759,3.2,0.33,43,Poor
1378,4738,4050,3.6,0.38,97,Poor
1379,3161,541,3.3,0.3,48,Poor
1380,1374,1327,3.2,0.12,88,Poor
1381,367,145,3.6,0.0,36,Average
1382,2446,2201,3.4,0.4,57,Poor
1383,2212,267,4.1,0.41,91,Poor
1384,2795,1361,4.5,0.35,14,Poor
1385,1641,455,3.2,0.04,19,Poor
1386,3161,1878,3.0,0.29,54,Poor
1387,3980,705,4.2,0.41,12,Poor
1388,2046,2036,4.2,0.19,19,Average
1389,1362,605,4.8,0.1,42,Average
1390,1335,370,2.5,0.29,94,Poor
1391,4361,162,4.6,0.41,81,Poor
1392,2433,986,3.8,0.02,40,Average
1393,3289,2871,4.1,0.3,47,Poor
1394,2189,737,2.7,0.32,55,Poor
1395,1754,662,3.6,0.3,91,Poor
1396,412,388,3.1,0.33,67,Poor
1397,2654,2568,3.1,0.32,87,Poor
1398,1766,1665,3.8,0.07,43,Average
1399,4501,389,4.5,0.12,72,Average
1400,4336,3670,4.4,0.31,46,Poor
1401,3788,3473,4.0,0.01,49,Average
1402,2519,1129,3.8,0.32,31,Poor
1403,4845,806,3.6,0.33,95,Poor
1404,606,479,4.9,0.12,53,Average
1405,875,344,3.9,0.3,38,Poor
1406,2858,541,3.1,0.27,84,Poor
1407,4571,2963,3.1,0.13,57,Poor
1408,2769,374,4.0,0.23,60,Poor
1409,3558,966,3.8,0.45,90,Poor
1410,3791,2355,2.5,0.21,99,Poor
1411,1624,1502,4.6,0.31,71,Poor
1412,4048,1667,4.3,0.02,82,Average
1413,2179,555,4.2,0.04,92,Average
1414,2453,1334,2.7,0.04,18,Poor
1415,3379,2918,3.4,0.39,68,Poor
1416,638,187,4.8,0.18,21,Average
1417,2062,969,4.7,0.11,34,Average
1418,1597,640,3.2,0.37,9,Poor
1419,344,209,2.9,0.08,14,Poor
1420,2035,509,3.6,0.12,1,Average
1421,3167,2422,3.4,0.22,21,Poor
1422,1740,215,4.2,0.17,98,Average
1423,1186,564,4.9,0.29,82,Poor
1424,2114,843,3.4,0.17,11,Poor
1425,4505,3785,2.7,0.2,97,Poor
1426,4845,678,4.7,0.43,61,Poor
1427,4593,2847,2.6,0.44,44,Poor
1428,4820,2078,4.9,0.41,57,Poor
1429,1057,415,4.2,0.43,19,Poor
1430,2564,750,4.9,0.28,50,Poor
1431,3576,1852,3.0,0.32,6,Poor
1432,4731,428,2.6,0.28,23,Poor
1433,1297,381,3.7,0.39,66,Poor
1434,3952,3350,3.6,0.28,69,Poor
1435,1485,1046,3.3,0.06,96,Poor
1436,621,103,4.9,0.4,52,Poor
1437,2432,2223,4.6,0.38,33,Poor
1438,1295,1219,4.2,0.41,32,Poor
1439,2134,726,2.9,0.1,92,Poor
1440,327,126,4.3,0.14,22,Average
1441,1937,1467,4.3,0.15,57,Average
1442,4629,153,3.6,0.25,67,Poor
1443,1315,807,4.8,0.07,68,Average
1444,4876,686,2.9,0.19,97,Poor
1445,1090,296,3.2,0.09,79,Poor
1446,967,255,2.7,0.13,39,Poor
1447,935,771,4.5,0.35,46,Poor
1448,2802,901,4.1,0.43,42,Poor
1449,71,32,3.3,0.01,60,Poor
1450,4619,2102,2.9,0.28,41,Poor
1451,3241,2626,2.6,0.02,61,Poor
1452,2403,1257,2.9,0.04,66,Poor
1453,4849,2472,3.6,0.35,54,Poor
1454,736,513,3.1,0.37,48,Poor
1455,334,165,3.1,0.41,48,Poor
1456,4861,178,4.7,0.24,77,Poor
1457,3797,3023,3.8,0.43,32,Poor
1458,812,656,4.3,0.08,27,Average
1459,2478,1153,2.6,0.12,56,Poor
1460,2557,1871,3.4,0.07,40,Poor
1461,78,42,3.7,0.4,78,Poor
1462,956,498,3.0,0.11,3,Poor
1463,3154,130,2.8,0.08,19,Poor
1464,4049,3727,4.7,0.31,88,Poor
1465,3044,2498,4.8,0.04,34,Average
1466,2556,561,2.7,0.02,52,Poor
1467,4715,1158,3.4,0.05,38,Poor
1468,3659,3181,4.9,0.0,52,Average
1469,3603,3303,2.7,0.35,85,Poor
1470,1503,379,4.1,0.28,98,Poor
1471,4883,3577,4.9,0.1,91,Average
1472,3406,2439,4.9,0.12,9,Average
1473,565,234,3.7,0.41,79,Poor
1474,88,34,2.9,0.25,86,Poor
1475,3392,974,3.0,0.35,82,Poor
1476,936,278,4.7,0.23,64,Poor
1477,2894,2845,4.8,0.12,0,Average
1478,2254,2187,4.0,0.49,52,Poor
1479,1148,995,4.4,0.28,45,Poor
1480,1873,932,4.3,0.07,25,Average
1481,3251,1171,4.2,0.2,97,Poor
1482,3205,742,4.6,0.16,1,Average
1483,3143,2590,4.2,0.11,27,Average
1484,3580,1731,3.8,0.47,83,Poor
1485,3828,3736,3.1,0.44,26,Poor
1486,2946,344,4.4,0.1,27,Average
1487,3503,3411,3.7,0.18,30,Average
1488,3561,1549,3.2,0.38,46,Poor
1489,1038,545,4.5,0.1,6,Average
1490,4166,1965,4.2,0.3,71,Poor
1491,4076,1627,4.8,0.35,95,Poor
1492,4229,2450,2.9,0.33,74,Poor
1493,1732,35,4.1,0.35,47,Poor
1494,4715,3530,3.1,0.35,25,Poor
1495,4013,865,4.8,0.48,54,Poor
1496,983,888,2.7,0.17,88,Poor
1497,3648,587,4.1,0.44,6,Poor
1498,3283,2199,4.5,0.01,83,Average
1499,2030,1603,3.4,0.14,56,Poor
1500,1905,1291,4.9,0.02,57,Average
1501,3106,2340,4.6,0.33,93,Poor
1502,842,642,3.2,0.05,0,Poor
1503,841,368,2.5,0.42,81,Poor
1504,1859,503,3.2,0.32,71,Poor
1505,2305,376,3.2,0.01,28,Poor
1506,3660,3409,4.7,0.36,21,Poor
1507,1657,1091,4.9,0.43,95,Poor
1508,1034,29,2.7,0.33,39,Poor
1509,3726,2300,3.7,0.02,61,Average
1510,3430,55,3.9,0.43,13,Poor
1511,569,432,2.7,0.37,1,Poor
1512,640,481,3.4,0.19,34,Poor
1513,1100,1047,3.3,0.16,70,Poor
1514,3683,2111,3.8,0.24,66,Poor
1515,4494,2807,4.2,0.43,78,Poor
1516,1009,133,4.3,0.13,97,Average
1517,742,416,2.8,0.05,21,Poor
1518,3949,1217,4.5,0.43,17,Poor
1519,4523,1298,4.2,0.01,45,Average
1520,2996,485,4.7,0.46,81,Poor
1521,576,296,3.6,0.15,62,Average
1522,3274,1507,4.7,0.25,97,Poor
1523,2303,866,4.7,0.07,35,Average
1524,3394,521,3.6,0.45,45,Poor
1525,4015,460,3.5,0.37,36,Poor
1526,1925,88,4.8,0.46,17,Poor
1527,1813,1552,4.3,0.34,42,Poor
1528,570,345,4.8,0.09,28,Average
1529,1066,86,4.5,0.15,75,Average
1530,166,67,4.0,0.24,17,Poor
1531,2483,991,2.8,0.3,94,Poor
1532,633,503,3.2,0.46,14,Poor
1533,444,436,4.9,0.19,58,Average
1534,3838,3639,3.3,0.35,93,Poor
1535,2818,1460,2.7,0.48,99,Poor
1536,4217,168,4.3,0.08,27,Average
1537,3910,3118,4.3,0.43,52,Poor
1538,323,91,3.2,0.21,14,Poor
1539,2063,267,3.2,0.37,42,Poor
1540,4483,115,3.7,0.15,32,Average
1541,1439,1427,2.6,0.17,1,Poor
1542,3616,301,4.5,0.01,58,Average
1543,4752,2389,3.3,0.49,7,Poor
1544,215,159,4.6,0.41,32,Poor
1545,1617,1321,4.5,0.05,34,Average
1546,778,548,4.2,0.5,17,Poor
1547,2093,1662,3.3,0.3,89,Poor
1548,4247,1683,3.8,0.43,20,Poor
1549,3546,3384,3.6,0.03,63,Average
1550,828,313,3.3,0.19,27,Poor
1551,263,115,4.6,0.33,83,Poor
1552,3812,2462,3.7,0.05,44,Average
1553,1626,532,4.6,0.24,19,Poor
1554,2498,829,2.8,0.22,3,Poor
1555,2986,712,2.9,0.11,35,Poor
1556,3167,254,4.9,0.15,97,Average
1557,641,356,4.0,0.48,76,Poor
1558,2770,1051,3.8,0.14,94,Average
1559,763,462,3.8,0.11,51,Average
1560,985,960,3.0,0.27,38,Poor
1561,4387,558,4.3,0.34,70,Poor
1562,51,39,2.7,0.36,80,Poor
1563,2898,1701,3.9,0.38,11,Poor
1564,4094,3182,3.9,0.02,54,Average
1565,1999,1897,4.8,0.2,93,Poor
1566,967,291,3.8,0.39,47,Poor
1567,3224,1048,2.8,0.45,97,Poor
1568,2291,1942,3.9,0.3,85,Poor
1569,139,110,2.7,0.03,84,Poor
1570,1759,1161,3.0,0.2,8,Poor
1571,2219,612,2.6,0.04,11,Poor
1572,4288,1625,3.8,0.37,80,Poor
1573,3091,134,2.7,0.03,79,Poor
1574,155,26,3.7,0.09,68,Average
1575,936,325,4.8,0.21,82,Poor
1576,477,161,4.3,0.23,56,Poor
1577,1945,1465,2.7,0.2,27,Poor
1578,366,226,3.1,0.23,16,Poor
1579,684,642,4.2,0.36,21,Poor
1580,1975,322,4.7,0.18,34,Average
1581,2106,131,2.6,0.27,58,Poor
1582,3194,1460,4.5,0.15,78,Average
1583,2320,1902,3.9,0.18,18,Average
1584,1489,1328,3.9,0.31,49,Poor
1585,602,204,4.9,0.25,25,Poor
1586,765,760,4.4,0.36,59,Poor
1587,3961,920,4.6,0.28,43,Poor
1588,1763,240,3.4,0.4,55,Poor
1589,3439,1487,3.9,0.22,98,Poor
1590,1157,1113,4.0,0.25,42,Poor
1591,4256,2965,3.3,0.33,22,Poor
1592,300,89,3.9,0.11,73,Average
1593,2480,2032,3.1,0.19,21,Poor
1594,2104,620,2.9,0.31,46,Poor
1595,508,156,3.4,0.01,54,Poor
1596,257,150,4.3,0.22,10,Poor
1597,949,237,4.8,0.3,54,Poor
1598,3511,2755,3.6,0.48,25,Poor
1599,3435,2238,4.1,0.44,0,Poor
1600,71,46,2.8,0.14,99,Poor
1601,459,119,4.8,0.25,61,Poor
1602,944,148,3.9,0.03,20,Average
1603,564,76,4.5,0.12,7,Average
1604,4954,1224,4.5,0.39,19,Poor
1605,4159,163,3.1,0.06,44,Poor
1606,2184,387,3.8,0.13,80,Average
1607,3645,1502,4.9,0.47,78,Poor
1608,3006,2285,2.7,0.41,84,Poor
1609,1610,635,4.2,0.39,64,Poor
1610,1316,1300,4.9,0.43,59,Poor
1611,2219,1901,3.3,0.37,66,Poor
1612,3688,3247,4.7,0.06,94,Average
1613,799,584,4.8,0.26,55,Poor
1614,3477,2509,4.4,0.22,30,Poor
1615,4830,3023,3.1,0.16,84,Poor
1616,1977,718,3.3,0.42,86,Poor
1617,3854,895,2.6,0.23,80,Poor
1618,3752,1705,4.6,0.03,21,Average
1619,2406,964,4.6,0.14,61,Average
1620,4840,3901,4.1,0.11,55,Average
1621,2385,942,3.4,0.44,85,Poor
1622,356,230,2.7,0.32,99,Poor
1623,3715,44,4.4,0.28,71,Poor
1624,2039,825,4.3,0.25,7,Poor
1625,711,683,4.8,0.33,61,Poor
1626,4694,1579,4.3,0.38,77,Poor
1627,361,271,4.6,0.28,23,Poor
1628,2970,1103,4.4,0.47,21,Poor
1629,1132,453,4.1,0.49,14,Poor
1630,3021,2946,3.6,0.5,83,Poor
1631,804,85,4.8,0.33,90,Poor
1632,4180,2977,4.1,0.47,27,Poor
1633,4590,2632,3.5,0.2,21,Poor
1634,402,125,2.7,0.43,30,Poor
1635,952,115,3.2,0.45,72,Poor
1636,3938,3779,3.9,0.45,61,Poor
1637,208,58,3.2,0.42,86,Poor
1638,2027,187,3.1,0.2,68,Poor
1639,1006,61,3.8,0.08,38,Average
1640,2121,1922,2.9,0.17,80,Poor
1641,453,123,4.5,0.38,39,Poor
1642,4661,2587,3.7,0.12,68,Average
1643,2829,2018,3.9,0.24,54,Poor
1644,1437,301,2.9,0.28,70,Poor
1645,3503,3134,3.3,0.3,63,Poor
1646,1005,966,3.5,0.47,7,Poor
1647,1762,1153,4.5,0.33,70,Poor
1648,4753,2030,4.4,0.39,85,Poor
1649,1323,1253,3.1,0.29,43,Poor
1650,3861,768,4.0,0.42,37,Poor
1651,2675,1911,3.1,0.13,20,Poor
1652,2432,850,5.0,0.1,3,Average
1653,1491,68,4.9,0.46,31,Poor
1654,3029,134,3.9,0.35,54,Poor
1655,1847,1198,4.2,0.34,92,Poor
1656,4440,3053,4.5,0.23,59,Poor
1657,4059,90,4.3,0.19,58,Average
1658,4900,86,4.2,0.28,93,Poor
1659,1444,986,4.9,0.06,66,Average
1660,4331,2248,4.0,0.23,4,Poor
1661,1319,632,4.1,0.23,82,Poor
1662,4782,1906,4.6,0.27,71,Poor
1663,3764,1642,4.2,0.32,36,Poor
1664,579,267,4.3,0.48,94,Poor
1665,3673,1257,3.1,0.33,26,Poor
1666,3008,2426,3.4,0.44,12,Poor
1667,2964,268,2.9,0.28,5,Poor
1668,4939,657,3.8,0.31,64,Poor
1669,3641,969,3.6,0.03,29,Average
1670,2197,1924,5.0,0.07,74,Average
1671,4623,3607,4.0,0.29,51,Poor
1672,3419,1131,4.5,0.2,40,Poor
1673,989,682,3.3,0.4,94,Poor
1674,575,195,4.6,0.27,79,Poor
1675,51,38,4.0,0.44,14,Poor
1676,424,278,4.2,0.49,4,Poor
1677,2390,790,3.2,0.07,14,Poor
1678,4055,1967,3.9,0.2,0,Poor
1679,3102,722,4.1,0.33,14,Poor
1680,4698,2148,4.0,0.15,99,Average
1681,2415,946,4.8,0.13,59,Average
1682,1575,157,4.7,0.41,47,Poor
1683,4526,3524,4.9,0.49,53,Poor
1684,1696,489,4.2,0.39,54,Poor
1685,63,49,4.9,0.26,71,Poor
1686,4649,1169,4.6,0.22,85,Poor
1687,2328,1960,3.2,0.27,26,Poor
1688,3205,1911,3.6,0.23,97,Poor
1689,179,72,3.1,0.25,29,Poor
1690,3864,1898,2.5,0.1,75,Poor
1691,4983,1273,3.0,0.45,59,Poor
1692,3266,1503,2.5,0.38,65,Poor
1693,2988,1388,4.3,0.34,45,Poor
1694,3978,329,3.6,0.47,51,Poor
1695,2090,1063,3.3,0.14,85,Poor
1696,77,68,4.4,0.04,80,Average
1697,2163,1690,4.6,0.41,34,Poor
1698,1302,288,4.9,0.5,41,Poor
1699,4406,35,4.1,0.29,55,Poor
1700,2096,625,3.7,0.03,44,Average
1701,4605,1401,3.3,0.39,51,Poor
1702,4073,3737,3.1,0.04,22,Poor
1703,4446,3403,3.0,0.27,28,Poor
1704,3424,2010,3.5,0.14,28,Poor
1705,3516,2549,5.0,0.46,56,Poor
1706,3131,914,2.5,0.23,18,Poor
1707,3828,1587,3.0,0.45,80,Poor
1708,679,324,3.0,0.15,7,Poor
1709,319,288,4.3,0.19,49,Average
1710,2689,433,3.4,0.47,6,Poor
1711,2043,44,3.6,0.1,10,Average
1712,2941,2024,2.9,0.29,66,Poor
1713,3482,335,3.5,0.19,65,Poor
1714,1330,590,2.8,0.39,82,Poor
1715,2410,744,3.8,0.06,27,Average
1716,625,295,2.7,0.22,55,Poor
1717,1357,408,4.5,0.35,27,Poor
1718,3242,2789,3.9,0.2,88,Poor
1719,3228,463,4.3,0.03,74,Average
1720,2784,2764,3.5,0.35,39,Poor
1721,2262,990,3.5,0.25,1,Poor
1722,2402,1984,2.7,0.01,75,Poor
1723,3618,2409,3.8,0.31,60,Poor
1724,1705,323,3.8,0.46,75,Poor
1725,1629,783,3.7,0.06,24,Average
1726,2253,1993,4.4,0.3,94,Poor
1727,1440,835,4.6,0.36,53,Poor
1728,1792,131,4.4,0.04,16,Good
1729,1975,897,2.9,0.01,47,Poor
1730,669,25,4.1,0.23,11,Poor
1731,1324,949,2.7,0.4,60,Poor
1732,1006,722,4.2,0.08,93,Average
1733,1989,865,3.5,0.42,1,Poor
1734,4003,963,2.8,0.33,79,Poor
1735,2431,2346,4.7,0.17,64,Average
1736,1018,401,4.0,0.26,51,Poor
1737,1366,32,3.4,0.48,33,Poor
1738,1093,322,2.6,0.11,44,Poor
1739,331,63,3.8,0.25,0,Poor
1740,2894,179,4.8,0.31,99,Poor
1741,1108,173,4.0,0.07,51,Average
1742,4343,3617,4.9,0.02,66,Average
1743,2582,1223,2.8,0.01,97,Poor
1744,3878,2444,3.9,0.16,75,Average
1745,1058,795,4.5,0.04,55,Average
1746,1279,1211,3.8,0.4,57,Poor
1747,1085,35,2.7,0.5,90,Poor
1748,4635,1999,4.0,0.03,49,Average
1749,325,272,4.0,0.22,24,Poor
1750,2790,1452,4.3,0.01,11,Good
1751,2339,2098,4.4,0.07,96,Average
1752,1289,1064,4.4,0.16,72,Average
1753,175,100,4.2,0.2,64,Poor
1754,4115,2356,3.0,0.47,55,Poor
1755,4362,3634,3.5,0.2,49,Poor
1756,3918,517,4.4,0.25,86,Poor
1757,1258,567,4.9,0.12,27,Average
1758,3299,980,2.7,0.0,2,Poor
1759,968,151,3.8,0.45,37,Poor
1760,3973,1367,3.3,0.04,63,Poor
1761,4453,877,3.1,0.48,53,Poor
1762,2019,1175,3.8,0.07,35,Average
1763,2843,2052,4.0,0.3,43,Poor
1764,941,540,2.5,0.5,43,Poor
1765,4520,49,4.5,0.07,68,Average
1766,2083,2071,4.5,0.21,92,Poor
1767,1414,1368,4.9,0.39,52,Poor
1768,178,42,3.0,0.02,12,Poor
1769,1064,35,4.0,0.34,43,Poor
1770,1849,1577,3.6,0.04,3,Average
1771,4662,1627,3.3,0.12,69,Poor
1772,1568,1489,3.9,0.08,50,Average
1773,4231,2036,4.5,0.45,69,Poor
1774,1248,975,2.6,0.09,10,Poor
1775,3923,1273,4.9,0.02,90,Average
1776,2524,1763,4.5,0.29,53,Poor
1777,3535,3480,4.4,0.17,61,Average
1778,4099,3811,4.4,0.2,58,Poor
1779,3769,2330,3.5,0.06,98,Poor
1780,352,70,4.4,0.37,60,Poor
1781,4002,1108,3.5,0.3,39,Poor
1782,4733,1381,4.7,0.18,3,Average
1783,1036,320,2.9,0.09,26,Poor
1784,1913,397,3.2,0.3,15,Poor
1785,4490,495,3.9,0.39,81,Poor
1786,4959,1309,3.3,0.16,6,Poor
1787,3122,348,3.6,0.01,10,Average
1788,3174,1859,3.7,0.11,71,Average
1789,1377,1206,4.6,0.34,63,Poor
1790,2458,457,3.8,0.49,51,Poor
1791,3723,3434,3.4,0.01,5,Poor
1792,3341,1410,3.1,0.15,47,Poor
1793,4083,3556,3.5,0.03,68,Poor
1794,753,218,3.8,0.16,5,Average
1795,624,519,4.4,0.2,60,Poor
1796,3282,2083,2.8,0.46,65,Poor
1797,4833,1864,3.1,0.04,94,Poor
1798,2682,1339,3.4,0.39,95,Poor
1799,3878,887,3.4,0.2,72,Poor
1800,3280,2578,3.5,0.41,78,Poor
1801,538,258,4.5,0.26,84,Poor
1802,1397,600,3.3,0.02,52,Poor
1803,3731,1344,3.8,0.47,27,Poor
1804,3223,2073,4.1,0.04,90,Average
1805,4639,3311,3.1,0.3,4,Poor
1806,1717,1038,4.3,0.44,80,Poor
1807,1687,1496,3.9,0.04,57,Average
1808,4164,3524,3.6,0.28,23,Poor
1809,3603,826,4.5,0.41,30,Poor
1810,1050,638,3.1,0.49,98,Poor
1811,900,314,4.7,0.36,40,Poor
1812,1438,1161,3.9,0.14,67,Average
1813,3762,424,4.0,0.35,83,Poor
1814,1417,1016,4.7,0.35,80,Poor
1815,871,782,4.5,0.35,45,Poor
1816,504,101,4.0,0.43,9,Poor
1817,1674,585,4.4,0.04,36,Average
1818,2822,2819,3.6,0.05,20,Average
1819,3776,31,3.9,0.32,20,Poor
1820,3197,2232,2.7,0.48,79,Poor
1821,4139,1562,2.7,0.23,96,Poor
1822,4856,633,4.6,0.48,9,Poor
1823,2240,2006,2.6,0.47,81,Poor
1824,966,888,2.9,0.45,96,Poor
1825,4036,831,4.5,0.45,92,Poor
1826,2925,1842,2.5,0.45,94,Poor
1827,1490,1120,3.2,0.41,23,Poor
1828,4450,4197,4.0,0.35,11,Poor
1829,785,740,4.0,0.01,19,Average
1830,3618,2276,4.4,0.07,69,Average
1831,3388,541,3.8,0.07,7,Average
1832,3065,1347,3.8,0.01,77,Average
1833,2939,1013,4.3,0.06,4,Good
1834,1011,484,3.7,0.46,53,Poor
1835,3039,1545,4.0,0.33,35,Poor
1836,3898,1489,4.7,0.16,37,Average
1837,1076,647,3.5,0.4,2,Poor
1838,3915,1533,3.5,0.24,35,Poor
1839,2913,800,2.5,0.07,21,Poor
1840,2551,1471,4.0,0.44,7,Poor
1841,1997,578,2.6,0.17,60,Poor
1842,1227,979,3.8,0.35,77,Poor
1843,4810,3144,4.5,0.15,6,Average
1844,61,45,3.9,0.25,67,Poor
1845,4449,1632,3.2,0.41,61,Poor
1846,3414,3295,4.5,0.08,18,Good
1847,3072,575,3.2,0.49,46,Poor
1848,3421,175,4.3,0.04,23,Average
1849,2880,2069,4.0,0.27,79,Poor
1850,92,76,2.9,0.46,5,Poor
1851,993,588,4.8,0.47,7,Poor
1852,2440,1101,3.0,0.12,24,Poor
1853,2595,1223,5.0,0.07,95,Average
1854,2461,512,2.5,0.36,88,Poor
1855,1054,688,3.2,0.02,73,Poor
1856,70,54,3.0,0.24,40,Poor
1857,456,94,2.5,0.4,57,Poor
1858,1064,963,4.3,0.28,80,Poor
1859,4481,3380,4.2,0.09,59,Average
1860,1888,390,4.5,0.24,2,Poor
1861,3238,606,3.1,0.46,8,Poor
1862,764,348,3.6,0.31,51,Poor
1863,4196,1810,4.1,0.36,57,Poor
1864,3904,796,3.6,0.17,59,Average
1865,4469,2042,4.2,0.09,81,Average
1866,4934,4694,4.1,0.13,48,Average
1867,190,183,2.8,0.27,93,Poor
1868,4615,1523,4.5,0.14,4,Average
1869,4932,3311,4.3,0.27,61,Poor
1870,1013,703,4.1,0.35,31,Poor
1871,422,273,2.9,0.37,26,Poor
1872,3685,1765,3.2,0.08,84,Poor
1873,2591,207,3.5,0.38,23,Poor
1874,3660,1234,3.2,0.34,37,Poor
1875,1742,1432,3.1,0.01,66,Poor
1876,155,138,4.5,0.03,15,Good
1877,1731,1129,4.1,0.32,14,Poor
1878,4147,2541,3.9,0.19,24,Average
1879,4066,3709,3.1,0.07,71,Poor
1880,2686,863,4.8,0.02,3,Excellent
1881,2187,550,3.0,0.08,31,Poor
1882,3466,1090,4.5,0.48,44,Poor
1883,4495,3156,4.9,0.36,55,Poor
1884,3580,982,4.3,0.26,34,Poor
1885,1336,494,5.0,0.47,52,Poor
1886,3229,1189,4.1,0.31,29,Poor
1887,3704,3013,3.0,0.36,48,Poor
1888,2409,1425,3.0,0.14,93,Poor
1889,494,85,3.3,0.29,80,Poor
1890,85,24,2.5,0.07,82,Poor
1891,1525,1136,4.2,0.2,51,Poor
1892,4007,1908,3.2,0.02,94,Poor
1893,1848,445,4.5,0.11,80,Average
1894,1895,1511,3.4,0.04,1,Poor
1895,1458,1137,3.7,0.19,58,Average
1896,1758,1661,4.9,0.42,36,Poor
1897,2988,152,3.1,0.19,28,Poor
1898,1350,333,4.3,0.42,29,Poor
1899,1293,610,4.4,0.33,21,Poor
1900,4026,3303,3.1,0.25,74,Poor
1901,3147,1563,3.8,0.12,96,Average
1902,4666,3076,3.4,0.46,18,Poor
1903,59,50,4.4,0.03,66,Average
1904,2475,1905,4.1,0.34,85,Poor
1905,1710,1646,3.7,0.31,17,Poor
1906,2681,767,4.4,0.22,93,Poor
1907,4865,820,3.1,0.12,64,Poor
1908,1122,429,4.4,0.22,83,Poor
1909,3275,1517,4.7,0.44,4,Poor
1910,1366,699,4.7,0.42,75,Poor
1911,4195,3790,4.5,0.47,10,Poor
1912,3733,3362,3.5,0.15,87,Poor
1913,3323,2181,5.0,0.19,57,Average
1914,195,148,3.4,0.01,17,Poor
1915,3090,1566,4.1,0.47,71,Poor
1916,1512,1098,2.9,0.16,92,Poor
1917,4726,703,5.0,0.2,55,Poor
1918,1634,1315,4.3,0.45,21,Poor
1919,532,521,4.4,0.26,55,Poor
1920,3229,1705,2.7,0.28,65,Poor
1921,1299,165,4.4,0.09,22,Average
1922,4818,962,4.4,0.25,15,Poor
1923,680,228,4.2,0.46,43,Poor
1924,711,305,3.2,0.28,71,Poor
1925,3553,1053,3.7,0.13,67,Average
1926,2902,2806,2.8,0.02,13,Poor
1927,2516,2253,3.7,0.17,8,Average
1928,1037,593,3.1,0.29,74,Poor
1929,1596,1507,3.4,0.02,15,Poor
1930,699,153,2.9,0.3,12,Poor
1931,1018,854,3.1,0.26,35,Poor
1932,2687,828,2.7,0.39,43,Poor
1933,1150,190,4.8,0.01,99,Average
1934,490,232,3.8,0.39,80,Poor
1935,819,549,3.5,0.26,13,Poor
1936,1393,46,3.8,0.19,92,Average
1937,4408,1111,4.1,0.48,16,Poor
1938,3779,2857,4.8,0.08,64,Average
1939,3956,427,2.9,0.27,83,Poor
1940,1627,1595,3.2,0.16,96,Poor
1941,4058,1152,4.9,0.26,53,Poor
1942,3401,93,3.4,0.28,1,Poor
1943,4845,699,2.6,0.04,16,Poor
1944,2399,1411,2.9,0.33,22,Poor
1945,3652,2853,2.6,0.32,85,Poor
1946,1291,868,5.0,0.38,0,Poor
1947,1175,889,3.2,0.05,11,Poor
1948,2651,256,4.8,0.15,12,Average
1949,1240,746,5.0,0.33,77,Poor
1950,4181,3457,4.0,0.07,73,Average
1951,4889,3377,2.6,0.34,11,Poor
1952,4498,2897,2.7,0.03,56,Poor
1953,122,29,3.7,0.17,85,Average
1954,1964,395,3.5,0.42,17,Poor
1955,2522,638,4.0,0.39,82,Poor
1956,3096,2720,3.6,0.32,93,Poor
1957,757,95,4.8,0.44,14,Poor
1958,1854,1052,3.8,0.35,38,Poor
1959,3763,2263,4.2,0.26,77,Poor
1960,2614,1333,4.7,0.49,72,Poor
1961,2525,866,2.9,0.35,68,Poor
1962,3660,2885,3.1,0.3,32,Poor
1963,4305,1943,2.8,0.2,47,Poor
1964,2873,2631,2.8,0.45,4,Poor
1965,1785,653,3.8,0.15,87,Average
1966,1635,698,3.3,0.0,7,Poor
1967,116,27,3.6,0.1,18,Average
1968,3111,1412,5.0,0.05,51,Average
1969,2478,1088,2.9,0.16,11,Poor
1970,4203,3466,3.9,0.41,71,Poor
1971,391,126,2.7,0.33,7,Poor
1972,2824,1236,3.3,0.08,54,Poor
1973,2867,868,3.8,0.39,83,Poor
1974,2711,1400,4.9,0.25,92,Poor
1975,1282,81,3.5,0.26,33,Poor
1976,3924,1105,2.7,0.18,81,Poor
1977,2451,1837,3.5,0.43,64,Poor
1978,1544,652,2.9,0.16,74,Poor
1979,4261,2618,3.1,0.05,46,Poor
1980,711,399,4.0,0.15,34,Average
1981,3933,1320,2.7,0.36,31,Poor
1982,3669,2673,3.7,0.33,50,Poor
1983,1918,1474,4.0,0.09,79,Average
1984,2384,1158,3.6,0.06,5,Average
1985,3424,1731,2.5,0.33,8,Poor
1986,1066,544,5.0,0.34,39,Poor
1987,4456,2230,3.4,0.18,85,Poor
1988,257,38,4.4,0.42,47,Poor
1989,2715,1380,3.3,0.49,71,Poor
1990,2543,2446,3.7,0.1,95,Average
1991,682,343,3.5,0.29,25,Poor
1992,2152,192,3.4,0.0,81,Poor
1993,3009,1019,2.6,0.36,36,Poor
1994,3133,1830,3.4,0.21,51,Poor
1995,4802,83,4.7,0.1,11,Average
1996,1981,1144,4.2,0.38,37,Poor
1997,3769,1365,2.9,0.41,97,Poor
1998,2612,994,4.0,0.06,67,Average
1999,1729,85,4.7,0.02,15,Good
2000,286,64,4.3,0.17,60,Average
2001,4493,1642,2.9,0.31,23,Poor
2002,4775,477,4.7,0.4,77,Poor
2003,1590,472,3.3,0.27,16,Poor
2004,3993,3350,3.6,0.29,94,Poor
2005,413,224,3.8,0.4,3,Poor
2006,2418,1469,4.6,0.26,49,Poor
2007,335,197,4.8,0.31,97,Poor
2008,198,182,4.8,0.26,2,Poor
2009,4087,299,2.5,0.44,7,Poor
2010,4601,2411,4.8,0.12,11,Average
2011,1816,1060,2.6,0.13,34,Poor
2012,4945,981,3.2,0.06,65,Poor
2013,1062,703,3.8,0.41,52,Poor
2014,2881,1962,3.7,0.21,92,Poor
2015,2557,1237,4.0,0.17,86,Average
2016,1573,1192,3.7,0.49,32,Poor
2017,2835,394,4.8,0.46,17,Poor
2018,2606,1931,3.1,0.49,57,Poor
2019,3775,54,3.2,0.07,85,Poor
2020,4626,1412,4.8,0.45,77,Poor
2021,1651,48,2.7,0.16,92,Poor
2022,2458,794,4.0,0.01,44,Average
2023,390,240,4.2,0.2,14,Poor
2024,2867,2120,3.8,0.25,14,Poor
2025,2546,2143,4.2,0.05,44,Average
2026,4980,4609,2.9,0.27,67,Poor
2027,1775,1731,4.6,0.41,99,Poor
2028,1739,1565,2.9,0.19,68,Poor
2029,3317,2184,3.5,0.18,66,Poor
2030,4456,299,2.7,0.17,75,Poor
2031,311,237,3.9,0.46,61,Poor
2032,1492,1218,4.2,0.02,83,Average
2033,455,253,4.9,0.22,43,Poor
2034,2240,1494,4.3,0.13,19,Average
2035,4487,1877,3.9,0.45,38,Poor
2036,293,25,4.8,0.05,38,Average
2037,4635,2909,3.7,0.21,0,Poor
2038,4157,1079,3.9,0.2,66,Poor
2039,610,526,4.0,0.44,46,Poor
2040,4187,1942,3.5,0.11,72,Poor
2041,2775,2025,4.6,0.32,53,Poor
2042,643,516,3.0,0.07,19,Poor
2043,1876,225,3.9,0.48,8,Poor
2044,3279,2493,4.3,0.3,94,Poor
2045,3337,63,4.8,0.31,27,Poor
2046,4123,1871,4.7,0.22,63,Poor
2047,183,112,3.8,0.17,34,Average
2048,3188,473,4.1,0.11,39,Average
2049,3969,614,3.5,0.3,1,Poor
2050,122,96,3.7,0.48,2,Poor
2051,4544,526,4.8,0.18,13,Average
2052,4275,40,4.8,0.44,80,Poor
2053,3028,1419,4.7,0.07,98,Average
2054,4411,3221,2.8,0.47,67,Poor
2055,2035,1730,4.6,0.18,46,Average
2056,842,639,4.9,0.19,93,Average
2057,4309,2481,3.4,0.23,53,Poor
2058,144,46,3.8,0.36,57,Poor
2059,1183,1114,4.4,0.36,61,Poor
2060,4967,3698,3.9,0.24,50,Poor
2061,287,151,5.0,0.26,77,Poor
2062,2996,929,3.6,0.02,47,Average
2063,2580,295,4.3,0.15,26,Average
2064,2010,911,4.5,0.17,76,Average
2065,1098,32,3.7,0.28,54,Poor
2066,2579,1046,4.6,0.28,83,Poor
2067,3014,993,3.9,0.35,48,Poor
2068,1013,194,3.5,0.36,23,Poor
2069,586,404,2.8,0.12,9,Poor
2070,4273,1963,3.5,0.39,6,Poor
2071,3729,2308,4.3,0.01,16,Good
2072,4237,566,4.8,0.36,21,Poor
2073,3774,2081,3.1,0.05,58,Poor
2074,592,214,3.4,0.36,43,Poor
2075,895,416,2.9,0.26,10,Poor
2076,3653,1474,4.2,0.22,41,Poor
2077,3086,2792,4.9,0.35,22,Poor
2078,2544,1453,4.1,0.02,59,Average
2079,4535,4118,4.0,0.11,85,Average
2080,2769,2758,3.9,0.31,61,Poor
2081,1934,1595,2.7,0.42,53,Poor
2082,4188,3767,4.3,0.19,81,Average
2083,4399,1862,4.0,0.13,89,Average
2084,3251,766,4.2,0.26,93,Poor
2085,2760,891,4.7,0.31,12,Poor
2086,2003,514,4.5,0.21,67,Poor
2087,4787,3464,4.5,0.44,26,Poor
2088,3900,647,4.8,0.26,39,Poor
2089,739,71,5.0,0.02,73,Average
2090,2000,1419,4.0,0.11,91,Average
2091,506,414,2.8,0.23,84,Poor
2092,2180,161,3.6,0.35,74,Poor
2093,4026,3177,4.5,0.11,83,Average
2094,4294,65,2.6,0.49,99,Poor
2095,1229,863,2.6,0.16,82,Poor
2096,4335,3076,2.7,0.27,9,Poor
2097,3615,3329,4.3,0.01,14,Good
2098,932,29,3.8,0.44,44,Poor
2099,449,171,3.4,0.39,52,Poor
2100,658,592,2.8,0.1,81,Poor
2101,1688,1573,4.3,0.47,6,Poor
2102,2198,1641,3.3,0.16,29,Poor
2103,1432,668,3.2,0.35,77,Poor
2104,1453,932,4.1,0.41,29,Poor
2105,869,761,3.9,0.37,26,Poor
2106,3342,659,3.4,0.46,48,Poor
2107,869,635,4.1,0.43,56,Poor
2108,469,205,3.2,0.5,63,Poor
2109,4269,2615,4.5,0.09,62,Average
2110,4567,3447,3.1,0.15,47,Poor
2111,3352,1836,2.9,0.32,40,Poor
2112,1558,414,4.5,0.37,80,Poor
2113,817,319,4.3,0.27,29,Poor
2114,2094,768,3.0,0.04,81,Poor
2115,2189,349,2.8,0.42,2,Poor
2116,3079,2117,4.6,0.48,91,Poor
2117,1599,792,4.4,0.2,36,Poor
2118,1814,1665,3.3,0.11,29,Poor
2119,2695,1752,4.1,0.01,53,Average
2120,3766,397,2.8,0.12,84,Poor
2121,4655,1807,3.8,0.35,83,Poor
2122,4531,1643,2.5,0.46,85,Poor
2123,2343,1019,3.5,0.05,99,Poor
2124,4887,1868,2.7,0.28,99,Poor
2125,2758,1581,3.7,0.35,84,Poor
2126,950,793,3.6,0.14,87,Average
2127,3134,1103,3.6,0.28,84,Poor
2128,2059,887,2.6,0.36,6,Poor
2129,291,287,3.4,0.42,7,Poor
2130,2435,1118,4.4,0.23,85,Poor
2131,4318,2070,3.4,0.37,85,Poor
2132,721,594,4.3,0.15,62,Average
2133,213,211,3.4,0.11,62,Poor
2134,514,465,3.6,0.09,63,Average
2135,3092,1784,3.9,0.18,29,Average
2136,4642,3993,4.9,0.02,97,Average
2137,4845,2342,2.8,0.14,92,Poor
2138,2492,1573,2.6,0.33,9,Poor
2139,4848,1635,4.0,0.32,68,Poor
2140,2405,2282,4.9,0.04,48,Average
2141,4328,3774,5.0,0.14,38,Average
2142,4774,4444,3.7,0.28,33,Poor
2143,2607,2322,3.7,0.16,9,Average
2144,595,406,4.1,0.21,8,Poor
2145,4769,4241,3.9,0.36,59,Poor
2146,3885,786,4.1,0.0,95,Average
2147,643,603,4.7,0.14,4,Average
2148,4889,3415,4.4,0.07,34,Average
2149,3854,1247,3.7,0.06,10,Average
2150,1509,1215,3.7,0.48,41,Poor
2151,3543,1778,4.1,0.19,79,Average
2152,2651,236,3.6,0.26,90,Poor
2153,2494,1379,3.6,0.37,19,Poor
2154,2722,1341,2.5,0.02,50,Poor
2155,4250,1916,2.9,0.12,0,Poor
2156,66,26,3.7,0.42,89,Poor
2157,3241,351,4.6,0.43,10,Poor
2158,442,184,3.2,0.19,60,Poor
2159,474,261,3.8,0.19,78,Average
2160,621,246,3.4,0.38,38,Poor
2161,3681,653,2.8,0.15,47,Poor
2162,1170,470,4.9,0.06,81,Average
2163,291,215,4.6,0.13,87,Average
2164,3947,1913,2.7,0.19,27,Poor
2165,4145,3295,4.3,0.03,88,Average
2166,2329,477,3.4,0.24,86,Poor
2167,838,276,5.0,0.37,74,Poor
2168,764,548,3.3,0.26,96,Poor
2169,4904,3363,3.1,0.04,79,Poor
2170,2899,2076,3.9,0.22,35,Poor
2171,825,780,4.6,0.35,86,Poor
2172,4076,3016,3.0,0.03,69,Poor
2173,2297,1244,4.3,0.03,61,Average
2174,128,78,2.7,0.19,87,Poor
2175,3976,906,4.8,0.1,69,Average
2176,905,412,2.7,0.47,9,Poor
2177,2198,1695,4.8,0.29,85,Poor
2178,1081,418,3.7,0.14,86,Average
2179,4990,3925,3.6,0.35,4,Poor
2180,3321,2398,4.9,0.19,27,Average
2181,3626,3358,5.0,0.07,58,Average
2182,4232,3611,4.1,0.12,8,Average
2183,3506,2547,2.8,0.32,38,Poor
2184,3556,2201,3.8,0.03,91,Average
2185,457,200,3.8,0.14,61,Average
2186,2761,935,3.8,0.1,88,Average
2187,3138,954,3.9,0.1,37,Average
2188,1718,374,2.5,0.34,90,Poor
2189,197,91,4.3,0.41,23,Poor
2190,4377,1541,4.3,0.36,63,Poor
2191,3947,2692,2.8,0.32,42,Poor
2192,2000,1150,3.9,0.46,15,Poor
2193,415,309,3.9,0.03,65,Average
2194,1724,844,4.2,0.08,65,Average
2195,4581,648,2.7,0.21,68,Poor
2196,4544,2699,4.1,0.19,45,Average
2197,2596,1190,3.2,0.21,20,Poor
2198,612,346,3.8,0.1,59,Average
2199,3612,1458,4.4,0.07,9,Good
2200,2539,2277,4.3,0.25,17,Poor
2201,822,315,2.8,0.46,89,Poor
2202,2087,1441,4.0,0.2,83,Poor
2203,3473,1146,4.9,0.02,40,Average
2204,2617,1800,2.9,0.35,35,Poor
2205,1623,1551,4.6,0.15,84,Average
2206,3744,1934,4.3,0.12,65,Average
2207,3341,2935,4.4,0.16,45,Average
2208,1296,1252,3.2,0.36,96,Poor
2209,3769,1976,3.2,0.41,22,Poor
2210,3889,2495,4.8,0.29,38,Poor
2211,409,333,3.4,0.16,94,Poor
2212,2426,1932,2.7,0.16,3,Poor
2213,3059,2415,4.0,0.06,40,Average
2214,3043,69,2.8,0.47,2,Poor
2215,1012,935,4.5,0.32,52,Poor
2216,3682,3196,4.1,0.01,73,Average
2217,1877,1463,4.7,0.33,95,Poor
2218,1663,1416,4.5,0.22,35,Poor
2219,1690,1070,2.8,0.49,48,Poor
2220,2266,819,3.5,0.41,26,Poor
2221,4362,1812,4.4,0.09,52,Average
2222,427,292,3.5,0.36,48,Poor
2223,4264,3084,4.9,0.24,82,Poor
2224,4335,1383,4.3,0.09,0,Good
2225,419,320,2.5,0.35,89,Poor
2226,2246,1585,4.7,0.27,45,Poor
2227,3797,3687,2.8,0.02,61,Poor
2228,701,185,2.9,0.32,76,Poor
2229,819,335,4.3,0.32,98,Poor
2230,2471,20,4.7,0.07,65,Average
2231,830,780,3.8,0.17,21,Average
2232,1766,1304,3.2,0.29,38,Poor
2233,4033,82,3.4,0.07,91,Poor
2234,1361,502,3.4,0.43,43,Poor
2235,3409,1889,3.3,0.01,1,Poor
2236,572,220,3.1,0.05,74,Poor
2237,571,241,4.0,0.06,58,Average
2238,4928,4267,4.8,0.26,89,Poor
2239,2370,663,3.3,0.31,27,Poor
2240,985,645,3.0,0.2,89,Poor
2241,2280,236,4.6,0.14,80,Average
2242,4090,215,4.4,0.4,66,Poor
2243,4633,3884,4.8,0.03,13,Good
2244,4991,3293,2.9,0.14,15,Poor
2245,3747,3062,2.9,0.02,50,Poor
2246,2887,1034,3.9,0.01,99,Average
2247,4133,2714,4.0,0.18,27,Average
2248,2511,1541,3.7,0.1,91,Average
2249,3293,1598,4.0,0.13,52,Average
2250,3409,1100,3.0,0.41,51,Poor
2251,735,523,3.7,0.08,24,Average
2252,2210,741,4.1,0.39,56,Poor
2253,4038,1627,3.6,0.34,8,Poor
2254,4116,1582,4.2,0.16,10,Average
2255,1617,659,3.6,0.27,44,Poor
2256,88,56,3.3,0.22,84,Poor
2257,2594,234,3.3,0.06,1,Poor
2258,4925,3807,3.5,0.45,53,Poor
2259,1306,109,2.6,0.28,33,Poor
2260,3040,1815,4.2,0.44,41,Poor
2261,2246,1271,4.6,0.41,76,Poor
2262,3518,1122,3.4,0.04,68,Poor
2263,2758,627,2.6,0.1,10,Poor
2264,351,349,5.0,0.07,28,Average
2265,696,265,3.2,0.42,91,Poor
2266,4808,291,2.8,0.43,91,Poor
2267,1809,422,3.4,0.26,4,Poor
2268,4401,3207,4.3,0.05,19,Good
2269,647,454,3.2,0.07,38,Poor
2270,711,549,3.9,0.41,73,Poor
2271,4380,1485,3.5,0.46,31,Poor
2272,1418,1215,2.8,0.1,28,Poor
2273,2631,1099,3.3,0.01,65,Poor
2274,3918,1634,4.3,0.17,0,Average
2275,3587,1146,4.0,0.02,83,Average
2276,4915,4399,2.8,0.41,0,Poor
2277,4358,536,2.9,0.25,3,Poor
2278,4608,2685,4.1,0.32,14,Poor
2279,332,297,4.5,0.21,46,Poor
2280,3728,631,3.4,0.17,29,Poor
2281,1536,769,4.0,0.11,5,Average
2282,4132,1876,2.9,0.39,0,Poor
2283,4233,419,3.3,0.35,70,Poor
2284,510,508,2.6,0.18,61,Poor
2285,2375,2153,4.4,0.16,63,Average
2286,3804,339,3.5,0.0,4,Poor
2287,2518,1075,4.5,0.03,53,Average
2288,1774,355,4.3,0.31,48,Poor
2289,1426,70,4.6,0.26,6,Poor
2290,2793,193,3.2,0.22,99,Poor
2291,564,520,3.0,0.41,2,Poor
2292,752,594,4.9,0.25,75,Poor
2293,1703,95,4.3,0.19,60,Average
2294,2116,1876,4.6,0.08,78,Average
2295,72,72,2.5,0.41,83,Poor
2296,2510,1916,3.4,0.29,40,Poor
2297,1354,716,4.4,0.05,20,Average
2298,3350,3077,2.7,0.32,31,Poor
2299,411,239,3.9,0.21,11,Poor
2300,3777,1114,3.6,0.41,6,Poor
2301,1334,988,2.5,0.46,50,Poor
2302,564,90,3.1,0.3,44,Poor
2303,498,65,3.2,0.37,94,Poor
2304,1905,1090,2.8,0.03,64,Poor
2305,3612,1465,4.1,0.28,59,Poor
2306,2570,2216,3.1,0.38,74,Poor
2307,3131,2977,3.2,0.25,44,Poor
2308,1478,1173,4.7,0.3,33,Poor
2309,4017,475,3.7,0.45,82,Poor
2310,972,658,3.5,0.1,10,Poor
2311,3187,2944,4.3,0.05,96,Average
2312,2209,985,4.8,0.35,32,Poor
2313,2597,2040,2.6,0.41,7,Poor
2314,3029,888,3.6,0.43,44,Poor
2315,2331,1548,4.0,0.32,71,Poor
2316,2699,1020,3.3,0.42,97,Poor
2317,363,281,4.4,0.35,90,Poor
2318,2663,2311,4.9,0.04,92,Average
2319,3133,2541,4.9,0.38,77,Poor
2320,2306,1146,3.2,0.09,33,Poor
2321,1087,508,3.1,0.12,44,Poor
2322,3539,1080,4.9,0.2,64,Poor
2323,2684,1697,3.6,0.16,72,Average
2324,4033,3640,3.0,0.16,51,Poor
2325,1828,1563,4.3,0.08,9,Good
2326,3945,3834,3.2,0.15,93,Poor
2327,1174,416,3.2,0.01,42,Poor
2328,747,315,4.7,0.24,81,Poor
2329,2229,126,2.9,0.38,80,Poor
2330,1454,879,2.7,0.43,69,Poor
2331,1093,973,3.2,0.41,10,Poor
2332,1979,549,4.0,0.21,87,Poor
2333,1063,953,2.8,0.37,35,Poor
2334,276,213,3.7,0.14,96,Average
2335,1878,1504,4.1,0.03,96,Average
2336,4967,234,4.6,0.34,17,Poor
2337,2073,1324,3.1,0.32,62,Poor
2338,2502,1997,4.5,0.4,4,Poor
2339,2135,1502,3.1,0.31,30,Poor
2340,4333,4309,4.2,0.08,15,Good
2341,1130,177,3.6,0.43,65,Poor
2342,2370,484,2.8,0.31,8,Poor
2343,3240,2171,4.3,0.4,1,Poor
2344,2680,2101,3.0,0.39,36,Poor
2345,2613,1769,2.9,0.15,83,Poor
2346,3342,2392,3.4,0.04,58,Poor
2347,4671,611,4.1,0.09,80,Average
2348,3636,2208,3.1,0.05,57,Poor
2349,4481,903,3.0,0.12,88,Poor
2350,2997,82,2.5,0.23,82,Poor
2351,4009,3651,3.7,0.45,7,Poor
2352,2863,1130,3.6,0.44,51,Poor
2353,2633,323,3.1,0.36,74,Poor
2354,211,80,2.6,0.01,76,Poor
2355,643,415,3.6,0.17,76,Average
2356,3309,353,4.5,0.34,72,Poor
2357,4205,2853,4.3,0.06,68,Average
2358,3012,430,4.7,0.4,81,Poor
2359,3938,2351,2.5,0.46,51,Poor
2360,3440,485,4.9,0.18,77,Average
2361,4551,99,3.4,0.35,33,Poor
2362,713,711,5.0,0.07,85,Average
2363,1182,803,3.1,0.35,47,Poor
2364,591,96,3.7,0.01,96,Average
2365,3024,1997,3.4,0.08,23,Poor
2366,917,752,3.4,0.35,92,Poor
2367,2116,1837,4.6,0.36,12,Poor
2368,481,47,4.4,0.32,49,Poor
2369,4885,1404,5.0,0.24,90,Poor
2370,4328,2144,4.0,0.34,64,Poor
2371,1256,528,3.7,0.39,70,Poor
2372,2578,1207,2.7,0.48,3,Poor
2373,1219,1052,5.0,0.44,63,Poor
2374,880,194,3.9,0.4,73,Poor
2375,1701,481,4.3,0.35,98,Poor
2376,1186,264,3.5,0.29,38,Poor
2377,2860,141,3.9,0.06,62,Average
2378,525,204,4.9,0.08,57,Average
2379,2860,51,2.9,0.41,15,Poor
2380,1376,1017,3.2,0.4,90,Poor
2381,1069,781,2.9,0.31,83,Poor
2382,1886,588,4.5,0.22,61,Poor
2383,4306,2377,2.7,0.01,9,Poor
2384,2498,1415,2.7,0.16,61,Poor
2385,4343,1699,3.2,0.21,32,Poor
2386,1333,849,3.8,0.24,70,Poor
2387,709,615,3.5,0.46,41,Poor
2388,2060,1011,2.6,0.05,43,Poor
2389,448,75,4.9,0.26,45,Poor
2390,1783,810,4.9,0.18,85,Average
2391,2175,1013,3.2,0.5,80,Poor
2392,2221,97,4.3,0.43,72,Poor
2393,124,41,3.9,0.22,73,Poor
2394,4747,4223,3.1,0.5,99,Poor
2395,3521,1316,3.2,0.26,94,Poor
2396,886,783,3.7,0.08,30,Average
2397,549,34,3.5,0.28,4,Poor
2398,187,133,3.2,0.11,17,Poor
2399,2147,2024,4.5,0.32,5,Poor
2400,3746,3204,3.7,0.47,49,Poor
2401,1935,1723,4.1,0.39,27,Poor
2402,2807,460,3.0,0.14,23,Poor
2403,3970,3277,3.8,0.15,68,Average
2404,1950,878,3.3,0.03,27,Poor
2405,2660,246,3.8,0.14,57,Average
2406,4036,2595,4.5,0.05,66,Average
2407,1499,373,4.4,0.25,17,Poor
2408,596,20,3.4,0.35,3,Poor
2409,4726,3511,4.2,0.38,48,Poor
2410,2053,1663,4.9,0.03,31,Average
2411,2146,1204,4.1,0.17,95,Average
2412,753,180,2.9,0.14,82,Poor
2413,2453,890,4.2,0.05,92,Average
2414,1675,1171,2.8,0.18,96,Poor
2415,3381,1765,4.7,0.15,65,Average
2416,4783,463,3.8,0.32,57,Poor
2417,3028,1810,3.5,0.44,10,Poor
2418,4786,4578,2.6,0.23,96,Poor
2419,2889,492,3.5,0.37,64,Poor
2420,3434,2624,4.8,0.07,16,Good
2421,2709,99,2.6,0.45,79,Poor
2422,1911,1082,3.7,0.08,65,Average
2423,2906,259,4.8,0.1,3,Average
2424,735,576,3.5,0.05,31,Poor
2425,4333,609,3.6,0.15,70,Average
2426,1669,1380,3.9,0.28,28,Poor
2427,4693,1904,3.7,0.49,60,Poor
2428,1481,1323,2.9,0.4,59,Poor
2429,925,135,2.5,0.19,72,Poor
2430,4763,2336,4.0,0.29,57,Poor
2431,2511,1959,4.8,0.31,98,Poor
2432,1415,354,2.8,0.41,52,Poor
2433,1293,331,3.0,0.37,4,Poor
2434,212,72,3.4,0.28,60,Poor
2435,2024,1111,4.5,0.33,20,Poor
2436,3341,2761,3.2,0.37,57,Poor
2437,319,53,4.7,0.07,80,Average
2438,681,405,2.6,0.1,13,Poor
2439,955,268,4.9,0.34,95,Poor
2440,3521,1154,3.9,0.43,78,Poor
2441,3303,3185,4.1,0.2,84,Poor
2442,2064,1453,3.4,0.49,53,Poor
2443,1691,1222,4.5,0.11,77,Average
2444,254,66,2.9,0.21,40,Poor
2445,631,623,2.6,0.19,15,Poor
2446,890,395,3.5,0.47,50,Poor
2447,1769,743,4.6,0.14,0,Average
2448,2693,1630,4.4,0.24,39,Poor
2449,2347,1933,3.8,0.09,17,Average
2450,924,221,3.9,0.26,33,Poor
2451,739,464,2.8,0.43,89,Poor
2452,4050,1962,4.6,0.15,60,Average
2453,3191,2364,4.5,0.41,99,Poor
2454,1472,1351,4.1,0.46,20,Poor
2455,721,512,3.7,0.04,0,Average
2456,1221,357,4.9,0.38,26,Poor
2457,3776,1988,4.7,0.13,50,Average
2458,993,942,4.1,0.09,10,Good
2459,1499,1109,3.4,0.3,13,Poor
2460,3787,811,4.0,0.35,91,Poor
2461,2589,1536,3.9,0.2,54,Poor
2462,4009,3973,3.5,0.02,26,Poor
2463,4310,3928,3.3,0.45,21,Poor
2464,2411,2142,3.5,0.37,20,Poor
2465,3702,3006,3.9,0.14,23,Average
2466,3720,78,3.6,0.25,18,Poor
2467,1803,405,3.2,0.01,23,Poor
2468,2402,2082,4.4,0.17,25,Average
2469,1988,1274,3.8,0.26,24,Poor
2470,420,124,2.7,0.26,44,Poor
2471,4998,3768,3.4,0.1,28,Poor
2472,4529,4150,4.7,0.39,73,Poor
2473,1981,181,4.4,0.15,10,Average
2474,474,264,3.3,0.29,23,Poor
2475,4774,3049,4.8,0.14,23,Average
2476,944,818,2.7,0.21,11,Poor
2477,647,490,4.9,0.1,6,Average
2478,3112,2598,3.1,0.32,39,Poor
2479,2386,1466,2.5,0.21,80,Poor
2480,4738,4463,3.6,0.01,98,Average
2481,1737,713,3.4,0.01,69,Poor
2482,622,166,3.8,0.24,75,Poor
2483,2140,1731,4.5,0.09,78,Average
2484,3719,694,4.6,0.29,95,Poor
2485,4322,1459,3.5,0.2,22,Poor
2486,4674,2754,3.6,0.33,70,Poor
2487,1683,1537,2.9,0.48,37,Poor
2488,1567,1299,2.6,0.26,30,Poor
2489,4343,705,4.1,0.39,28,Poor
2490,2707,1146,2.7,0.38,43,Poor
2491,3698,140,4.3,0.46,27,Poor
2492,4998,2486,3.8,0.11,75,Average
2493,3638,2417,3.0,0.41,90,Poor
2494,1587,61,3.8,0.45,67,Poor
2495,3187,48,3.0,0.2,20,Poor
2496,147,89,3.6,0.16,8,Average
2497,3265,1935,4.5,0.48,48,Poor
2498,4580,939,3.7,0.31,97,Poor
2499,4782,2892,2.9,0.19,36,Poor
2500,3800,1528,4.3,0.4,20,Poor
2501,3207,1232,3.0,0.15,59,Poor
2502,4733,891,4.3,0.09,22,Average
2503,393,314,3.7,0.27,87,Poor
2504,4716,3274,3.6,0.28,9,Poor
2505,660,567,4.6,0.41,69,Poor
2506,1777,1080,4.3,0.23,20,Poor
2507,2340,1057,2.6,0.41,28,Poor
2508,1904,654,3.2,0.16,58,Poor
2509,2658,614,4.7,0.29,39,Poor
2510,2129,1202,2.5,0.1,20,Poor
2511,2374,1537,3.9,0.19,85,Average
2512,4677,633,4.3,0.43,98,Poor
2513,1227,1126,4.1,0.11,62,Average
2514,1141,1065,4.4,0.41,45,Poor
2515,2841,1175,4.3,0.14,4,Average
2516,1799,484,4.2,0.02,14,Good
2517,2725,1499,4.6,0.05,82,Average
2518,831,321,4.1,0.37,79,Poor
2519,3098,3022,3.5,0.13,39,Poor
2520,2155,1310,3.7,0.33,86,Poor
2521,3917,2866,4.3,0.35,3,Poor
2522,4592,3211,4.7,0.17,84,Average
2523,2163,587,3.2,0.24,23,Poor
2524,4020,57,3.4,0.2,41,Poor
2525,2041,264,4.8,0.47,25,Poor
2526,1117,40,3.9,0.16,65,Average
2527,1627,1153,2.9,0.09,7,Poor
2528,1061,413,4.2,0.18,72,Average
2529,2324,1453,5.0,0.33,65,Poor
2530,4919,3834,4.6,0.35,77,Poor
2531,1864,27,4.4,0.46,19,Poor
2532,2476,2395,3.0,0.44,65,Poor
2533,4452,1930,4.7,0.14,67,Average
2534,4924,309,3.8,0.23,98,Poor
2535,2601,1806,4.7,0.37,54,Poor
2536,3707,2578,3.3,0.46,77,Poor
2537,57,35,2.7,0.17,84,Poor
2538,2605,380,3.7,0.22,78,Poor
2539,525,416,3.2,0.45,38,Poor
2540,2261,1642,4.3,0.18,49,Average
2541,534,238,4.9,0.24,19,Poor
2542,4704,4114,4.2,0.45,69,Poor
2543,2335,2035,4.7,0.4,27,Poor
2544,4613,2060,3.6,0.12,42,Average
2545,3575,2064,4.4,0.16,65,Average
2546,3389,2820,4.6,0.18,27,Average
2547,2872,851,4.3,0.46,97,Poor
2548,4993,1813,3.8,0.5,77,Poor
2549,2974,1811,4.1,0.39,72,Poor
2550,308,301,4.3,0.24,22,Poor
2551,332,239,3.1,0.01,34,Poor
2552,1948,614,4.5,0.35,21,Poor
2553,4185,2174,4.9,0.19,4,Average
2554,3026,600,3.7,0.32,59,Poor
2555,2317,1767,4.3,0.3,40,Poor
2556,3250,2075,4.3,0.24,28,Poor
2557,662,208,4.2,0.47,34,Poor
2558,737,100,3.9,0.01,97,Average
2559,3740,2175,4.7,0.36,67,Poor
2560,662,340,3.6,0.2,44,Poor
2561,2357,1622,2.7,0.36,8,Poor
2562,3063,2753,4.6,0.34,50,Poor
2563,1831,365,4.2,0.01,13,Good
2564,2641,1906,4.6,0.14,68,Average
2565,2746,2395,2.8,0.09,55,Poor
2566,4008,574,2.6,0.08,90,Poor
2567,624,321,4.8,0.36,10,Poor
2568,1960,219,2.9,0.12,29,Poor
2569,3654,2960,4.5,0.24,38,Poor
2570,719,438,4.6,0.12,97,Average
2571,4414,326,4.3,0.29,23,Poor
2572,1333,1047,2.8,0.36,79,Poor
2573,973,652,4.2,0.17,57,Average
2574,1175,1120,4.7,0.3,29,Poor
2575,1579,487,3.6,0.41,23,Poor
2576,1644,198,3.5,0.05,66,Poor
2577,296,152,3.6,0.36,28,Poor
2578,3761,1866,2.7,0.16,41,Poor
2579,1610,295,4.7,0.06,75,Average
2580,2450,1195,4.7,0.27,61,Poor
2581,2293,1421,5.0,0.11,26,Average
2582,3914,2688,4.0,0.41,28,Poor
2583,1989,657,4.4,0.02,65,Average
2584,3119,1795,3.0,0.05,56,Poor
2585,276,165,4.2,0.26,60,Poor
2586,3597,202,4.1,0.29,28,Poor
2587,314,91,4.8,0.36,56,Poor
2588,1445,1262,4.6,0.13,72,Average
2589,3607,2786,4.8,0.42,54,Poor
2590,695,192,4.7,0.48,43,Poor
2591,3040,1696,4.7,0.25,27,Poor
2592,1949,1315,2.7,0.38,36,Poor
2593,2554,2336,4.6,0.26,22,Poor
2594,2822,1063,4.0,0.03,76,Average
2595,1204,597,3.5,0.16,68,Poor
2596,637,522,2.6,0.04,95,Poor
2597,4621,2214,4.2,0.49,91,Poor
2598,1871,1472,3.3,0.11,57,Poor
2599,1035,184,3.7,0.32,78,Poor
2600,4129,329,4.2,0.14,87,Average
2601,3398,2585,4.8,0.33,31,Poor
2602,3881,2081,4.6,0.11,84,Average
2603,1291,151,3.6,0.39,68,Poor
2604,239,105,3.5,0.06,35,Poor
2605,1030,774,3.1,0.45,91,Poor
2606,1748,458,3.4,0.42,31,Poor
2607,1765,762,2.8,0.34,58,Poor
2608,2643,759,4.9,0.03,59,Average
2609,4186,3765,3.9,0.1,86,Average
2610,4483,814,2.8,0.43,79,Poor
2611,1148,282,3.4,0.06,73,Poor
2612,2376,277,3.9,0.08,92,Average
2613,3297,1277,3.8,0.27,26,Poor
2614,945,355,2.6,0.14,98,Poor
2615,1724,428,4.9,0.11,23,Average
2616,2959,1871,3.2,0.29,86,Poor
2617,980,43,2.5,0.19,66,Poor
2618,4434,4386,2.7,0.07,35,Poor
2619,773,114,4.0,0.27,13,Poor
2620,2990,161,2.8,0.19,67,Poor
2621,1139,921,2.6,0.37,43,Poor
2622,4628,3041,3.4,0.05,47,Poor
2623,985,100,4.1,0.31,31,Poor
2624,2345,293,2.8,0.22,83,Poor
2625,205,39,3.3,0.2,16,Poor
2626,1120,484,3.5,0.12,92,Poor
2627,2008,1251,2.9,0.02,56,Poor
2628,2551,1339,3.8,0.42,38,Poor
2629,4269,307,2.7,0.16,31,Poor
2630,3880,3215,2.6,0.34,67,Poor
2631,904,895,3.8,0.47,87,Poor
2632,689,302,3.1,0.28,1,Poor
2633,2288,2247,2.7,0.2,77,Poor
2634,1652,1140,3.6,0.13,41,Average
2635,491,210,4.8,0.47,37,Poor
2636,4678,466,4.3,0.34,54,Poor
2637,1386,804,4.5,0.33,54,Poor
2638,3750,3588,4.7,0.21,33,Poor
2639,998,580,4.9,0.42,45,Poor
2640,3423,2551,4.4,0.36,42,Poor
2641,509,356,4.0,0.14,1,Average
2642,4696,741,3.4,0.3,35,Poor
2643,442,135,3.0,0.22,69,Poor
2644,3988,2602,4.2,0.0,35,Average
2645,1837,1141,5.0,0.4,21,Poor
2646,4990,1371,3.7,0.06,68,Average
2647,2307,426,4.3,0.25,37,Poor
2648,1188,713,3.7,0.17,53,Average
2649,3858,3239,3.6,0.17,21,Average
2650,4791,3433,3.5,0.24,74,Poor
2651,2504,514,3.8,0.5,30,Poor
2652,1516,967,3.4,0.2,52,Poor
2653,3724,42,4.4,0.09,92,Average
2654,1427,1148,4.7,0.31,58,Poor
2655,2647,1718,4.7,0.12,96,Average
2656,191,86,3.1,0.05,85,Poor
2657,2709,577,4.7,0.03,48,Average
2658,4646,1636,3.4,0.01,26,Poor
2659,889,678,3.3,0.22,71,Poor
2660,3668,1265,4.3,0.21,56,Poor
2661,3967,2922,3.3,0.09,5,Poor
2662,645,34,2.6,0.39,45,Poor
2663,1954,910,3.4,0.06,24,Poor
2664,330,140,4.3,0.46,97,Poor
2665,473,97,3.3,0.29,8,Poor
2666,4415,826,4.1,0.01,63,Average
2667,4299,3332,4.2,0.48,99,Poor
2668,1800,1061,4.3,0.15,30,Average
2669,4807,473,4.7,0.22,18,Poor
2670,2017,1486,3.6,0.14,64,Average
2671,4138,2995,2.9,0.36,87,Poor
2672,4228,2344,3.3,0.24,97,Poor
2673,2996,1467,3.6,0.07,16,Average
2674,1499,1070,4.3,0.05,33,Average
2675,2381,1908,2.5,0.36,98,Poor
2676,2270,382,3.3,0.12,35,Poor
2677,3839,3474,4.4,0.07,12,Good
2678,2860,2818,4.2,0.25,58,Poor
2679,4778,4640,4.3,0.4,88,Poor
2680,1581,1425,4.5,0.14,75,Average
2681,4932,3275,4.5,0.14,20,Average
2682,3040,1237,4.2,0.42,64,Poor
2683,4543,1505,3.6,0.07,5,Average
2684,1193,75,5.0,0.31,10,Poor
2685,983,249,3.9,0.48,79,Poor
2686,1510,508,3.0,0.42,21,Poor
2687,2773,1875,3.2,0.03,10,Poor
2688,2562,741,4.2,0.16,36,Average
2689,335,203,4.8,0.07,25,Average
2690,314,60,2.9,0.47,56,Poor
2691,2417,1527,2.7,0.49,25,Poor
2692,3497,1023,4.7,0.12,20,Average
2693,4966,945,4.8,0.33,56,Poor
2694,1812,875,3.2,0.42,25,Poor
2695,3098,103,3.4,0.12,14,Poor
2696,2431,2113,4.2,0.09,62,Average
2697,2319,1562,3.3,0.01,34,Poor
2698,90,73,4.7,0.21,10,Poor
2699,117,27,2.8,0.45,72,Poor
2700,1037,202,2.6,0.45,86,Poor
2701,4058,1752,3.0,0.06,67,Poor
2702,3248,1215,3.2,0.1,93,Poor
2703,4840,928,2.8,0.2,91,Poor
2704,2574,609,2.7,0.39,88,Poor
2705,1135,975,4.4,0.31,85,Poor
2706,2529,1163,2.9,0.26,88,Poor
2707,1743,1324,4.8,0.3,89,Poor
2708,2365,1351,3.4,0.05,49,Poor
2709,828,727,4.2,0.24,28,Poor
2710,4639,3368,3.1,0.5,63,Poor
2711,1635,1573,3.1,0.04,40,Poor
2712,1542,314,3.9,0.26,95,Poor
2713,710,72,3.9,0.15,25,Average
2714,1398,825,4.4,0.27,27,Poor
2715,1349,71,4.4,0.29,83,Poor
2716,3990,2795,4.2,0.29,47,Poor
2717,2036,91,3.6,0.43,65,Poor
2718,2094,47,4.7,0.19,22,Average
2719,3566,488,4.1,0.26,38,Poor
2720,1108,783,5.0,0.01,68,Average
2721,1026,905,4.5,0.39,20,Poor
2722,4627,1444,2.6,0.13,85,Poor
2723,777,220,3.3,0.41,48,Poor
2724,2577,839,3.9,0.13,74,Average
2725,3186,1509,4.3,0.01,93,Average
2726,392,159,3.9,0.08,91,Average
2727,1497,579,4.5,0.49,35,Poor
2728,2429,398,3.2,0.16,80,Poor
2729,3709,1938,3.0,0.05,84,Poor
2730,576,196,2.6,0.06,36,Poor
2731,1946,1095,3.9,0.16,99,Average
2732,4804,98,4.2,0.02,88,Average
2733,2123,1428,3.3,0.26,87,Poor
2734,4965,4949,4.0,0.11,93,Average
2735,455,83,2.6,0.26,41,Poor
2736,1623,1051,2.7,0.07,61,Poor
2737,4650,2092,4.3,0.21,98,Poor
2738,3790,469,3.4,0.3,84,Poor
2739,4324,1504,4.2,0.03,5,Good
2740,4277,2265,4.6,0.2,84,Poor
2741,1896,1137,4.6,0.15,7,Average
2742,1528,456,2.9,0.12,68,Poor
2743,2445,1570,3.7,0.3,39,Poor
2744,821,709,4.3,0.29,9,Poor
2745,628,397,4.4,0.32,30,Poor
2746,2951,606,4.5,0.08,29,Average
2747,243,123,3.1,0.14,50,Poor
2748,2057,1849,3.0,0.1,84,Poor
2749,1235,646,4.0,0.27,35,Poor
2750,2444,2051,4.4,0.23,60,Poor
2751,3048,2525,3.3,0.17,26,Poor
2752,1842,383,2.8,0.39,34,Poor
2753,1160,154,4.3,0.05,59,Average
2754,4055,393,3.2,0.49,31,Poor
2755,2311,2106,2.9,0.06,89,Poor
2756,3786,2007,2.9,0.39,3,Poor
2757,3843,2886,3.3,0.18,90,Poor
2758,1986,66,4.0,0.43,99,Poor
2759,4925,3923,3.4,0.04,26,Poor
2760,4407,3052,2.6,0.19,46,Poor
2761,779,380,2.7,0.17,5,Poor
2762,4428,1568,3.2,0.5,81,Poor
2763,3501,1189,4.1,0.49,25,Poor
2764,4507,387,2.7,0.09,23,Poor
2765,4586,84,3.9,0.31,70,Poor
2766,2190,773,2.8,0.27,43,Poor
2767,1694,1563,3.0,0.08,13,Poor
2768,2850,2055,2.9,0.08,12,Poor
2769,191,67,2.7,0.49,25,Poor
2770,1505,775,4.2,0.23,42,Poor
2771,4846,2248,3.7,0.06,42,Average
2772,2146,1544,4.6,0.11,65,Average
2773,1375,616,2.7,0.13,86,Poor
2774,1263,1198,2.9,0.26,27,Poor
2775,1209,806,3.3,0.17,0,Poor
2776,4700,3626,4.4,0.23,95,Poor
2777,4549,2694,3.3,0.08,11,Poor
2778,4747,3909,3.5,0.16,49,Poor
2779,390,318,3.3,0.04,52,Poor
2780,3878,3190,2.7,0.44,59,Poor
2781,2018,635,4.8,0.1,54,Average
2782,753,391,3.9,0.38,34,Poor
2783,4463,1606,4.5,0.17,60,Average
2784,2479,131,4.1,0.24,25,Poor
2785,1850,472,3.8,0.15,30,Average
2786,4962,2823,2.7,0.35,56,Poor
2787,4698,2651,4.1,0.42,11,Poor
2788,905,158,2.9,0.14,92,Poor
2789,1862,250,3.5,0.12,4,Poor
2790,2916,1282,4.1,0.34,98,Poor
2791,3692,3051,4.5,0.1,6,Average
2792,232,232,4.2,0.32,15,Poor
2793,3162,1479,4.2,0.05,95,Average
2794,4542,1962,2.9,0.31,51,Poor
2795,1567,580,3.4,0.26,80,Poor
2796,1406,1346,2.6,0.06,20,Poor
2797,2224,2139,4.3,0.32,26,Poor
2798,3679,3354,4.9,0.22,78,Poor
2799,3678,1877,3.2,0.11,22,Poor
2800,4146,81,2.7,0.18,71,Poor
2801,3289,1514,3.7,0.25,24,Poor
2802,3741,1200,4.6,0.05,10,Good
2803,68,57,3.9,0.48,62,Poor
2804,3453,2192,2.6,0.33,56,Poor
2805,4729,2808,4.9,0.05,84,Average
2806,4601,1895,4.6,0.41,53,Poor
2807,3054,2228,2.8,0.16,9,Poor
2808,1182,560,4.8,0.3,49,Poor
2809,3389,645,3.6,0.14,72,Average
2810,3361,1634,3.4,0.37,0,Poor
2811,3422,125,3.7,0.36,85,Poor
2812,1037,150,4.6,0.28,69,Poor
2813,3371,1728,4.1,0.12,29,Average
2814,4665,2843,2.6,0.13,54,Poor
2815,223,105,4.9,0.19,97,Average
2816,3791,1928,2.9,0.07,76,Poor
2817,3102,2069,4.4,0.17,85,Average
2818,776,252,4.1,0.34,5,Poor
2819,3810,388,3.0,0.42,23,Poor
2820,1925,1294,2.9,0.17,84,Poor
2821,4083,965,4.7,0.12,86,Average
2822,1039,1024,3.5,0.42,4,Poor
2823,3794,3199,4.1,0.45,6,Poor
2824,2736,2247,3.8,0.21,2,Poor
2825,469,232,4.3,0.01,12,Good
2826,643,312,3.7,0.35,53,Poor
2827,1824,603,3.2,0.39,62,Poor
2828,2509,2242,3.4,0.01,75,Poor
2829,985,142,4.6,0.3,5,Poor
2830,3858,2294,3.7,0.29,97,Poor
2831,381,320,3.0,0.19,78,Poor
2832,3499,2495,4.8,0.37,46,Poor
2833,2752,784,4.5,0.21,81,Poor
2834,4056,3749,2.6,0.34,54,Poor
2835,3918,2699,5.0,0.26,48,Poor
2836,4250,447,4.2,0.12,56,Average
2837,251,125,2.9,0.3,2,Poor
2838,2547,2034,3.1,0.37,21,Poor
2839,1892,831,4.2,0.49,34,Poor
2840,1916,126,4.4,0.19,27,Average
2841,2046,1591,3.1,0.03,41,Poor
2842,959,678,3.1,0.49,11,Poor
2843,4355,3353,3.3,0.31,0,Poor
2844,4708,4012,4.0,0.47,99,Poor
2845,3239,1202,2.9,0.05,93,Poor
2846,820,284,2.8,0.17,22,Poor
2847,3205,1245,4.2,0.07,27,Average
2848,2551,174,4.4,0.42,68,Poor
2849,2764,915,3.8,0.44,35,Poor
2850,4774,3925,3.4,0.25,53,Poor
2851,3635,1541,3.6,0.09,46,Average
2852,1678,1640,3.5,0.06,55,Poor
2853,436,299,4.9,0.29,9,Poor
2854,3471,2312,4.4,0.25,4,Poor
2855,4058,1343,3.0,0.35,13,Poor
2856,4143,1405,3.5,0.15,23,Poor
2857,4413,3919,3.9,0.2,62,Poor
2858,2516,2453,4.0,0.01,27,Average
2859,2332,1321,3.7,0.31,20,Poor
2860,1906,1793,4.5,0.21,75,Poor
2861,2048,734,4.4,0.46,19,Poor
2862,1286,778,3.8,0.32,61,Poor
2863,4719,766,4.6,0.2,95,Poor
2864,4194,612,4.4,0.13,50,Average
2865,1200,858,4.4,0.45,39,Poor
2866,4368,4131,4.9,0.01,84,Average
2867,1481,1012,3.2,0.16,80,Poor
2868,1869,1088,3.2,0.47,64,Poor
2869,2374,1364,4.7,0.33,27,Poor
2870,1180,670,4.4,0.27,53,Poor
2871,2708,2215,4.8,0.1,1,Average
2872,3550,2422,2.7,0.42,80,Poor
2873,424,255,4.1,0.1,13,Average
2874,2170,722,2.9,0.12,13,Poor
2875,4070,632,3.8,0.1,43,Average
2876,2071,124,2.9,0.08,81,Poor
2877,3755,1517,2.8,0.48,39,Poor
2878,3309,415,2.5,0.3,33,Poor
2879,3485,2673,4.1,0.32,64,Poor
2880,1939,1263,3.4,0.48,17,Poor
2881,1873,1853,2.8,0.12,33,Poor
2882,1524,870,3.3,0.0,86,Poor
2883,2292,2008,2.9,0.3,48,Poor
2884,3293,461,4.9,0.25,79,Poor
2885,3184,1688,3.3,0.24,82,Poor
2886,2120,892,3.3,0.03,54,Poor
2887,409,174,4.6,0.23,61,Poor
2888,2091,1071,4.1,0.14,69,Average
2889,1191,813,4.3,0.14,23,Average
2890,1685,494,4.1,0.11,80,Average
2891,4050,647,4.9,0.17,47,Average
2892,1993,1348,3.0,0.18,79,Poor
2893,4824,3604,5.0,0.15,38,Average
2894,3411,2569,4.6,0.49,47,Poor
2895,3030,367,4.0,0.47,69,Poor
2896,56,34,4.2,0.29,79,Poor
2897,3317,2762,4.1,0.49,8,Poor
2898,1641,1380,2.6,0.5,28,Poor
2899,4978,2093,3.0,0.18,67,Poor
2900,3314,3168,4.9,0.22,59,Poor
2901,2656,1972,3.8,0.48,25,Poor
2902,3269,2284,3.4,0.3,37,Poor
2903,3323,1371,4.4,0.11,61,Average
2904,963,856,3.8,0.34,25,Poor
2905,2061,793,2.5,0.1,13,Poor
2906,1492,1066,4.3,0.17,98,Average
2907,3104,689,4.3,0.11,48,Average
2908,3596,737,2.9,0.12,42,Poor
2909,4271,2666,4.9,0.0,87,Average
2910,4962,286,3.1,0.44,7,Poor
2911,2978,1458,3.6,0.15,39,Average
2912,1879,665,2.8,0.04,24,Poor
2913,625,286,4.0,0.04,62,Average
2914,979,352,3.4,0.28,3,Poor
2915,3809,1042,3.4,0.5,14,Poor
2916,3749,2057,4.6,0.07,15,Good
2917,1513,469,2.5,0.05,53,Poor
2918,3325,584,4.5,0.22,10,Poor
2919,4978,1079,3.9,0.28,27,Poor
2920,1104,47,5.0,0.15,6,Average
2921,1950,239,4.0,0.15,37,Average
2922,1507,425,2.6,0.21,23,Poor
2923,1449,290,2.6,0.16,94,Poor
2924,3465,1779,4.7,0.46,67,Poor
2925,492,158,4.6,0.02,36,Average
2926,3700,811,3.4,0.12,34,Poor
2927,4702,3602,4.0,0.4,5,Poor
2928,1228,982,3.7,0.42,32,Poor
2929,4508,1329,4.9,0.06,95,Average
2930,1307,853,4.9,0.49,98,Poor
2931,3684,336,5.0,0.35,80,Poor
2932,1891,1633,4.7,0.14,53,Average
2933,2359,1340,4.8,0.23,95,Poor
2934,960,357,3.0,0.15,13,Poor
2935,4390,1350,4.6,0.08,18,Good
2936,4687,4466,4.3,0.15,87,Average
2937,4059,530,4.9,0.29,10,Poor
2938,2219,511,3.9,0.41,70,Poor
2939,2222,1951,2.7,0.18,44,Poor
2940,173,101,4.0,0.17,59,Average
2941,3208,2076,4.2,0.23,87,Poor
2942,835,516,3.1,0.32,57,Poor
2943,2466,1603,3.5,0.38,87,Poor
2944,846,580,4.0,0.16,77,Average
2945,4222,1595,3.4,0.29,23,Poor
2946,4204,3966,3.4,0.19,10,Poor
2947,1986,811,2.8,0.36,71,Poor
2948,2206,1781,4.9,0.08,43,Average
2949,3857,2011,4.4,0.13,78,Average
2950,1351,1151,2.5,0.21,65,Poor
2951,4213,3346,4.4,0.44,87,Poor
2952,3190,2100,4.3,0.29,44,Poor
2953,3286,1066,2.5,0.48,73,Poor
2954,2402,68,3.4,0.05,31,Poor
2955,1982,481,4.0,0.23,16,Poor
2956,2771,2657,3.6,0.21,53,Poor
2957,414,355,4.4,0.3,9,Poor
2958,4966,1401,3.6,0.41,85,Poor
2959,2440,1165,2.9,0.42,5,Poor
2960,996,463,4.9,0.34,90,Poor
2961,1427,378,3.1,0.32,19,Poor
2962,1489,365,4.3,0.47,0,Poor
2963,3230,212,2.9,0.19,63,Poor
2964,4907,3554,3.3,0.42,80,Poor
2965,390,263,3.6,0.46,0,Poor
2966,3039,1704,3.0,0.25,60,Poor
2967,432,165,3.6,0.36,78,Poor
2968,1606,497,2.9,0.19,0,Poor
2969,349,335,3.9,0.08,80,Average
2970,188,141,4.2,0.29,45,Poor
2971,408,160,2.7,0.1,59,Poor
2972,4981,2475,4.7,0.23,42,Poor
2973,1572,305,3.0,0.44,43,Poor
2974,3506,1941,3.1,0.04,37,Poor
2975,1677,870,4.2,0.02,1,Good
2976,1353,130,3.7,0.3,81,Poor
2977,1184,639,3.7,0.17,11,Average
2978,2236,812,2.8,0.21,92,Poor
2979,3220,2117,4.5,0.2,22,Poor
2980,3885,3105,4.0,0.04,8,Average
2981,2201,1177,2.8,0.0,7,Poor
2982,1287,607,3.4,0.45,49,Poor
2983,3785,2663,4.5,0.11,79,Average
2984,2884,2737,3.9,0.21,61,Poor
2985,4310,1329,2.8,0.49,22,Poor
2986,1048,333,3.4,0.41,92,Poor
2987,2617,316,3.1,0.05,58,Poor
2988,1357,588,3.8,0.25,9,Poor
2989,706,183,4.6,0.37,11,Poor
2990,2710,851,3.6,0.35,61,Poor
2991,2261,629,3.6,0.38,75,Poor
2992,1959,35,4.8,0.23,29,Poor
2993,3780,3435,3.9,0.09,73,Average
2994,2096,1389,3.9,0.23,77,Poor
2995,3212,91,3.2,0.32,67,Poor
2996,1190,289,4.0,0.3,46,Poor
2997,316,306,3.9,0.04,83,Average
2998,1895,85,3.5,0.03,40,Poor
2999,1758,899,5.0,0.48,6,Poor
3000,3680,87,4.7,0.08,93,Average
3001,3261,1236,4.4,0.15,87,Average
3002,2343,1422,3.8,0.38,73,Poor
3003,3782,993,3.7,0.2,51,Poor
3004,3879,3259,3.0,0.09,44,Poor
3005,1560,1452,3.3,0.23,37,Poor
3006,525,44,4.4,0.28,35,Poor
3007,1026,662,3.6,0.23,80,Poor
3008,1257,856,4.7,0.46,84,Poor
3009,2010,1145,2.9,0.14,57,Poor
3010,607,441,3.8,0.33,45,Poor
3011,932,794,4.1,0.06,66,Average
3012,2244,945,3.8,0.2,64,Poor
3013,4811,4235,4.7,0.37,17,Poor
3014,2717,1958,5.0,0.11,1,Average
3015,4727,3834,2.8,0.29,3,Poor
3016,4840,3382,2.8,0.08,95,Poor
3017,1660,507,2.8,0.05,82,Poor
3018,3538,3252,4.2,0.26,83,Poor
3019,2504,2145,3.4,0.34,41,Poor
3020,4544,3485,4.3,0.06,48,Average
3021,1996,460,3.5,0.46,48,Poor
3022,4860,3631,4.1,0.11,6,Average
3023,4849,481,4.4,0.06,8,Good
3024,2858,631,3.9,0.1,70,Average
3025,3875,1337,3.8,0.08,26,Average
3026,3586,3491,2.7,0.05,20,Poor
3027,3852,1679,3.5,0.4,34,Poor
3028,4227,3183,3.9,0.25,87,Poor
3029,4749,25,3.7,0.19,95,Average
3030,2020,700,4.8,0.48,75,Poor
3031,3872,2962,4.8,0.19,86,Average
3032,2869,2338,4.6,0.08,35,Average
3033,952,639,3.4,0.14,92,Poor
3034,414,406,4.3,0.12,66,Average
3035,4308,2878,3.5,0.25,42,Poor
3036,3169,2626,3.1,0.15,7,Poor
3037,2608,118,3.4,0.26,97,Poor
3038,1913,545,2.7,0.33,77,Poor
3039,165,151,3.3,0.39,35,Poor
3040,2434,1709,3.7,0.36,47,Poor
3041,3985,1158,4.9,0.1,45,Average
3042,4985,4511,3.3,0.06,31,Poor
3043,2540,789,4.8,0.27,6,Poor
3044,992,676,3.1,0.1,73,Poor
3045,1774,1043,3.0,0.04,11,Poor
3046,2384,1565,3.8,0.26,54,Poor
3047,2817,2812,4.2,0.16,22,Average
3048,1187,702,2.6,0.38,74,Poor
3049,2577,1576,3.1,0.16,51,Poor
3050,4167,34,3.6,0.49,12,Poor
3051,3470,2435,3.3,0.38,75,Poor
3052,4828,2705,4.3,0.03,70,Average
3053,3956,2920,3.8,0.25,52,Poor
3054,3687,1256,2.9,0.28,62,Poor
3055,3003,2767,4.7,0.35,73,Poor
3056,2417,24,3.2,0.25,70,Poor
3057,4271,3240,4.3,0.24,50,Poor
3058,326,91,4.4,0.18,57,Average
3059,2049,1535,4.9,0.14,26,Average
3060,1277,1031,3.7,0.47,6,Poor
3061,3802,3317,4.0,0.16,49,Average
3062,3785,2653,3.3,0.03,23,Poor
3063,745,188,4.2,0.08,86,Average
3064,1359,780,3.7,0.43,24,Poor
3065,4202,811,3.6,0.29,43,Poor
3066,3284,1019,4.6,0.39,35,Poor
3067,4164,171,2.6,0.4,56,Poor
3068,2361,2291,4.7,0.41,96,Poor
3069,2891,523,4.6,0.28,36,Poor
3070,4258,2111,3.8,0.09,51,Average
3071,3609,2764,3.7,0.07,62,Average
3072,3448,523,3.4,0.29,6,Poor
3073,591,260,5.0,0.18,93,Average
3074,2744,862,2.8,0.28,59,Poor
3075,4724,4466,4.0,0.25,94,Poor
3076,1138,42,4.2,0.3,36,Poor
3077,3413,1679,4.8,0.02,20,Average
3078,74,41,4.5,0.02,97,Average
3079,1622,1086,4.1,0.36,45,Poor
3080,3008,2533,2.8,0.1,20,Poor
3081,4286,4155,3.4,0.33,83,Poor
3082,1817,322,2.8,0.27,97,Poor
3083,4793,4290,4.7,0.49,71,Poor
3084,2285,1018,4.4,0.42,95,Poor
3085,250,39,4.4,0.21,51,Poor
3086,3248,1504,4.1,0.31,93,Poor
3087,306,128,3.8,0.06,28,Average
3088,3797,1236,2.9,0.19,68,Poor
3089,4692,2311,3.3,0.37,93,Poor
3090,2291,855,2.8,0.31,75,Poor
3091,3225,2347,4.3,0.24,38,Poor
3092,3656,1079,2.9,0.09,26,Poor
3093,3386,2624,4.3,0.4,76,Poor
3094,4947,951,4.2,0.14,9,Average
3095,463,110,3.6,0.41,35,Poor
3096,2064,409,2.8,0.31,94,Poor
3097,1431,1402,3.3,0.19,15,Poor
3098,1148,569,3.3,0.02,35,Poor
3099,3476,2998,4.3,0.12,89,Average
3100,3705,1271,2.8,0.44,83,Poor
3101,959,221,4.6,0.41,33,Poor
3102,237,113,4.4,0.29,36,Poor
3103,4094,3912,3.0,0.23,71,Poor
3104,3806,1081,4.3,0.32,67,Poor
3105,2065,752,4.2,0.23,58,Poor
3106,2142,519,4.4,0.32,28,Poor
3107,3694,1742,3.0,0.15,30,Poor
3108,2180,2135,2.9,0.42,65,Poor
3109,407,247,3.1,0.35,88,Poor
3110,2472,2190,3.4,0.16,2,Poor
3111,4307,355,4.5,0.42,68,Poor
3112,4595,1196,4.3,0.24,21,Poor
3113,1547,993,4.8,0.09,79,Average
3114,2208,798,2.6,0.04,72,Poor
3115,2605,1205,2.5,0.35,52,Poor
3116,2392,1953,4.2,0.43,47,Poor
3117,3001,1486,3.2,0.4,72,Poor
3118,1288,442,3.3,0.33,75,Poor
3119,1023,557,3.9,0.07,46,Average
3120,4777,958,2.8,0.05,41,Poor
3121,4015,823,4.1,0.17,3,Average
3122,1100,653,3.3,0.43,81,Poor
3123,3751,1273,4.1,0.48,81,Poor
3124,2830,1102,4.6,0.12,41,Average
3125,1638,115,2.9,0.38,42,Poor
3126,3928,1305,4.8,0.29,96,Poor
3127,2418,373,3.8,0.02,41,Average
3128,486,331,4.8,0.27,2,Poor
3129,2878,1179,3.0,0.4,58,Poor
3130,1606,986,4.0,0.14,80,Average
3131,3908,2990,3.5,0.45,75,Poor
3132,1354,492,4.4,0.12,10,Average
3133,2434,1189,4.0,0.04,80,Average
3134,232,31,3.7,0.08,34,Average
3135,1639,106,4.8,0.42,49,Poor
3136,1637,128,3.4,0.21,62,Poor
3137,709,442,3.0,0.4,69,Poor
3138,209,108,4.0,0.27,98,Poor
3139,4003,3357,4.1,0.24,5,Poor
3140,1061,1013,3.6,0.4,31,Poor
3141,102,96,3.7,0.21,10,Poor
3142,2357,841,4.9,0.4,42,Poor
3143,1278,956,4.3,0.05,38,Average
3144,1085,1024,2.8,0.32,12,Poor
3145,3752,2716,3.0,0.35,12,Poor
3146,4095,210,4.9,0.45,38,Poor
3147,4995,952,4.3,0.11,45,Average
3148,4499,4257,4.8,0.3,33,Poor
3149,1314,1116,3.3,0.22,66,Poor
3150,1934,859,4.4,0.19,31,Average
3151,1859,1210,4.3,0.05,67,Average
3152,3217,2235,3.2,0.07,64,Poor
3153,3847,585,3.9,0.42,72,Poor
3154,2391,1302,4.1,0.37,6,Poor
3155,3464,1482,3.7,0.19,90,Average
3156,867,130,4.6,0.41,2,Poor
3157,2487,763,4.6,0.04,85,Average
3158,938,692,4.6,0.31,79,Poor
3159,717,550,4.5,0.43,71,Poor
3160,4778,3041,3.7,0.42,68,Poor
3161,2674,581,3.5,0.19,48,Poor
3162,4282,321,4.6,0.37,57,Poor
3163,4573,3787,3.7,0.21,93,Poor
3164,868,204,3.1,0.42,27,Poor
3165,2238,529,3.8,0.27,26,Poor
3166,1156,838,2.9,0.38,21,Poor
3167,2274,1353,4.2,0.04,93,Average
3168,247,109,3.3,0.3,70,Poor
3169,2721,2223,3.2,0.28,93,Poor
3170,3542,2854,4.9,0.3,12,Poor
3171,2498,814,4.4,0.35,21,Poor
3172,520,451,4.5,0.46,74,Poor
3173,1998,1543,4.1,0.39,4,Poor
3174,3949,780,4.6,0.11,21,Average
3175,2060,166,4.4,0.41,78,Poor
3176,3850,2548,4.0,0.06,52,Average
3177,4168,454,4.9,0.31,38,Poor
3178,3846,1562,3.0,0.44,36,Poor
3179,4038,3760,4.9,0.05,30,Average
3180,284,190,3.5,0.42,61,Poor
3181,978,88,3.8,0.4,92,Poor
3182,3657,1649,2.8,0.25,80,Poor
3183,572,205,3.9,0.15,5,Average
3184,3573,2971,4.0,0.2,80,Poor
3185,4576,2733,5.0,0.48,33,Poor
3186,4938,3389,4.9,0.1,86,Average
3187,1679,70,4.9,0.29,51,Poor
3188,4678,4615,3.4,0.04,29,Poor
3189,1366,388,5.0,0.11,12,Average
3190,2907,2791,3.6,0.38,57,Poor
3191,1174,376,4.6,0.15,93,Average
3192,2637,1549,3.0,0.49,52,Poor
3193,1073,275,3.8,0.25,19,Poor
3194,1428,1193,4.9,0.26,5,Poor
3195,3424,1531,4.9,0.02,54,Average
3196,1569,298,4.2,0.48,30,Poor
3197,276,78,4.5,0.09,58,Average
3198,941,465,2.9,0.27,18,Poor
3199,4122,1612,4.3,0.2,69,Poor
3200,2307,1532,4.0,0.21,97,Poor
3201,2838,1450,2.7,0.32,27,Poor
3202,446,386,2.8,0.33,12,Poor
3203,2128,1103,2.8,0.08,51,Poor
3204,4794,2795,4.3,0.25,73,Poor
3205,4474,3836,2.9,0.4,60,Poor
3206,3287,3073,3.7,0.22,40,Poor
3207,3943,1610,3.4,0.08,44,Poor
3208,2055,1928,3.9,0.16,6,Average
3209,2066,739,4.3,0.11,81,Average
3210,3221,3154,4.2,0.06,85,Average
3211,2718,2251,3.8,0.19,13,Average
3212,1928,1042,3.7,0.27,35,Poor
3213,1246,330,3.5,0.04,7,Poor
3214,1822,1581,4.7,0.3,11,Poor
3215,211,196,3.3,0.5,39,Poor
3216,4026,3666,3.1,0.48,96,Poor
3217,1801,1472,4.4,0.41,87,Poor
3218,825,92,3.4,0.13,61,Poor
3219,989,866,4.6,0.01,13,Good
3220,3270,3258,3.3,0.42,48,Poor
3221,589,244,4.3,0.03,50,Average
3222,4967,1620,2.6,0.1,61,Poor
3223,1511,28,3.5,0.27,4,Poor
3224,405,255,3.4,0.09,82,Poor
3225,3654,729,4.5,0.42,66,Poor
3226,3373,2991,4.9,0.39,0,Poor
3227,284,192,3.7,0.38,96,Poor
3228,1598,813,4.6,0.41,48,Poor
3229,2146,1954,4.2,0.11,16,Average
3230,4263,46,4.9,0.36,72,Poor
3231,2151,1246,4.5,0.18,94,Average
3232,1723,104,2.7,0.33,34,Poor
3233,2150,1875,4.3,0.06,66,Average
3234,3707,3121,3.8,0.35,12,Poor
3235,4703,1142,2.5,0.49,36,Poor
3236,3646,1233,3.1,0.02,37,Poor
3237,3798,31,4.8,0.05,77,Average
3238,3223,1032,4.8,0.06,5,Good
3239,1865,1073,4.5,0.22,92,Poor
3240,3891,1768,5.0,0.15,62,Average
3241,2055,1081,4.5,0.4,48,Poor
3242,4543,1896,2.5,0.24,8,Poor
3243,724,591,3.2,0.24,35,Poor
3244,436,313,2.6,0.36,22,Poor
3245,2208,1403,2.7,0.18,78,Poor
3246,2711,1698,3.0,0.18,56,Poor
3247,2114,199,3.8,0.38,49,Poor
3248,3901,816,4.6,0.39,58,Poor
3249,3303,3203,4.7,0.01,6,Excellent
3250,4686,3833,4.0,0.07,46,Average
3251,4316,2044,4.8,0.11,88,Average
3252,789,518,3.8,0.18,86,Average
3253,1451,1189,4.7,0.15,74,Average
3254,3309,2508,3.6,0.33,55,Poor
3255,2327,906,3.2,0.41,7,Poor
3256,3954,2488,4.8,0.1,35,Average
3257,3973,3407,3.5,0.28,41,Poor
3258,4264,1539,3.8,0.18,38,Average
3259,3277,2535,3.3,0.25,64,Poor
3260,2881,2780,4.2,0.31,43,Poor
3261,3808,2452,5.0,0.45,76,Poor
3262,2562,2381,2.6,0.1,79,Poor
3263,2201,790,4.7,0.04,45,Average
3264,3725,1298,2.5,0.31,12,Poor
3265,2795,978,3.4,0.2,36,Poor
3266,3916,936,2.9,0.08,13,Poor
3267,3814,2090,4.4,0.06,12,Good
3268,2272,1801,2.6,0.28,11,Poor
3269,2842,358,3.9,0.15,54,Average
3270,1747,1536,3.2,0.5,27,Poor
3271,3512,2890,2.8,0.2,21,Poor
3272,4113,3602,4.4,0.11,83,Average
3273,1574,385,3.0,0.31,18,Poor
3274,4810,934,3.1,0.12,74,Poor
3275,82,81,3.2,0.25,29,Poor
3276,4075,3690,4.0,0.24,53,Poor
3277,2616,494,4.1,0.23,89,Poor
3278,2853,1466,2.5,0.4,14,Poor
3279,3946,1399,3.1,0.11,29,Poor
3280,3759,1503,3.6,0.45,28,Poor
3281,769,522,3.3,0.4,31,Poor
3282,4629,2094,4.7,0.17,29,Average
3283,1022,961,4.5,0.09,15,Good
3284,3768,2869,4.1,0.14,35,Average
3285,4452,820,3.3,0.17,81,Poor
3286,4602,1266,4.3,0.28,47,Poor
3287,2257,883,4.6,0.02,27,Average
3288,4476,2757,4.0,0.46,61,Poor
3289,4370,3515,4.5,0.05,82,Average
3290,3080,758,4.4,0.14,55,Average
3291,3625,1394,3.9,0.05,55,Average
3292,3166,2482,3.3,0.13,74,Poor
3293,3335,1001,4.4,0.42,16,Poor
3294,693,448,3.0,0.31,61,Poor
3295,4761,2108,4.4,0.11,20,Average
3296,244,156,4.5,0.44,36,Poor
3297,4046,1031,4.6,0.4,33,Poor
3298,538,412,3.7,0.38,96,Poor
3299,2254,2146,3.0,0.42,28,Poor
3300,2707,736,2.7,0.31,67,Poor
3301,3326,1827,4.4,0.25,95,Poor
3302,1152,563,4.7,0.19,59,Average
3303,1291,493,4.1,0.11,10,Average
3304,565,161,2.9,0.28,89,Poor
3305,442,270,4.8,0.44,81,Poor
3306,680,313,5.0,0.3,95,Poor
3307,3766,629,3.6,0.46,59,Poor
3308,1897,155,4.0,0.18,90,Average
3309,2705,2551,4.4,0.35,79,Poor
3310,1029,808,4.3,0.32,73,Poor
3311,4579,2881,4.9,0.34,33,Poor
3312,3452,574,2.8,0.32,32,Poor
3313,3921,1675,4.0,0.11,9,Average
3314,327,239,4.2,0.07,59,Average
3315,282,65,4.7,0.49,25,Poor
3316,1602,1279,4.7,0.02,24,Average
3317,3320,1091,4.9,0.23,1,Poor
3318,2459,2265,3.8,0.21,89,Poor
3319,3562,2151,4.6,0.18,83,Average
3320,75,50,3.6,0.39,2,Poor
3321,510,180,3.6,0.37,31,Poor
3322,3814,1471,3.1,0.45,0,Poor
3323,3481,2138,4.5,0.2,23,Poor
3324,3533,2587,5.0,0.28,49,Poor
3325,2044,2012,3.1,0.45,42,Poor
3326,540,71,2.6,0.5,43,Poor
3327,1122,1088,4.5,0.48,32,Poor
3328,3223,2360,4.1,0.36,37,Poor
3329,265,189,4.9,0.07,51,Average
3330,1773,831,3.1,0.01,34,Poor
3331,1642,1508,2.7,0.41,16,Poor
3332,2656,1928,3.7,0.42,57,Poor
3333,208,57,2.7,0.37,47,Poor
3334,4831,2447,3.2,0.14,42,Poor
3335,3363,3074,2.8,0.32,47,Poor
3336,2891,1786,3.1,0.16,43,Poor
3337,1826,1521,2.8,0.23,32,Poor
3338,2102,599,4.9,0.19,74,Average
3339,2345,1462,3.2,0.46,86,Poor
3340,1746,717,3.6,0.12,95,Average
3341,3043,1996,4.7,0.29,82,Poor
3342,2519,2510,4.2,0.18,75,Average
3343,1996,745,4.0,0.33,91,Poor
3344,3859,3823,4.3,0.28,1,Poor
3345,2833,305,4.6,0.46,9,Poor
3346,3694,1911,4.7,0.05,82,Average
3347,2550,589,4.1,0.11,27,Average
3348,3695,3639,4.7,0.38,46,Poor
3349,2695,1984,3.8,0.18,7,Average
3350,2399,1533,3.2,0.08,22,Poor
3351,1982,517,4.7,0.25,47,Poor
3352,3344,1937,3.9,0.33,93,Poor
3353,1807,724,4.8,0.02,91,Average
3354,1166,581,2.6,0.15,62,Poor
3355,2617,2018,3.5,0.4,76,Poor
3356,3549,51,4.9,0.26,36,Poor
3357,542,62,3.1,0.02,11,Poor
3358,3356,1936,4.9,0.14,73,Average
3359,669,370,4.9,0.32,80,Poor
3360,3282,1865,4.7,0.1,64,Average
3361,3873,578,3.9,0.41,85,Poor
3362,2430,2337,4.1,0.34,14,Poor
3363,1596,1456,4.7,0.24,79,Poor
3364,3613,962,4.4,0.46,83,Poor
3365,1655,1618,4.1,0.2,9,Poor
3366,3802,3110,5.0,0.12,41,Average
3367,4725,1390,4.2,0.33,25,Poor
3368,1940,1656,4.9,0.29,48,Poor
3369,1325,56,2.6,0.17,22,Poor
3370,2793,111,2.8,0.17,63,Poor
3371,2543,1863,3.6,0.2,16,Poor
3372,406,204,3.5,0.15,33,Poor
3373,919,747,4.5,0.36,56,Poor
3374,935,47,2.9,0.33,85,Poor
3375,2051,1591,4.9,0.22,3,Poor
3376,1333,391,3.3,0.2,70,Poor
3377,669,549,3.6,0.18,68,Average
3378,932,364,3.2,0.14,94,Poor
3379,846,438,3.9,0.04,82,Average
3380,3692,1239,2.6,0.13,67,Poor
3381,3475,2145,2.9,0.16,49,Poor
3382,1346,186,4.4,0.27,85,Poor
3383,4764,283,3.0,0.39,66,Poor
3384,294,227,3.1,0.2,86,Poor
3385,2945,2791,4.5,0.47,67,Poor
3386,979,290,2.7,0.41,87,Poor
3387,569,282,3.6,0.49,58,Poor
3388,3262,1549,2.6,0.44,77,Poor
3389,2459,1828,3.4,0.31,62,Poor
3390,57,41,4.2,0.3,66,Poor
3391,2575,1769,2.7,0.06,84,Poor
3392,3473,1929,4.7,0.36,25,Poor
3393,2069,1355,4.8,0.3,0,Poor
3394,4640,1217,2.8,0.25,93,Poor
3395,4332,2498,5.0,0.35,67,Poor
3396,3717,787,3.2,0.22,77,Poor
3397,3721,2530,2.7,0.26,17,Poor
3398,2851,120,2.5,0.2,11,Poor
3399,135,35,3.5,0.36,37,Poor
3400,3165,1752,4.1,0.44,41,Poor
3401,4282,1939,3.3,0.42,35,Poor
3402,2518,2311,4.6,0.39,15,Poor
3403,3669,1391,4.3,0.01,64,Average
3404,1686,1292,3.4,0.46,66,Poor
3405,3633,124,4.3,0.14,38,Average
3406,4059,713,4.9,0.44,98,Poor
3407,3376,1710,2.7,0.1,58,Poor
3408,2268,1330,3.3,0.22,78,Poor
3409,2267,1090,3.7,0.37,37,Poor
3410,2419,1086,3.7,0.32,15,Poor
3411,3688,3412,3.9,0.21,80,Poor
3412,2553,837,3.3,0.34,97,Poor
3413,993,240,4.2,0.27,73,Poor
3414,2887,1556,4.1,0.14,10,Average
3415,2710,2211,3.9,0.32,27,Poor
3416,2986,909,2.8,0.1,90,Poor
3417,4494,809,3.7,0.35,81,Poor
3418,3997,572,3.4,0.0,93,Poor
3419,1726,863,3.7,0.27,76,Poor
3420,1246,678,4.8,0.2,79,Poor
3421,4155,1038,3.7,0.15,1,Average
3422,2837,1973,2.5,0.26,19,Poor
3423,1511,1210,3.6,0.32,75,Poor
3424,3368,770,4.6,0.48,92,Poor
3425,716,268,4.5,0.42,71,Poor
3426,2226,794,3.8,0.36,37,Poor
3427,3793,2831,3.1,0.24,55,Poor
3428,650,376,3.7,0.2,83,Poor
3429,2702,711,3.9,0.02,98,Average
3430,4472,4349,5.0,0.18,38,Average
3431,3874,2091,4.1,0.42,30,Poor
3432,3956,3117,4.2,0.19,79,Average
3433,1029,400,3.7,0.23,22,Poor
3434,2501,1025,3.4,0.14,33,Poor
3435,678,365,4.5,0.14,95,Average
3436,1679,1421,3.7,0.03,16,Average
3437,3746,2589,5.0,0.31,23,Poor
3438,3480,2084,3.6,0.22,34,Poor
3439,3724,2312,2.7,0.3,22,Poor
3440,3979,2785,4.2,0.27,7,Poor
3441,2815,736,2.6,0.4,53,Poor
3442,4419,4060,3.1,0.38,86,Poor
3443,4830,1731,3.4,0.39,20,Poor
3444,165,137,4.3,0.25,18,Poor
3445,2053,28,3.7,0.18,30,Average
3446,742,617,2.6,0.47,49,Poor
3447,3212,42,4.0,0.03,70,Average
3448,1155,259,3.5,0.08,23,Poor
3449,3058,1628,4.8,0.21,45,Poor
3450,2211,2094,3.7,0.31,7,Poor
3451,203,112,4.3,0.0,76,Average
3452,3749,1124,3.0,0.36,2,Poor
3453,4460,3687,4.4,0.28,33,Poor
3454,3836,2266,4.3,0.24,76,Poor
3455,1114,794,4.8,0.21,56,Poor
3456,4250,111,2.6,0.26,57,Poor
3457,1963,870,3.6,0.08,95,Average
3458,1266,1127,4.2,0.05,34,Average
3459,2451,319,2.7,0.14,20,Poor
3460,1822,315,3.5,0.35,64,Poor
3461,2010,666,4.9,0.29,65,Poor
3462,2830,1497,3.6,0.24,56,Poor
3463,4854,1102,5.0,0.29,41,Poor
3464,4796,2976,2.6,0.28,42,Poor
3465,2921,1385,4.3,0.15,25,Average
3466,710,484,4.0,0.05,66,Average
3467,2685,2409,3.8,0.45,87,Poor
3468,2379,2129,4.9,0.3,25,Poor
3469,4004,795,2.8,0.35,7,Poor
3470,2500,1472,4.7,0.23,46,Poor
3471,1182,275,4.2,0.38,36,Poor
3472,749,725,3.1,0.29,71,Poor
3473,2088,1347,4.8,0.03,81,Average
3474,4697,634,3.6,0.45,17,Poor
3475,4550,264,4.5,0.15,75,Average
3476,4607,776,3.5,0.07,35,Poor
3477,2229,843,4.6,0.04,1,Excellent
3478,2888,2847,4.1,0.36,83,Poor
3479,923,755,2.9,0.35,2,Poor
3480,133,111,4.1,0.35,33,Poor
3481,1472,1455,3.0,0.46,45,Poor
3482,2725,1260,3.5,0.17,61,Poor
3483,3230,535,2.9,0.28,69,Poor
3484,4366,493,2.6,0.31,56,Poor
3485,4025,55,3.0,0.49,9,Poor
3486,1441,1221,3.8,0.16,87,Average
3487,3268,1430,3.7,0.48,17,Poor
3488,4257,1812,3.8,0.07,32,Average
3489,664,36,3.1,0.38,6,Poor
3490,3021,1754,4.2,0.32,44,Poor
3491,3615,849,4.3,0.41,28,Poor
3492,3626,3139,3.4,0.01,82,Poor
3493,4620,3962,4.7,0.04,37,Average
3494,320,181,4.1,0.03,38,Average
3495,4116,964,4.3,0.3,24,Poor
3496,2518,1531,3.2,0.3,16,Poor
3497,1440,450,2.5,0.45,60,Poor
3498,3404,2042,4.7,0.23,50,Poor
3499,4185,878,4.6,0.03,36,Average
3500,3657,3580,2.8,0.1,66,Poor
3501,2633,249,3.4,0.0,23,Poor
3502,4123,2437,4.2,0.39,81,Poor
3503,3125,197,4.1,0.41,48,Poor
3504,3956,3948,4.7,0.5,89,Poor
3505,339,75,2.9,0.21,20,Poor
3506,2530,1633,3.6,0.01,74,Average
3507,3302,3297,2.7,0.12,56,Poor
3508,328,300,3.5,0.29,40,Poor
3509,2974,1783,2.5,0.48,16,Poor
3510,630,101,4.7,0.05,20,Average
3511,303,269,3.8,0.06,67,Average
3512,4326,1236,4.6,0.35,95,Poor
3513,4826,4733,2.6,0.33,81,Poor
3514,874,208,3.1,0.13,63,Poor
3515,3882,3367,3.1,0.41,43,Poor
3516,749,93,3.5,0.06,27,Poor
3517,1430,1053,4.5,0.46,35,Poor
3518,3946,3726,3.5,0.1,36,Poor
3519,1723,235,3.0,0.04,43,Poor
3520,2777,2357,2.7,0.17,49,Poor
3521,3206,464,2.7,0.09,89,Poor
3522,3438,942,4.4,0.26,54,Poor
3523,4357,4308,3.6,0.34,87,Poor
3524,433,146,4.3,0.25,9,Poor
3525,391,308,4.2,0.33,37,Poor
3526,2037,2007,2.8,0.18,48,Poor
3527,4109,2650,2.9,0.01,71,Poor
3528,4989,1187,4.4,0.49,1,Poor
3529,3159,1450,4.3,0.41,43,Poor
3530,4132,3461,3.4,0.04,34,Poor
3531,4565,3532,2.7,0.22,20,Poor
3532,2848,1990,2.5,0.32,56,Poor
3533,3290,2848,3.2,0.1,90,Poor
3534,2038,915,2.5,0.29,22,Poor
3535,3464,939,3.1,0.27,31,Poor
3536,1899,1694,3.5,0.1,89,Poor
3537,355,71,2.8,0.07,70,Poor
3538,3663,2054,2.8,0.38,32,Poor
3539,2799,1572,4.7,0.16,16,Average
3540,1185,32,4.0,0.12,71,Average
3541,255,209,4.8,0.37,41,Poor
3542,4641,3054,3.4,0.37,16,Poor
3543,3500,2407,4.2,0.14,47,Average
3544,3861,2932,3.0,0.44,47,Poor
3545,3672,1917,4.0,0.34,81,Poor
3546,3649,1819,2.8,0.17,99,Poor
3547,2601,331,2.5,0.21,56,Poor
3548,4358,2800,4.8,0.36,60,Poor
3549,359,123,3.9,0.11,43,Average
3550,2758,358,4.8,0.23,22,Poor
3551,2041,1241,3.3,0.33,75,Poor
3552,321,319,3.3,0.27,86,Poor
3553,3692,3535,3.5,0.3,52,Poor
3554,4136,1192,4.3,0.27,32,Poor
3555,1872,780,3.9,0.1,55,Average
3556,3323,787,4.8,0.21,27,Poor
3557,4588,3049,2.6,0.27,22,Poor
3558,4399,2109,4.3,0.39,62,Poor
3559,570,221,3.3,0.33,6,Poor
3560,1026,989,3.0,0.21,1,Poor
3561,3772,3335,3.8,0.49,64,Poor
3562,3601,1712,3.8,0.05,3,Average
3563,4155,468,2.8,0.1,7,Poor
3564,2823,932,3.0,0.17,48,Poor
3565,2602,817,3.5,0.11,28,Poor
3566,2882,813,3.5,0.31,81,Poor
3567,3957,456,3.3,0.02,54,Poor
3568,202,144,2.9,0.09,36,Poor
3569,3014,1793,2.5,0.15,94,Poor
3570,2966,550,4.9,0.34,5,Poor
3571,2850,584,4.9,0.44,23,Poor
3572,1802,1640,3.7,0.4,78,Poor
3573,2660,1316,5.0,0.09,39,Average
3574,3925,3521,4.2,0.28,11,Poor
3575,1154,891,2.7,0.02,63,Poor
3576,2586,232,2.8,0.16,45,Poor
3577,4249,968,4.8,0.4,13,Poor
3578,3904,1147,4.1,0.23,26,Poor
3579,3544,211,4.6,0.07,36,Average
3580,1964,1732,4.7,0.22,76,Poor
3581,3122,1423,3.6,0.1,61,Average
3582,1056,724,2.6,0.2,66,Poor
3583,456,56,3.0,0.24,79,Poor
3584,216,140,2.7,0.17,75,Poor
3585,558,173,3.0,0.47,13,Poor
3586,1711,1685,3.5,0.28,97,Poor
3587,3714,590,2.8,0.42,94,Poor
3588,3539,1804,2.9,0.38,38,Poor
3589,4908,2307,3.6,0.33,4,Poor
3590,730,393,3.4,0.25,75,Poor
3591,2574,824,3.7,0.0,25,Average
3592,2170,818,3.6,0.31,80,Poor
3593,4727,3295,4.1,0.18,52,Average
3594,4407,630,4.8,0.06,62,Average
3595,1413,1393,2.8,0.22,10,Poor
3596,1381,707,2.7,0.37,32,Poor
3597,2342,1826,4.6,0.48,40,Poor
3598,1588,162,3.8,0.19,39,Average
3599,3458,3280,4.4,0.27,45,Poor
3600,610,291,3.0,0.43,3,Poor
3601,1149,445,4.6,0.17,95,Average
3602,1953,65,4.8,0.07,94,Average
3603,224,114,4.1,0.14,10,Average
3604,2206,2131,2.8,0.45,80,Poor
3605,2280,478,4.7,0.08,26,Average
3606,4337,1452,4.5,0.16,7,Average
3607,4210,2537,4.4,0.23,20,Poor
3608,3970,2877,2.6,0.42,96,Poor
3609,1547,525,4.5,0.47,4,Poor
3610,3904,1729,2.8,0.21,61,Poor
3611,3221,1116,3.1,0.47,31,Poor
3612,1617,103,3.9,0.08,88,Average
3613,1201,78,3.2,0.08,57,Poor
3614,418,40,4.2,0.47,71,Poor
3615,4996,2224,4.0,0.25,26,Poor
3616,92,82,2.8,0.09,25,Poor
3617,1957,1372,4.1,0.24,39,Poor
3618,3540,1616,4.8,0.39,28,Poor
3619,2585,595,2.9,0.41,72,Poor
3620,4223,699,4.0,0.43,81,Poor
3621,2923,222,3.4,0.28,6,Poor
3622,1874,1684,3.6,0.43,20,Poor
3623,1343,1149,3.2,0.26,79,Poor
3624,4819,3924,3.4,0.3,66,Poor
3625,4846,3213,2.6,0.38,95,Poor
3626,4904,337,5.0,0.21,9,Poor
3627,3436,1225,4.1,0.04,61,Average
3628,3022,1658,3.8,0.18,95,Average
3629,3972,3407,3.5,0.31,7,Poor
3630,1042,833,3.8,0.1,95,Average
3631,2436,1816,3.5,0.07,3,Poor
3632,2290,425,3.4,0.15,28,Poor
3633,1526,1005,3.7,0.02,11,Average
3634,3457,3016,3.2,0.37,99,Poor
3635,439,89,3.0,0.13,50,Poor
3636,1049,514,3.9,0.06,18,Average
3637,4670,698,4.6,0.35,30,Poor
3638,1905,1290,2.9,0.42,25,Poor
3639,708,562,2.6,0.01,5,Poor
3640,2813,1567,3.1,0.12,28,Poor
3641,3713,3334,4.9,0.47,16,Poor
3642,1531,1379,4.6,0.19,19,Average
3643,3781,1465,4.0,0.47,41,Poor
3644,501,342,4.8,0.14,46,Average
3645,2525,2261,3.6,0.11,73,Average
3646,3272,2375,5.0,0.11,69,Average
3647,1587,525,3.2,0.04,95,Poor
3648,3143,300,3.1,0.45,1,Poor
3649,932,822,4.1,0.49,73,Poor
3650,4458,2782,3.4,0.48,36,Poor
3651,4118,1266,4.1,0.43,90,Poor
3652,4985,1792,3.3,0.42,18,Poor
3653,2616,2184,4.0,0.33,40,Poor
3654,3327,3035,3.2,0.41,15,Poor
3655,424,211,2.6,0.1,83,Poor
3656,4596,2855,4.8,0.19,59,Average
3657,3747,2685,4.7,0.32,56,Poor
3658,3112,2037,4.9,0.44,99,Poor
3659,4740,2583,4.3,0.33,63,Poor
3660,3300,326,4.2,0.42,4,Poor
3661,4645,551,3.9,0.24,17,Poor
3662,4609,4237,2.8,0.36,71,Poor
3663,162,156,3.0,0.49,12,Poor
3664,3247,611,3.2,0.08,73,Poor
3665,2428,1495,4.7,0.46,35,Poor
3666,1974,1212,2.9,0.26,18,Poor
3667,189,78,4.8,0.32,30,Poor
3668,1474,320,3.8,0.44,99,Poor
3669,2999,2620,4.3,0.2,92,Poor
3670,3218,1593,2.8,0.21,22,Poor
3671,566,136,3.2,0.26,31,Poor
3672,2666,1830,4.9,0.01,10,Good
3673,937,801,3.2,0.25,65,Poor
3674,3154,418,3.2,0.15,95,Poor
3675,99,22,3.0,0.46,4,Poor
3676,4001,2872,2.8,0.04,94,Poor
3677,3610,2565,3.1,0.23,12,Poor
3678,68,65,4.1,0.47,85,Poor
3679,4871,4643,3.6,0.45,63,Poor
3680,1523,417,3.9,0.35,34,Poor
3681,4111,3356,2.8,0.29,82,Poor
3682,2656,1794,4.5,0.14,28,Average
3683,501,282,4.5,0.18,22,Average
3684,3815,1441,2.6,0.05,82,Poor
3685,2488,1689,3.5,0.39,79,Poor
3686,4360,455,2.7,0.16,94,Poor
3687,1599,859,4.5,0.33,15,Poor
3688,3524,379,4.3,0.18,25,Average
3689,177,148,4.8,0.23,2,Poor
3690,4905,2701,3.1,0.28,22,Poor
3691,2811,1670,3.6,0.4,56,Poor
3692,4506,1265,3.0,0.11,8,Poor
3693,4714,2281,3.4,0.2,50,Poor
3694,1465,935,3.8,0.07,87,Average
3695,251,99,2.6,0.04,32,Poor
3696,2419,1818,4.3,0.3,77,Poor
3697,567,154,3.9,0.09,91,Average
3698,1391,773,4.6,0.03,23,Average
3699,4826,4501,3.2,0.45,49,Poor
3700,2038,1346,4.8,0.27,51,Poor
3701,3595,1825,5.0,0.07,70,Average
3702,4570,3378,4.8,0.03,37,Average
3703,3852,1605,4.4,0.06,43,Average
3704,3325,1232,4.5,0.24,88,Poor
3705,3704,3388,3.9,0.33,55,Poor
3706,2484,1569,3.0,0.32,65,Poor
3707,4923,408,4.2,0.07,44,Average
3708,257,222,4.3,0.32,51,Poor
3709,2683,723,5.0,0.2,0,Poor
3710,4167,2840,3.9,0.23,86,Poor
3711,203,132,3.2,0.4,81,Poor
3712,3416,883,4.2,0.17,63,Average
3713,4364,1079,4.9,0.07,7,Good
3714,4814,4194,2.9,0.44,97,Poor
3715,1568,1318,3.3,0.11,42,Poor
3716,2650,1321,3.9,0.15,7,Average
3717,2245,693,2.9,0.35,28,Poor
3718,4548,2379,2.6,0.34,12,Poor
3719,4741,4319,3.3,0.4,0,Poor
3720,3604,1004,4.7,0.09,28,Average
3721,2464,1995,2.6,0.18,49,Poor
3722,2899,36,3.6,0.06,36,Average
3723,1792,1757,4.4,0.27,0,Poor
3724,1356,495,4.9,0.15,68,Average
3725,3899,3602,5.0,0.34,47,Poor
3726,4218,1036,3.6,0.0,54,Average
3727,4626,229,4.9,0.03,65,Average
3728,4705,518,2.6,0.22,62,Poor
3729,4890,448,4.4,0.48,21,Poor
3730,4245,3659,4.1,0.45,93,Poor
3731,2605,1349,3.1,0.5,10,Poor
3732,2355,2125,3.8,0.21,28,Poor
3733,4558,1573,2.8,0.02,2,Poor
3734,1138,1013,4.7,0.15,44,Average
3735,2692,2589,3.4,0.34,76,Poor
3736,1227,600,4.1,0.07,2,Good
3737,4966,1896,2.9,0.15,73,Poor
3738,4807,1087,3.0,0.03,67,Poor
3739,3044,1526,5.0,0.24,13,Poor
3740,609,512,4.4,0.1,86,Average
3741,3014,2566,4.9,0.05,80,Average
3742,1321,1061,3.2,0.21,64,Poor
3743,1863,624,2.9,0.18,56,Poor
3744,2965,967,3.8,0.27,14,Poor
3745,659,313,3.7,0.37,59,Poor
3746,2511,1191,2.9,0.06,53,Poor
3747,4170,191,4.3,0.4,1,Poor
3748,333,70,3.4,0.01,81,Poor
3749,2978,550,3.0,0.22,63,Poor
3750,4446,1163,3.3,0.29,85,Poor
3751,1141,85,3.9,0.48,27,Poor
3752,866,160,4.3,0.29,93,Poor
3753,132,81,3.7,0.08,76,Average
3754,1970,1549,3.8,0.26,66,Poor
3755,3541,208,2.8,0.2,2,Poor
3756,3194,177,4.8,0.24,52,Poor
3757,2143,1990,4.8,0.1,25,Average
3758,4763,265,4.2,0.25,3,Poor
3759,225,107,2.5,0.08,15,Poor
3760,2754,2397,3.8,0.37,91,Poor
3761,4987,869,4.1,0.3,71,Poor
3762,419,294,5.0,0.04,53,Average
3763,1868,1114,5.0,0.44,15,Poor
3764,2151,1356,4.6,0.31,30,Poor
3765,4835,4006,2.7,0.16,86,Poor
3766,3540,2146,4.9,0.02,1,Excellent
3767,1829,188,4.0,0.32,72,Poor
3768,1414,829,4.5,0.19,90,Average
3769,4512,3050,3.5,0.45,44,Poor
3770,3392,2247,3.3,0.02,53,Poor
3771,4789,2327,3.7,0.02,58,Average
3772,3726,1529,2.9,0.47,58,Poor
3773,2476,1815,3.4,0.48,21,Poor
3774,122,24,4.6,0.01,33,Average
3775,3012,2364,2.6,0.36,72,Poor
3776,909,639,2.9,0.11,96,Poor
3777,3906,2922,2.8,0.35,55,Poor
3778,4188,2427,3.5,0.43,33,Poor
3779,2474,2184,5.0,0.05,98,Average
3780,1114,376,2.9,0.12,25,Poor
3781,2267,1697,2.9,0.01,70,Poor
3782,4067,1231,4.8,0.02,44,Average
3783,2309,1324,4.7,0.01,90,Average
3784,3801,1554,2.6,0.4,75,Poor
3785,2136,1509,4.4,0.15,80,Average
3786,418,134,4.1,0.25,20,Poor
3787,2854,1983,4.4,0.39,42,Poor
3788,200,101,3.7,0.25,85,Poor
3789,1184,541,5.0,0.21,89,Poor
3790,2834,218,2.6,0.01,38,Poor
3791,4214,1807,3.1,0.28,12,Poor
3792,2396,1093,3.5,0.06,41,Poor
3793,4947,1185,3.6,0.38,44,Poor
3794,2300,1826,4.8,0.13,86,Average
3795,110,35,3.9,0.34,50,Poor
3796,3060,1557,2.6,0.32,93,Poor
3797,3951,2737,3.5,0.31,16,Poor
3798,1387,1073,3.5,0.13,90,Poor
3799,1234,1125,4.9,0.13,83,Average
3800,4476,4146,4.0,0.43,62,Poor
3801,1601,1027,4.1,0.01,6,Good
3802,4483,679,4.3,0.09,54,Average
3803,1679,196,4.4,0.31,3,Poor
3804,1377,389,4.1,0.41,30,Poor
3805,1576,566,3.1,0.18,93,Poor
3806,1723,554,4.7,0.33,94,Poor
3807,1411,1149,4.3,0.28,55,Poor
3808,1623,116,4.4,0.03,3,Good
3809,2736,2297,5.0,0.31,81,Poor
3810,4420,2294,4.5,0.41,83,Poor
3811,2416,390,4.6,0.5,39,Poor
3812,3807,1143,4.9,0.01,46,Average
3813,2484,1488,2.9,0.33,49,Poor
3814,2043,1511,3.7,0.21,22,Poor
3815,919,74,4.0,0.0,50,Average
3816,1064,443,3.3,0.31,37,Poor
3817,1961,334,4.6,0.06,8,Good
3818,652,147,4.4,0.19,60,Average
3819,3871,2099,4.3,0.13,79,Average
3820,740,112,5.0,0.18,20,Average
3821,543,538,3.1,0.25,8,Poor
3822,539,277,4.3,0.18,24,Average
3823,2606,1945,3.9,0.28,35,Poor
3824,4535,2819,3.3,0.12,42,Poor
3825,344,125,2.9,0.32,77,Poor
3826,4077,1591,4.7,0.43,80,Poor
3827,2893,435,4.0,0.11,27,Average
3828,2962,2624,4.6,0.25,63,Poor
3829,1767,1352,3.9,0.32,44,Poor
3830,2646,2433,3.0,0.28,55,Poor
3831,4794,1564,3.3,0.18,47,Poor
3832,1923,1502,3.5,0.32,7,Poor
3833,4713,2666,4.9,0.01,13,Good
3834,3308,2398,2.5,0.18,14,Poor
3835,2867,708,5.0,0.27,38,Poor
3836,494,149,5.0,0.01,24,Average
3837,3691,2078,5.0,0.25,62,Poor
3838,4508,1165,3.7,0.33,58,Poor
3839,791,254,4.9,0.38,74,Poor
3840,2091,1374,3.5,0.06,28,Poor
3841,729,562,2.6,0.5,2,Poor
3842,2517,2415,3.1,0.3,38,Poor
3843,3747,3025,4.9,0.18,21,Average
3844,1408,431,2.5,0.12,40,Poor
3845,112,44,3.9,0.29,19,Poor
3846,2609,1255,2.7,0.44,18,Poor
3847,3819,111,3.2,0.26,12,Poor
3848,4401,4012,2.7,0.33,90,Poor
3849,184,94,4.6,0.18,18,Average
3850,3694,3558,4.0,0.19,79,Average
3851,4967,974,4.8,0.14,65,Average
3852,2185,1271,4.2,0.35,64,Poor
3853,3328,213,4.9,0.18,2,Average
3854,872,549,3.8,0.1,23,Average
3855,3124,2912,4.1,0.18,37,Average
3856,3031,1286,3.9,0.43,1,Poor
3857,170,152,3.7,0.37,55,Poor
3858,1687,1319,4.6,0.17,79,Average
3859,974,469,4.1,0.45,92,Poor
3860,694,658,4.5,0.04,36,Average
3861,2082,1630,4.5,0.02,3,Good
3862,2811,1617,3.0,0.06,77,Poor
3863,2118,717,4.1,0.06,80,Average
3864,291,197,3.0,0.04,43,Poor
3865,2718,2065,4.0,0.33,44,Poor
3866,852,697,4.2,0.3,80,Poor
3867,4214,2762,5.0,0.32,83,Poor
3868,245,47,2.6,0.34,46,Poor
3869,2237,349,2.7,0.38,92,Poor
3870,3565,489,2.7,0.1,25,Poor
3871,2380,553,3.5,0.31,80,Poor
3872,2409,1982,4.6,0.29,75,Poor
3873,4891,4582,4.6,0.47,91,Poor
3874,3656,3044,4.3,0.12,8,Average
3875,326,115,4.7,0.03,95,Average
3876,110,71,3.3,0.33,97,Poor
3877,3440,1975,2.7,0.37,79,Poor
3878,1963,943,2.6,0.14,47,Poor
3879,3977,2401,4.6,0.29,30,Poor
3880,2641,973,4.3,0.03,54,Average
3881,616,439,4.2,0.48,90,Poor
3882,3985,3417,3.3,0.05,92,Poor
3883,1621,1041,3.4,0.03,0,Poor
3884,4767,1692,4.9,0.02,90,Average
3885,1250,808,2.7,0.21,95,Poor
3886,4459,3664,4.4,0.05,58,Average
3887,2904,2317,3.3,0.37,10,Poor
3888,2945,1339,2.6,0.45,98,Poor
3889,1286,203,4.4,0.13,1,Average
3890,186,23,3.3,0.31,45,Poor
3891,1079,818,4.3,0.02,0,Good
3892,2206,1710,4.3,0.19,69,Average
3893,2644,2253,3.8,0.15,70,Average
3894,711,428,4.4,0.11,65,Average
3895,2522,1816,4.0,0.32,1,Poor
3896,2727,646,3.2,0.07,68,Poor
3897,2358,2075,4.3,0.43,12,Poor
3898,136,28,4.0,0.33,18,Poor
3899,2562,802,2.5,0.36,82,Poor
3900,2992,1527,4.8,0.47,46,Poor
3901,2823,1804,3.9,0.47,0,Poor
3902,2554,794,4.7,0.28,98,Poor
3903,3360,1779,4.7,0.25,17,Poor
3904,1750,1026,3.6,0.17,31,Average
3905,3720,3462,3.8,0.36,95,Poor
3906,2750,696,3.5,0.27,71,Poor
3907,3679,3174,3.6,0.47,10,Poor
3908,4640,1850,4.7,0.12,19,Average
3909,1697,1689,4.5,0.16,7,Average
3910,3368,230,2.8,0.16,91,Poor
3911,3737,1356,4.0,0.4,84,Poor
3912,646,623,5.0,0.05,37,Average
3913,4595,1380,4.0,0.23,5,Poor
3914,534,509,4.5,0.21,1,Poor
3915,695,422,4.4,0.04,73,Average
3916,3139,2706,3.4,0.21,72,Poor
3917,4807,210,3.4,0.26,54,Poor
3918,4903,862,4.3,0.03,2,Good
3919,4434,354,3.7,0.25,65,Poor
3920,770,541,3.9,0.48,99,Poor
3921,4783,1130,4.3,0.49,71,Poor
3922,548,81,4.4,0.27,72,Poor
3923,4779,406,3.2,0.26,25,Poor
3924,1723,1189,2.9,0.14,97,Poor
3925,3117,2220,3.2,0.5,47,Poor
3926,164,126,3.8,0.14,93,Average
3927,3029,1703,3.4,0.23,7,Poor
3928,4819,506,3.9,0.0,66,Average
3929,1786,1704,2.6,0.17,74,Poor
3930,3661,3338,3.8,0.04,88,Average
3931,2303,1297,3.4,0.37,68,Poor
3932,2344,560,3.8,0.28,75,Poor
3933,3680,3443,3.6,0.29,29,Poor
3934,196,29,3.2,0.14,26,Poor
3935,4032,2080,4.8,0.41,42,Poor
3936,3503,170,3.0,0.0,4,Poor
3937,4557,1258,4.2,0.17,19,Average
3938,2460,1010,4.8,0.33,51,Poor
3939,186,151,3.8,0.45,20,Poor
3940,3410,391,4.7,0.12,2,Average
3941,3055,1156,2.8,0.27,40,Poor
3942,3602,2319,3.7,0.27,63,Poor
3943,68,22,3.6,0.44,67,Poor
3944,2292,2120,2.5,0.03,87,Poor
3945,498,149,3.6,0.21,70,Poor
3946,1998,1879,3.4,0.09,23,Poor
3947,995,212,4.2,0.01,51,Average
3948,4286,1100,4.8,0.07,74,Average
3949,1970,116,2.7,0.49,1,Poor
3950,3027,217,3.3,0.11,43,Poor
3951,4238,2214,3.6,0.47,40,Poor
3952,4065,3775,3.6,0.1,69,Average
3953,288,82,4.4,0.47,6,Poor
3954,254,84,3.6,0.33,37,Poor
3955,2657,703,2.6,0.06,81,Poor
3956,4390,3103,4.3,0.29,44,Poor
3957,4977,4009,4.7,0.16,8,Average
3958,3438,352,3.8,0.19,52,Average
3959,3022,1263,4.0,0.22,27,Poor
3960,4440,1791,2.9,0.21,18,Poor
3961,2737,2030,3.1,0.33,67,Poor
3962,4216,2741,3.1,0.38,3,Poor
3963,1398,826,3.6,0.16,12,Average
3964,4450,1084,4.8,0.46,91,Poor
3965,866,696,3.8,0.47,10,Poor
3966,870,340,3.0,0.02,1,Poor
3967,242,137,3.2,0.01,69,Poor
3968,1826,354,3.5,0.21,11,Poor
3969,3695,3251,4.1,0.3,36,Poor
3970,4674,2331,3.6,0.14,55,Average
3971,300,37,3.5,0.13,87,Poor
3972,1838,1728,3.9,0.34,51,Poor
3973,3750,1520,3.1,0.3,72,Poor
3974,2513,2419,2.7,0.08,89,Poor
3975,1217,695,2.6,0.44,3,Poor
3976,3943,1524,3.1,0.34,3,Poor
3977,1146,938,2.7,0.18,48,Poor
3978,2729,1979,3.3,0.34,51,Poor
3979,1897,24,4.4,0.06,33,Average
3980,3954,2101,4.3,0.23,21,Poor
3981,554,164,4.0,0.08,12,Average
3982,1671,370,4.6,0.02,62,Average
3983,2522,367,3.2,0.17,14,Poor
3984,2596,1785,4.7,0.08,39,Average
3985,1437,144,3.5,0.32,37,Poor
3986,3044,1833,3.5,0.34,54,Poor
3987,3866,3362,3.5,0.07,43,Poor
3988,767,376,2.7,0.01,65,Poor
3989,3534,2594,4.9,0.4,65,Poor
3990,4484,3845,2.8,0.0,42,Poor
3991,708,517,3.4,0.17,71,Poor
3992,4058,1196,3.3,0.25,37,Poor
3993,4574,72,2.7,0.41,81,Poor
3994,4284,168,2.9,0.42,28,Poor
3995,3814,522,2.6,0.36,74,Poor
3996,3039,889,3.2,0.12,55,Poor
3997,4687,3541,4.7,0.36,5,Poor
3998,2154,238,3.3,0.12,8,Poor
3999,1305,471,2.8,0.11,21,Poor
4000,2532,2150,4.1,0.27,45,Poor
4001,433,237,5.0,0.34,88,Poor
4002,2657,757,3.1,0.03,30,Poor
4003,243,33,3.2,0.03,20,Poor
4004,3857,2594,4.9,0.39,37,Poor
4005,3769,2471,2.9,0.43,51,Poor
4006,2631,309,3.8,0.3,18,Poor
4007,2615,2487,3.1,0.21,9,Poor
4008,2813,358,4.8,0.42,45,Poor
4009,2848,2844,5.0,0.36,75,Poor
4010,2389,1713,4.5,0.29,82,Poor
4011,3456,1888,3.3,0.16,65,Poor
4012,781,438,3.5,0.1,78,Poor
4013,2922,1250,3.1,0.21,37,Poor
4014,3170,2753,4.7,0.14,61,Average
4015,4830,3787,4.8,0.17,71,Average
4016,4227,4096,3.5,0.26,45,Poor
4017,2654,2026,4.1,0.08,34,Average
4018,2432,392,2.9,0.4,42,Poor
4019,581,507,3.6,0.07,29,Average
4020,4366,3350,4.1,0.24,72,Poor
4021,684,550,3.5,0.37,62,Poor
4022,1819,943,3.4,0.24,29,Poor
4023,3854,42,2.5,0.18,82,Poor
4024,2420,2171,4.5,0.24,28,Poor
4025,52,26,4.7,0.42,65,Poor
4026,255,124,4.9,0.5,91,Poor
4027,4185,3344,4.3,0.32,71,Poor
4028,2671,1185,3.9,0.4,88,Poor
4029,4789,833,3.2,0.01,73,Poor
4030,2940,674,5.0,0.44,21,Poor
4031,3243,802,4.0,0.48,34,Poor
4032,2716,2374,4.2,0.29,41,Poor
4033,3356,27,4.2,0.38,23,Poor
4034,947,88,4.6,0.26,25,Poor
4035,1135,594,2.5,0.14,30,Poor
4036,1329,1111,3.1,0.43,86,Poor
4037,720,427,4.2,0.3,1,Poor
4038,1555,537,4.7,0.29,38,Poor
4039,3625,3210,4.2,0.33,96,Poor
4040,4864,3122,3.5,0.43,87,Poor
4041,2005,1561,3.4,0.37,11,Poor
4042,299,226,4.3,0.11,72,Average
4043,1942,688,4.4,0.23,43,Poor
4044,3489,598,4.0,0.49,42,Poor
4045,1903,406,3.2,0.28,66,Poor
4046,2904,431,4.8,0.47,86,Poor
4047,1553,1413,3.9,0.41,87,Poor
4048,3435,1396,4.5,0.33,96,Poor
4049,3621,1987,3.0,0.17,93,Poor
4050,3842,1379,3.4,0.15,37,Poor
4051,3476,2958,4.7,0.32,65,Poor
4052,93,29,2.6,0.22,39,Poor
4053,3662,1332,3.8,0.4,21,Poor
4054,2668,982,3.7,0.38,74,Poor
4055,4728,984,4.4,0.16,62,Average
4056,3213,2207,3.2,0.35,58,Poor
4057,1338,319,3.0,0.25,75,Poor
4058,2992,1056,4.8,0.16,18,Average
4059,269,171,3.9,0.21,19,Poor
4060,1975,1471,2.8,0.45,72,Poor
4061,3022,844,3.0,0.18,42,Poor
4062,3563,1907,5.0,0.14,57,Average
4063,2498,2467,3.0,0.18,81,Poor
4064,3521,1011,4.0,0.11,53,Average
4065,2824,1152,3.6,0.27,81,Poor
4066,1040,504,4.7,0.07,39,Average
4067,2996,2216,4.4,0.41,99,Poor
4068,1862,1759,4.0,0.11,26,Average
4069,853,326,2.5,0.3,12,Poor
4070,539,79,4.7,0.06,46,Average
4071,3606,454,3.6,0.49,71,Poor
4072,1543,40,4.8,0.23,22,Poor
4073,3695,2942,3.7,0.41,58,Poor
4074,2941,2449,4.2,0.38,76,Poor
4075,1755,264,2.7,0.36,6,Poor
4076,3566,1945,4.4,0.41,49,Poor
4077,3390,3164,3.3,0.05,65,Poor
4078,103,84,3.4,0.34,2,Poor
4079,2625,1119,2.8,0.13,38,Poor
4080,3641,2765,2.9,0.39,86,Poor
4081,665,609,3.0,0.48,6,Poor
4082,1004,409,3.3,0.45,67,Poor
4083,2483,1374,4.7,0.06,54,Average
4084,1679,278,3.4,0.18,7,Poor
4085,2831,445,4.3,0.18,31,Average
4086,699,25,2.7,0.06,18,Poor
4087,2397,25,4.0,0.05,11,Average
4088,4540,210,3.7,0.19,56,Average
4089,3328,167,4.9,0.5,9,Poor
4090,2690,424,4.6,0.28,77,Poor
4091,3851,277,3.6,0.31,90,Poor
4092,2611,2157,4.4,0.24,20,Poor
4093,3299,843,3.0,0.33,19,Poor
4094,420,371,3.9,0.48,3,Poor
4095,907,29,2.7,0.29,18,Poor
4096,4936,1130,3.4,0.03,28,Poor
4097,4803,3853,3.1,0.25,70,Poor
4098,433,345,4.3,0.5,63,Poor
4099,3927,3242,3.7,0.19,96,Average
4100,2602,1007,4.4,0.3,71,Poor
4101,4384,644,3.8,0.05,10,Average
4102,4340,4145,2.7,0.07,32,Poor
4103,2775,2195,4.3,0.44,24,Poor
4104,4084,3169,4.6,0.15,32,Average
4105,3343,2488,4.8,0.15,99,Average
4106,4301,1098,3.9,0.19,25,Average
4107,4038,3571,4.4,0.48,35,Poor
4108,972,324,4.4,0.04,10,Good
4109,2965,565,2.9,0.41,29,Poor
4110,3000,1148,2.9,0.17,56,Poor
4111,3096,1215,2.7,0.42,96,Poor
4112,1024,518,3.3,0.5,9,Poor
4113,1280,41,3.7,0.17,92,Average
4114,2485,2458,5.0,0.06,24,Average
4115,1864,636,3.6,0.07,95,Average
4116,2984,168,4.3,0.38,67,Poor
4117,4983,3363,4.2,0.07,56,Average
4118,1413,318,3.0,0.13,33,Poor
4119,3990,191,2.6,0.1,85,Poor
4120,253,66,3.9,0.18,76,Average
4121,210,133,4.3,0.04,53,Average
4122,4537,4083,5.0,0.43,50,Poor
4123,818,226,3.4,0.43,99,Poor
4124,3798,472,4.7,0.21,5,Poor
4125,2631,1438,3.5,0.31,58,Poor
4126,1143,944,4.2,0.32,53,Poor
4127,4550,773,4.0,0.37,16,Poor
4128,657,320,2.6,0.26,25,Poor
4129,1590,727,2.7,0.26,87,Poor
4130,2925,1028,2.6,0.32,8,Poor
4131,3241,2743,3.4,0.35,1,Poor
4132,1887,1219,4.4,0.17,19,Average
4133,739,129,2.9,0.17,90,Poor
4134,3809,2751,4.0,0.13,5,Average
4135,2999,2931,3.2,0.27,90,Poor
4136,2153,1245,4.5,0.18,87,Average
4137,415,187,4.5,0.27,78,Poor
4138,3625,105,4.4,0.2,54,Poor
4139,4600,1697,3.8,0.42,47,Poor
4140,4249,2002,3.2,0.04,57,Poor
4141,4222,1506,4.5,0.29,96,Poor
4142,4375,461,3.0,0.29,41,Poor
4143,2428,290,3.2,0.19,73,Poor
4144,1255,363,3.0,0.21,20,Poor
4145,3889,1226,4.2,0.4,5,Poor
4146,2785,2570,4.2,0.14,29,Average
4147,3397,3101,4.1,0.44,22,Poor
4148,1725,513,3.5,0.45,35,Poor
4149,348,253,2.8,0.33,2,Poor
4150,1006,317,4.8,0.39,89,Poor
4151,1164,263,3.8,0.31,33,Poor
4152,2555,1552,3.5,0.26,29,Poor
4153,1524,1394,4.0,0.48,81,Poor
4154,4510,4382,3.0,0.14,80,Poor
4155,4496,1673,2.8,0.08,41,Poor
4156,3776,3747,3.5,0.14,20,Poor
4157,3521,912,3.1,0.31,87,Poor
4158,2878,2268,3.1,0.09,3,Poor
4159,2900,258,4.7,0.45,48,Poor
4160,2556,934,3.8,0.21,47,Poor
4161,3820,1458,3.7,0.42,88,Poor
4162,3014,2551,4.2,0.12,50,Average
4163,4644,1480,4.9,0.16,23,Average
4164,999,265,2.8,0.03,45,Poor
4165,4653,3099,4.6,0.13,26,Average
4166,2900,2219,4.0,0.25,94,Poor
4167,215,155,2.9,0.47,50,Poor
4168,3536,2278,3.2,0.19,98,Poor
4169,2559,386,3.7,0.32,19,Poor
4170,969,963,4.2,0.21,79,Poor
4171,163,77,3.1,0.02,94,Poor
4172,3554,105,3.8,0.25,70,Poor
4173,1041,74,4.2,0.03,17,Good
4174,3889,1756,3.6,0.44,7,Poor
4175,1308,465,4.7,0.38,26,Poor
4176,3476,639,4.7,0.19,13,Average
4177,564,323,3.7,0.32,17,Poor
4178,4854,151,4.9,0.06,64,Average
4179,3246,923,2.7,0.35,30,Poor
4180,4484,3476,2.5,0.41,19,Poor
4181,2634,1007,3.5,0.41,69,Poor
4182,117,89,4.0,0.14,44,Average
4183,1646,66,4.1,0.13,0,Average
4184,4528,1783,3.7,0.26,18,Poor
4185,68,30,2.8,0.48,38,Poor
4186,2780,1304,2.9,0.46,26,Poor
4187,3571,709,4.6,0.18,55,Average
4188,622,43,4.7,0.39,15,Poor
4189,2308,706,4.2,0.46,77,Poor
4190,2952,805,4.2,0.13,97,Average
4191,700,359,4.0,0.42,6,Poor
4192,2637,431,3.0,0.13,19,Poor
4193,3312,2016,3.6,0.17,30,Average
4194,1388,1304,4.2,0.1,85,Average
4195,3684,305,3.8,0.25,83,Poor
4196,2877,1129,2.5,0.42,78,Poor
4197,2267,869,4.9,0.26,24,Poor
4198,3589,449,4.6,0.06,0,Good
4199,1087,50,3.2,0.13,16,Poor
4200,4433,3801,4.0,0.28,79,Poor
4201,4028,622,4.8,0.29,84,Poor
4202,3011,459,2.7,0.29,26,Poor
4203,3276,1004,3.8,0.04,98,Average
4204,1148,431,3.6,0.38,23,Poor
4205,2374,547,3.5,0.45,61,Poor
4206,989,329,4.6,0.26,51,Poor
4207,3766,3016,3.5,0.36,50,Poor
4208,3464,1831,2.7,0.46,65,Poor
4209,1498,1381,2.7,0.32,56,Poor
4210,620,456,2.6,0.34,54,Poor
4211,2954,723,3.5,0.36,52,Poor
4212,2555,682,4.3,0.13,88,Average
4213,967,384,3.0,0.29,18,Poor
4214,1924,942,4.1,0.42,12,Poor
4215,4978,3876,4.2,0.15,28,Average
4216,1728,195,3.1,0.45,95,Poor
4217,665,168,4.0,0.31,5,Poor
4218,4551,955,4.2,0.21,72,Poor
4219,1799,401,3.7,0.31,0,Poor
4220,3875,3314,3.3,0.2,23,Poor
4221,4238,325,4.0,0.42,73,Poor
4222,2527,1421,4.9,0.24,98,Poor
4223,4799,4717,3.6,0.45,5,Poor
4224,3555,2410,3.5,0.25,47,Poor
4225,3525,2223,3.7,0.33,19,Poor
4226,4579,1485,2.7,0.5,75,Poor
4227,1185,422,3.9,0.07,66,Average
4228,4050,633,3.3,0.37,54,Poor
4229,424,304,2.8,0.07,17,Poor
4230,256,170,3.7,0.42,20,Poor
4231,4925,2690,2.5,0.3,98,Poor
4232,1369,622,3.5,0.47,63,Poor
4233,1191,196,2.8,0.43,36,Poor
4234,4677,4564,2.6,0.04,18,Poor
4235,2740,762,4.6,0.07,88,Average
4236,3305,1584,4.8,0.3,55,Poor
4237,139,78,3.0,0.26,61,Poor
4238,4158,2368,3.8,0.08,17,Average
4239,3070,2774,3.2,0.06,29,Poor
4240,1907,326,3.7,0.28,55,Poor
4241,854,770,3.6,0.02,41,Average
4242,994,888,3.2,0.44,52,Poor
4243,2839,233,4.3,0.4,97,Poor
4244,3925,1637,2.8,0.39,73,Poor
4245,1660,502,2.6,0.01,85,Poor
4246,2973,1617,4.4,0.02,49,Average
4247,3932,2200,4.2,0.27,3,Poor
4248,3271,1692,3.7,0.5,62,Poor
4249,4441,531,3.7,0.17,66,Average
4250,4785,272,3.7,0.17,55,Average
4251,2437,57,3.6,0.07,48,Average
4252,4773,648,3.5,0.34,91,Poor
4253,991,424,3.7,0.32,21,Poor
4254,4975,1006,3.8,0.05,11,Average
4255,2616,1745,4.2,0.23,48,Poor
4256,1025,65,4.3,0.33,12,Poor
4257,1004,473,3.4,0.25,32,Poor
4258,1312,324,3.5,0.34,46,Poor
4259,993,734,3.4,0.41,63,Poor
4260,2252,264,3.8,0.34,82,Poor
4261,3377,1764,3.6,0.31,16,Poor
4262,4324,2827,4.7,0.43,33,Poor
4263,2309,2225,4.2,0.45,67,Poor
4264,1878,1448,4.7,0.19,38,Average
4265,1307,1044,4.3,0.09,71,Average
4266,514,236,4.9,0.41,96,Poor
4267,3344,2995,4.1,0.11,0,Average
4268,1280,526,4.9,0.46,4,Poor
4269,2704,780,2.9,0.01,95,Poor
4270,934,923,2.6,0.46,39,Poor
4271,3855,2648,3.9,0.29,62,Poor
4272,3906,1073,5.0,0.39,0,Poor
4273,3185,2694,3.5,0.2,34,Poor
4274,974,539,3.0,0.5,85,Poor
4275,4639,1924,3.8,0.11,92,Average
4276,1596,294,4.1,0.13,16,Average
4277,1144,511,3.3,0.03,93,Poor
4278,2461,846,4.3,0.47,98,Poor
4279,2667,970,4.9,0.23,59,Poor
4280,812,55,4.7,0.34,0,Poor
4281,2373,1198,3.2,0.34,3,Poor
4282,4195,1120,3.3,0.44,8,Poor
4283,2825,1656,3.4,0.33,44,Poor
4284,4709,1475,3.5,0.28,31,Poor
4285,4928,3633,2.8,0.36,68,Poor
4286,3205,58,4.4,0.38,13,Poor
4287,4020,2306,3.4,0.09,50,Poor
4288,2090,163,4.7,0.05,89,Average
4289,633,474,4.8,0.04,22,Average
4290,4381,2435,2.6,0.19,45,Poor
4291,2153,778,5.0,0.25,85,Poor
4292,1992,266,4.3,0.31,26,Poor
4293,4505,3136,3.8,0.48,88,Poor
4294,159,138,3.5,0.17,35,Poor
4295,241,54,3.8,0.38,67,Poor
4296,953,226,3.3,0.27,31,Poor
4297,911,538,4.1,0.11,72,Average
4298,1133,261,2.7,0.31,65,Poor
4299,699,641,4.1,0.48,41,Poor
4300,4184,3205,3.2,0.06,49,Poor
4301,3661,2886,2.5,0.25,56,Poor
4302,686,321,3.9,0.03,63,Average
4303,1086,720,3.9,0.16,45,Average
4304,4181,2221,3.6,0.31,88,Poor
4305,2198,1613,2.7,0.42,73,Poor
4306,3915,2490,4.7,0.37,88,Poor
4307,3207,869,4.0,0.23,53,Poor
4308,3637,69,2.8,0.45,52,Poor
4309,3344,1250,3.8,0.15,28,Average
4310,4311,2632,3.7,0.38,36,Poor
4311,2480,2280,2.7,0.24,68,Poor
4312,1929,1109,4.0,0.45,13,Poor
4313,4016,3323,4.5,0.4,96,Poor
4314,3763,1928,4.4,0.45,26,Poor
4315,4176,1810,3.0,0.11,4,Poor
4316,4156,2948,4.7,0.33,43,Poor
4317,2061,1690,3.4,0.37,14,Poor
4318,3423,1980,4.9,0.37,66,Poor
4319,2193,1108,2.7,0.25,0,Poor
4320,2550,1175,3.7,0.01,23,Average
4321,4631,2401,4.0,0.13,75,Average
4322,1339,51,3.1,0.16,61,Poor
4323,1497,887,4.4,0.43,77,Poor
4324,3249,2965,4.1,0.42,56,Poor
4325,1993,1915,2.5,0.05,19,Poor
4326,3233,1286,4.0,0.47,57,Poor
4327,3266,1235,3.7,0.09,13,Average
4328,3186,1185,3.0,0.21,77,Poor
4329,3368,1703,5.0,0.11,52,Average
4330,2832,620,4.7,0.43,34,Poor
4331,1040,1021,3.2,0.37,61,Poor
4332,4970,1604,3.9,0.18,60,Average
4333,2203,1007,3.3,0.34,18,Poor
4334,275,210,4.4,0.09,83,Average
4335,826,168,4.8,0.19,41,Average
4336,2887,2666,3.4,0.19,43,Poor
4337,737,435,4.5,0.12,86,Average
4338,579,539,3.7,0.44,97,Poor
4339,3492,1778,3.5,0.34,0,Poor
4340,2203,888,4.8,0.14,67,Average
4341,1344,35,3.8,0.12,80,Average
4342,1576,1149,3.7,0.01,89,Average
4343,4824,4398,4.2,0.17,77,Average
4344,2946,380,3.2,0.26,45,Poor
4345,3153,1078,3.3,0.14,50,Poor
4346,2490,2180,4.8,0.35,31,Poor
4347,4185,1954,4.2,0.21,99,Poor
4348,3852,978,4.6,0.16,83,Average
4349,894,72,3.2,0.47,79,Poor
4350,496,366,3.9,0.13,18,Average
4351,3965,1124,4.9,0.2,38,Poor
4352,3159,1659,3.3,0.19,87,Poor
4353,1284,853,2.9,0.12,13,Poor
4354,276,261,3.8,0.11,28,Average
4355,4193,50,3.5,0.15,41,Poor
4356,3009,723,2.9,0.43,13,Poor
4357,1880,888,4.7,0.38,10,Poor
4358,3829,1404,5.0,0.34,74,Poor
4359,236,117,3.9,0.23,46,Poor
4360,2927,1077,4.4,0.25,23,Poor
4361,2585,1286,4.6,0.13,21,Average
4362,1982,970,4.3,0.04,48,Average
4363,2974,78,2.6,0.17,54,Poor
4364,898,790,2.9,0.25,54,Poor
4365,2082,321,2.7,0.03,84,Poor
4366,1302,822,2.5,0.04,69,Poor
4367,1931,916,3.3,0.13,77,Poor
4368,319,131,3.5,0.18,72,Poor
4369,1680,1456,3.1,0.2,34,Poor
4370,4455,1943,2.7,0.06,43,Poor
4371,3253,336,3.8,0.11,35,Average
4372,1624,1188,3.2,0.13,88,Poor
4373,2942,2735,4.5,0.03,14,Good
4374,1745,709,2.5,0.16,44,Poor
4375,3308,1901,4.6,0.04,61,Average
4376,3312,1973,4.9,0.35,91,Poor
4377,1495,37,4.3,0.19,49,Average
4378,269,114,4.3,0.16,77,Average
4379,102,78,4.8,0.06,12,Good
4380,1807,1198,3.0,0.11,30,Poor
4381,1716,1549,5.0,0.12,4,Average
4382,2835,797,4.4,0.49,82,Poor
4383,769,379,4.3,0.42,7,Poor
4384,455,351,3.4,0.01,12,Poor
4385,2344,1961,3.9,0.31,40,Poor
4386,121,35,4.1,0.13,16,Average
4387,2103,2079,4.1,0.05,31,Average
4388,1279,1118,4.3,0.35,4,Poor
4389,1617,231,2.7,0.07,8,Poor
4390,3732,1734,3.4,0.22,33,Poor
4391,3003,2708,3.6,0.32,0,Poor
4392,4532,2350,3.2,0.28,39,Poor
4393,748,214,2.9,0.49,78,Poor
4394,876,799,2.8,0.39,53,Poor
4395,398,49,3.4,0.39,31,Poor
4396,3958,1052,3.7,0.18,97,Average
4397,357,328,2.7,0.0,98,Poor
4398,3466,1353,4.9,0.37,49,Poor
4399,2384,1860,4.4,0.5,58,Poor
4400,4911,4706,4.3,0.2,91,Poor
4401,4870,2158,2.9,0.49,80,Poor
4402,2859,475,4.0,0.07,61,Average
4403,3608,463,3.8,0.15,10,Average
4404,4528,4194,5.0,0.09,22,Average
4405,3527,1518,4.4,0.24,25,Poor
4406,4670,946,3.9,0.4,62,Poor
4407,2736,2170,4.6,0.17,45,Average
4408,3035,642,2.9,0.45,68,Poor
4409,325,266,2.5,0.27,89,Poor
4410,2597,253,4.2,0.23,5,Poor
4411,2814,1637,2.7,0.39,50,Poor
4412,386,151,2.8,0.05,42,Poor
4413,2023,1278,4.4,0.39,97,Poor
4414,3029,2857,3.2,0.12,41,Poor
4415,4626,406,4.1,0.14,12,Average
4416,4018,2914,4.8,0.3,24,Poor
4417,960,630,3.3,0.45,1,Poor
4418,2046,1986,3.0,0.29,13,Poor
4419,3179,57,2.8,0.32,16,Poor
4420,4254,1204,2.8,0.39,39,Poor
4421,3807,1505,2.7,0.13,38,Poor
4422,377,136,2.7,0.41,24,Poor
4423,1849,260,3.6,0.21,90,Poor
4424,364,45,3.3,0.09,47,Poor
4425,3595,1691,4.3,0.18,87,Average
4426,1184,581,4.7,0.12,48,Average
4427,2796,2019,4.5,0.11,32,Average
4428,4926,4921,3.8,0.14,26,Average
4429,1570,317,2.8,0.09,44,Poor
4430,205,56,4.3,0.33,30,Poor
4431,1774,173,3.4,0.29,62,Poor
4432,3393,2799,2.7,0.32,37,Poor
4433,936,671,4.6,0.17,78,Average
4434,3123,2535,3.3,0.38,39,Poor
4435,2855,2116,3.0,0.06,57,Poor
4436,771,673,4.7,0.29,64,Poor
4437,962,65,4.8,0.14,10,Average
4438,3407,3376,3.3,0.26,14,Poor
4439,920,799,3.4,0.16,96,Poor
4440,4158,1671,3.9,0.4,56,Poor
4441,547,101,4.3,0.45,95,Poor
4442,1806,1087,2.7,0.37,24,Poor
4443,1167,974,4.0,0.09,38,Average
4444,3459,2340,4.9,0.14,32,Average
4445,2878,2461,3.2,0.46,28,Poor
4446,1697,809,4.8,0.22,57,Poor
4447,3033,614,4.9,0.47,97,Poor
4448,192,77,3.2,0.2,71,Poor
4449,2811,2632,4.4,0.48,10,Poor
4450,3485,20,3.1,0.46,12,Poor
4451,4710,1516,4.3,0.33,68,Poor
4452,2481,785,4.5,0.0,82,Average
4453,4562,3378,3.1,0.2,20,Poor
4454,1898,530,4.3,0.46,2,Poor
4455,2746,1621,4.5,0.44,25,Poor
4456,1767,934,3.4,0.09,32,Poor
4457,3122,1864,2.9,0.2,93,Poor
4458,1117,114,2.7,0.42,21,Poor
4459,2836,512,3.9,0.29,61,Poor
4460,3841,2832,4.9,0.42,4,Poor
4461,1338,1041,4.6,0.41,18,Poor
4462,3921,169,3.6,0.45,8,Poor
4463,1856,1066,3.8,0.06,57,Average
4464,1554,775,3.2,0.07,23,Poor
4465,3358,1258,2.9,0.04,38,Poor
4466,3001,418,3.7,0.47,75,Poor
4467,121,45,3.7,0.24,60,Poor
4468,1740,150,3.8,0.03,47,Average
4469,1394,874,4.9,0.16,90,Average
4470,3353,2215,4.0,0.18,49,Average
4471,3163,400,4.0,0.4,61,Poor
4472,932,128,2.8,0.37,52,Poor
4473,4284,571,5.0,0.34,20,Poor
4474,2712,314,4.4,0.01,37,Average
4475,1554,1163,4.7,0.46,98,Poor
4476,2513,475,3.5,0.11,95,Poor
4477,2603,1573,3.8,0.31,58,Poor
4478,782,188,3.8,0.03,99,Average
4479,1798,729,3.0,0.04,96,Poor
4480,3974,1966,4.2,0.0,42,Average
4481,473,162,4.8,0.28,16,Poor
4482,3528,2104,2.9,0.31,68,Poor
4483,1641,1304,2.7,0.03,43,Poor
4484,4535,273,4.3,0.15,83,Average
4485,4487,2396,3.2,0.43,62,Poor
4486,4759,1340,4.1,0.05,22,Average
4487,542,29,4.2,0.11,67,Average
4488,241,209,3.3,0.21,25,Poor
4489,548,249,4.5,0.42,93,Poor
4490,4967,3627,3.9,0.13,47,Average
4491,1306,97,4.7,0.5,46,Poor
4492,2018,1468,4.4,0.18,45,Average
4493,4372,2260,4.7,0.19,28,Average
4494,2236,420,2.6,0.06,33,Poor
4495,866,128,3.1,0.34,9,Poor
4496,3270,2859,2.7,0.12,19,Poor
4497,1523,282,3.6,0.31,87,Poor
4498,1136,348,4.7,0.11,33,Average
4499,4249,382,3.7,0.19,12,Average
4500,1924,1910,4.6,0.43,86,Poor
4501,920,397,3.3,0.37,9,Poor
4502,4813,3871,3.3,0.08,85,Poor
4503,2092,1378,4.7,0.3,44,Poor
4504,322,104,3.6,0.31,77,Poor
4505,1079,327,4.5,0.05,88,Average
4506,3268,281,3.1,0.23,81,Poor
4507,4119,1941,4.9,0.13,83,Average
4508,1101,816,3.9,0.23,91,Poor
4509,4083,650,4.4,0.39,7,Poor
4510,1623,699,2.7,0.08,4,Poor
4511,3240,884,3.7,0.06,84,Average
4512,4438,2391,4.8,0.13,19,Average
4513,3847,2992,4.7,0.48,43,Poor
4514,3339,3320,2.6,0.37,79,Poor
4515,3797,1745,3.3,0.01,57,Poor
4516,2155,1871,3.6,0.2,19,Poor
4517,357,143,2.9,0.13,88,Poor
4518,3409,3388,4.3,0.32,70,Poor
4519,3226,746,3.0,0.23,88,Poor
4520,1301,1280,3.4,0.48,99,Poor
4521,2797,1668,4.2,0.11,73,Average
4522,1567,236,3.7,0.29,39,Poor
4523,1428,1289,4.3,0.35,15,Poor
4524,4941,4563,4.9,0.41,3,Poor
4525,2011,1890,2.8,0.2,9,Poor
4526,4355,338,4.3,0.34,50,Poor
4527,2913,1929,3.1,0.15,47,Poor
4528,2706,2104,3.5,0.22,94,Poor
4529,2544,1077,2.6,0.45,75,Poor
4530,4617,4154,2.8,0.47,19,Poor
4531,4055,1622,3.3,0.36,31,Poor
4532,3613,2276,3.4,0.19,65,Poor
4533,972,849,4.7,0.41,59,Poor
4534,4282,875,4.4,0.01,10,Good
4535,4512,2668,4.9,0.05,19,Good
4536,3009,2827,4.0,0.33,22,Poor
4537,233,86,3.1,0.15,76,Poor
4538,3408,1122,3.3,0.48,34,Poor
4539,1448,453,3.3,0.22,16,Poor
4540,2846,1840,3.3,0.21,9,Poor
4541,586,51,4.2,0.34,37,Poor
4542,1323,1130,3.8,0.38,77,Poor
4543,3017,2460,3.5,0.24,82,Poor
4544,3099,1275,2.9,0.11,31,Poor
4545,1146,929,2.6,0.39,53,Poor
4546,1355,211,3.0,0.16,96,Poor
4547,965,935,2.8,0.09,56,Poor
4548,3131,289,4.5,0.32,88,Poor
4549,4297,4084,2.8,0.05,24,Poor
4550,1078,903,4.3,0.49,13,Poor
4551,2027,1210,3.5,0.32,44,Poor
4552,3404,2351,2.7,0.49,43,Poor
4553,2561,1132,4.5,0.17,37,Average
4554,320,51,3.9,0.49,35,Poor
4555,1236,668,3.1,0.07,87,Poor
4556,4605,1199,4.7,0.02,38,Average
4557,4250,2162,2.6,0.02,38,Poor
4558,3814,36,3.0,0.23,12,Poor
4559,2448,136,4.4,0.04,65,Average
4560,4579,1565,4.3,0.26,33,Poor
4561,4285,3171,3.2,0.16,14,Poor
4562,4232,2713,2.7,0.17,57,Poor
4563,1761,1475,4.6,0.32,58,Poor
4564,2280,2183,3.3,0.08,65,Poor
4565,178,98,3.0,0.38,51,Poor
4566,1319,335,3.8,0.29,88,Poor
4567,3722,2877,4.8,0.46,68,Poor
4568,1651,391,2.6,0.18,97,Poor
4569,4815,2827,4.4,0.49,4,Poor
4570,4020,2944,3.9,0.29,42,Poor
4571,4294,175,3.6,0.49,7,Poor
4572,4997,2681,4.4,0.01,77,Average
4573,677,32,4.9,0.36,92,Poor
4574,3847,2575,3.1,0.41,93,Poor
4575,2094,484,2.9,0.03,62,Poor
4576,3602,802,4.8,0.29,67,Poor
4577,2391,823,4.2,0.4,34,Poor
4578,3264,239,3.6,0.28,70,Poor
4579,299,34,3.9,0.03,89,Average
4580,2975,1793,4.4,0.35,31,Poor
4581,1024,136,4.4,0.03,96,Average
4582,1375,350,4.8,0.41,23,Poor
4583,1033,75,3.6,0.02,49,Average
4584,938,370,3.2,0.07,58,Poor
4585,2987,2038,4.1,0.14,64,Average
4586,2167,327,3.5,0.32,92,Poor
4587,2722,241,4.0,0.49,37,Poor
4588,1376,1216,3.5,0.06,37,Poor
4589,520,359,2.9,0.07,20,Poor
4590,2037,816,3.7,0.18,22,Average
4591,140,72,4.2,0.42,45,Poor
4592,579,176,4.5,0.23,68,Poor
4593,4806,170,3.7,0.16,29,Average
4594,4109,1740,2.9,0.28,39,Poor
4595,4884,3269,3.5,0.13,81,Poor
4596,2823,1576,4.5,0.2,69,Poor
4597,1736,131,3.5,0.17,68,Poor
4598,241,190,4.2,0.4,41,Poor
4599,2036,1181,3.8,0.46,17,Poor
4600,3673,3324,3.1,0.38,58,Poor
4601,2235,1585,4.5,0.22,12,Poor
4602,4490,180,2.7,0.25,83,Poor
4603,1058,297,3.8,0.06,20,Average
4604,3833,3411,3.0,0.37,67,Poor
4605,4348,1576,2.7,0.3,76,Poor
4606,4718,4612,3.8,0.45,81,Poor
4607,4337,1935,3.7,0.1,76,Average
4608,2102,674,4.3,0.38,76,Poor
4609,3358,3127,4.4,0.34,60,Poor
4610,1766,322,4.3,0.13,98,Average
4611,360,233,3.5,0.33,37,Poor
4612,4588,4301,4.1,0.46,39,Poor
4613,1310,1217,3.9,0.46,26,Poor
4614,3982,1609,3.6,0.36,57,Poor
4615,3318,692,4.0,0.02,89,Average
4616,634,269,4.9,0.44,75,Poor
4617,2849,1020,3.0,0.33,65,Poor
4618,409,270,4.8,0.16,42,Average
4619,2916,2346,2.6,0.09,19,Poor
4620,2061,702,3.3,0.06,34,Poor
4621,4989,1738,3.2,0.03,54,Poor
4622,4056,3093,4.1,0.38,73,Poor
4623,1675,1237,2.8,0.12,71,Poor
4624,2814,944,4.7,0.01,39,Average
4625,940,775,4.6,0.2,45,Poor
4626,781,129,4.1,0.24,99,Poor
4627,4011,2447,3.6,0.08,94,Average
4628,4751,2902,4.8,0.02,78,Average
4629,2554,1018,4.6,0.09,41,Average
4630,664,602,3.7,0.34,17,Poor
4631,3856,3767,4.3,0.04,14,Good
4632,1769,304,3.9,0.28,82,Poor
4633,4819,440,4.0,0.07,87,Average
4634,1637,132,3.3,0.1,98,Poor
4635,1661,1037,3.7,0.2,65,Poor
4636,946,247,2.7,0.05,12,Poor
4637,327,320,3.4,0.09,56,Poor
4638,4697,4643,4.2,0.17,8,Average
4639,1686,515,4.9,0.16,98,Average
4640,2208,50,4.9,0.37,65,Poor
4641,2482,181,3.9,0.04,15,Average
4642,3954,1861,4.0,0.43,99,Poor
4643,4906,4820,3.0,0.41,1,Poor
4644,3312,741,4.2,0.38,15,Poor
4645,1499,1421,2.7,0.15,71,Poor
4646,4550,465,3.2,0.41,0,Poor
4647,1282,763,4.2,0.09,81,Average
4648,4167,3787,3.3,0.06,25,Poor
4649,727,523,2.6,0.02,43,Poor
4650,2708,1570,4.6,0.47,4,Poor
4651,2078,1987,3.3,0.15,20,Poor
4652,3808,740,2.7,0.46,34,Poor
4653,4674,2751,2.7,0.14,91,Poor
4654,2087,1821,3.1,0.45,53,Poor
4655,2699,2649,2.9,0.45,89,Poor
4656,706,539,4.4,0.46,95,Poor
4657,215,192,3.3,0.25,49,Poor
4658,4994,1077,4.5,0.43,43,Poor
4659,4641,777,2.9,0.48,84,Poor
4660,639,509,3.7,0.16,3,Average
4661,4574,1815,4.2,0.21,41,Poor
4662,2871,1663,4.1,0.36,40,Poor
4663,4308,43,4.0,0.15,35,Average
4664,1312,1259,4.8,0.38,23,Poor
4665,121,74,3.1,0.04,96,Poor
4666,3566,3117,3.7,0.26,4,Poor
4667,4800,1324,4.7,0.06,56,Average
4668,3630,2871,2.7,0.15,66,Poor
4669,318,205,2.6,0.13,10,Poor
4670,1826,514,3.1,0.42,44,Poor
4671,2512,453,4.1,0.1,95,Average
4672,1318,227,3.1,0.4,21,Poor
4673,1065,152,3.0,0.4,10,Poor
4674,2772,1382,3.6,0.25,37,Poor
4675,1133,388,4.0,0.12,58,Average
4676,4151,3194,3.1,0.11,85,Poor
4677,456,139,3.3,0.23,3,Poor
4678,3126,1226,4.0,0.0,66,Average
4679,1035,442,4.9,0.27,9,Poor
4680,3653,3100,4.2,0.48,18,Poor
4681,4535,3648,4.5,0.08,81,Average
4682,759,263,3.4,0.29,27,Poor
4683,2668,801,3.2,0.48,94,Poor
4684,4899,586,3.6,0.43,16,Poor
4685,1461,1436,4.5,0.43,23,Poor
4686,4671,4642,3.6,0.41,0,Poor
4687,1535,56,4.6,0.15,4,Average
4688,3000,197,5.0,0.45,31,Poor
4689,4701,658,2.7,0.47,52,Poor
4690,2984,2919,2.6,0.25,80,Poor
4691,4164,2419,2.9,0.18,56,Poor
4692,4720,2690,3.5,0.21,84,Poor
4693,1053,124,2.8,0.17,42,Poor
4694,2516,1702,4.7,0.11,85,Average
4695,2516,240,2.6,0.31,38,Poor
4696,1988,1869,3.3,0.28,33,Poor
4697,1989,882,3.0,0.23,77,Poor
4698,1685,1417,4.8,0.05,79,Average
4699,1748,537,4.2,0.4,4,Poor
4700,4577,318,4.8,0.09,17,Good
4701,2141,61,4.9,0.06,3,Good
4702,1945,790,3.7,0.31,91,Poor
4703,4290,2559,3.1,0.2,90,Poor
4704,3448,1482,3.0,0.03,69,Poor
4705,1123,1090,3.1,0.18,10,Poor
4706,2452,2152,4.3,0.39,46,Poor
4707,4945,1729,2.6,0.31,84,Poor
4708,3262,3149,2.6,0.18,80,Poor
4709,4087,1010,4.0,0.1,30,Average
4710,1201,730,4.1,0.32,97,Poor
4711,2495,228,4.2,0.44,12,Poor
4712,2006,1291,3.4,0.32,22,Poor
4713,4608,58,4.5,0.41,64,Poor
4714,3957,1295,3.8,0.26,67,Poor
4715,857,662,2.8,0.36,29,Poor
4716,236,177,4.5,0.45,30,Poor
4717,4877,4877,4.9,0.39,46,Poor
4718,4574,1456,2.7,0.45,15,Poor
4719,1357,965,3.5,0.22,42,Poor
4720,2334,1489,3.7,0.45,2,Poor
4721,4916,2119,2.9,0.31,11,Poor
4722,807,393,4.7,0.44,75,Poor
4723,4281,4271,3.2,0.02,10,Poor
4724,4937,4045,4.5,0.33,15,Poor
4725,3904,1585,4.2,0.42,28,Poor
4726,4316,1133,4.0,0.09,20,Average
4727,2256,2136,3.0,0.33,57,Poor
4728,3608,3254,3.1,0.41,42,Poor
4729,1630,1285,2.6,0.14,4,Poor
4730,1011,514,3.1,0.2,51,Poor
4731,3897,3474,3.4,0.28,12,Poor
4732,3625,3143,4.6,0.26,80,Poor
4733,925,673,3.4,0.02,11,Poor
4734,2468,82,4.4,0.05,80,Average
4735,4248,528,3.6,0.05,0,Average
4736,1051,311,4.5,0.13,7,Average
4737,3434,3182,4.9,0.12,15,Average
4738,4116,1707,3.1,0.37,14,Poor
4739,2895,1467,4.7,0.29,18,Poor
4740,1531,840,4.1,0.38,24,Poor
4741,3351,1408,4.5,0.03,30,Average
4742,707,169,4.1,0.24,1,Poor
4743,2830,1314,3.6,0.16,58,Average
4744,472,388,3.1,0.42,88,Poor
4745,3731,1624,2.7,0.35,30,Poor
4746,4316,535,3.8,0.43,67,Poor
4747,2760,1957,5.0,0.02,67,Average
4748,502,317,4.3,0.36,11,Poor
4749,2447,1284,3.3,0.27,16,Poor
4750,2025,49,4.6,0.41,84,Poor
4751,1707,1186,4.4,0.25,28,Poor
4752,2591,345,3.2,0.27,85,Poor
4753,3125,3016,2.5,0.03,35,Poor
4754,3214,35,2.8,0.33,79,Poor
4755,3016,130,4.7,0.14,62,Average
4756,2103,126,4.6,0.01,14,Good
4757,337,181,3.2,0.03,29,Poor
4758,3267,302,3.2,0.48,50,Poor
4759,3904,288,4.5,0.17,10,Average
4760,1497,503,4.8,0.43,56,Poor
4761,657,92,4.4,0.48,12,Poor
4762,4602,818,4.0,0.47,86,Poor
4763,1814,1302,3.1,0.44,54,Poor
4764,1275,817,3.8,0.45,97,Poor
4765,1285,1192,3.1,0.14,62,Poor
4766,1079,409,4.5,0.08,83,Average
4767,2721,2031,3.5,0.32,1,Poor
4768,4012,2483,4.6,0.24,71,Poor
4769,4592,445,3.5,0.05,81,Poor
4770,4980,3064,4.6,0.34,55,Poor
4771,3227,1745,3.3,0.28,6,Poor
4772,3772,3308,3.6,0.43,42,Poor
4773,4956,2934,4.0,0.3,30,Poor
4774,1525,105,2.7,0.29,60,Poor
4775,2946,1259,4.9,0.22,21,Poor
4776,858,442,3.9,0.23,61,Poor
4777,1028,339,3.8,0.48,27,Poor
4778,2513,137,4.6,0.07,24,Average
4779,775,434,4.7,0.22,64,Poor
4780,2551,618,3.8,0.33,31,Poor
4781,3412,2107,4.8,0.22,88,Poor
4782,1266,1204,2.7,0.14,47,Poor
4783,4101,2770,2.8,0.14,79,Poor
4784,2247,683,4.0,0.12,92,Average
4785,2856,2162,3.4,0.17,23,Poor
4786,828,461,3.7,0.44,80,Poor
4787,1022,954,3.3,0.25,41,Poor
4788,2860,1601,3.5,0.12,69,Poor
4789,2173,669,4.6,0.19,77,Average
4790,648,485,4.0,0.05,89,Average
4791,3391,307,5.0,0.45,91,Poor
4792,274,116,4.5,0.2,35,Poor
4793,890,695,3.2,0.49,30,Poor
4794,1864,431,3.2,0.17,26,Poor
4795,4859,2595,3.3,0.42,65,Poor
4796,1156,1061,4.6,0.13,82,Average
4797,174,155,2.6,0.04,91,Poor
4798,3296,2045,3.1,0.02,44,Poor
4799,2981,778,4.8,0.3,43,Poor
4800,4175,2910,4.1,0.16,56,Average
4801,3021,2777,3.1,0.22,20,Poor
4802,2067,1044,3.0,0.41,54,Poor
4803,2465,400,4.7,0.12,14,Average
4804,4640,1548,4.7,0.15,33,Average
4805,3146,825,3.1,0.42,2,Poor
4806,1659,495,3.6,0.25,0,Poor
4807,767,576,4.6,0.41,23,Poor
4808,3611,973,4.4,0.19,42,Average
4809,1066,868,4.5,0.2,26,Poor
4810,3615,916,3.8,0.08,8,Average
4811,4751,4147,4.8,0.46,87,Poor
4812,4520,1947,3.3,0.45,16,Poor
4813,2010,137,2.9,0.49,91,Poor
4814,1098,210,4.3,0.2,38,Poor
4815,1407,93,3.8,0.41,54,Poor
4816,3476,642,4.6,0.21,67,Poor
4817,165,122,2.7,0.23,92,Poor
4818,2145,605,4.6,0.41,44,Poor
4819,1851,439,3.2,0.09,27,Poor
4820,2196,492,4.1,0.11,55,Average
4821,1670,133,2.6,0.16,28,Poor
4822,4830,1356,4.0,0.39,28,Poor
4823,3000,2397,4.3,0.19,68,Average
4824,3842,358,3.4,0.18,10,Poor
4825,2991,2305,3.0,0.5,1,Poor
4826,4955,1216,3.8,0.19,67,Average
4827,1027,98,4.6,0.12,9,Average
4828,3116,483,3.3,0.31,71,Poor
4829,833,624,3.1,0.4,86,Poor
4830,290,69,3.2,0.03,26,Poor
4831,1603,304,4.9,0.31,86,Poor
4832,4628,4338,3.4,0.02,97,Poor
4833,1062,612,2.5,0.26,34,Poor
4834,236,29,4.5,0.13,80,Average
4835,1931,1710,4.2,0.15,49,Average
4836,4636,1276,2.8,0.23,73,Poor
4837,480,418,5.0,0.46,1,Poor
4838,288,255,4.0,0.36,16,Poor
4839,2395,847,3.8,0.47,94,Poor
4840,125,77,3.5,0.33,79,Poor
4841,1406,399,4.7,0.0,23,Average
4842,4972,2861,3.1,0.13,56,Poor
4843,2380,633,3.2,0.45,70,Poor
4844,4736,582,2.8,0.32,82,Poor
4845,1952,439,4.4,0.49,15,Poor
4846,4063,2119,4.0,0.08,96,Average
4847,4720,4372,4.0,0.15,35,Average
4848,2109,204,3.0,0.18,44,Poor
4849,190,164,4.1,0.16,9,Average
4850,1839,1733,4.4,0.13,62,Average
4851,3676,3105,3.4,0.22,42,Poor
4852,66,36,4.5,0.32,50,Poor
4853,4398,885,3.4,0.16,78,Poor
4854,514,59,4.4,0.04,2,Good
4855,4521,620,2.6,0.35,65,Poor
4856,1877,1680,3.9,0.23,34,Poor
4857,3078,981,4.9,0.28,90,Poor
4858,569,437,5.0,0.23,68,Poor
4859,139,109,3.2,0.45,78,Poor
4860,4865,2076,3.6,0.28,35,Poor
4861,2901,2417,2.7,0.46,48,Poor
4862,2893,2151,4.7,0.26,96,Poor
4863,4775,552,3.9,0.15,0,Average
4864,1934,1008,3.5,0.18,75,Poor
4865,4221,2062,2.8,0.26,41,Poor
4866,975,812,4.9,0.26,40,Poor
4867,3784,377,3.8,0.34,72,Poor
4868,1019,397,3.2,0.11,56,Poor
4869,1144,191,3.4,0.33,19,Poor
4870,3245,1068,3.2,0.39,93,Poor
4871,1454,412,4.0,0.34,13,Poor
4872,3414,1146,4.8,0.24,86,Poor
4873,4340,3327,4.6,0.5,92,Poor
4874,4032,1453,3.7,0.2,98,Poor
4875,4373,2616,4.6,0.05,51,Average
4876,4063,803,3.6,0.41,90,Poor
4877,4606,2399,3.1,0.11,53,Poor
4878,4763,3623,5.0,0.36,48,Poor
4879,3142,2716,3.3,0.09,90,Poor
4880,4209,1002,3.3,0.01,29,Poor
4881,2124,1062,5.0,0.08,2,Good
4882,334,167,2.8,0.19,11,Poor
4883,4983,2558,4.4,0.05,30,Average
4884,4976,881,4.8,0.1,36,Average
4885,1237,132,3.8,0.38,26,Poor
4886,4019,3546,2.5,0.38,23,Poor
4887,3015,1705,3.4,0.41,40,Poor
4888,4369,3421,2.8,0.42,63,Poor
4889,833,274,3.5,0.21,10,Poor
4890,999,618,4.5,0.43,90,Poor
4891,3989,1442,3.6,0.26,72,Poor
4892,94,32,3.6,0.24,15,Poor
4893,1860,527,3.9,0.36,13,Poor
4894,4616,4581,4.0,0.11,46,Average
4895,2131,1141,4.6,0.39,29,Poor
4896,3548,309,3.3,0.21,23,Poor
4897,879,758,4.6,0.06,12,Good
4898,1959,1700,3.9,0.06,96,Average
4899,2631,2229,3.3,0.08,8,Poor
4900,741,643,3.2,0.45,48,Poor
4901,4069,1886,3.4,0.5,25,Poor
4902,981,716,4.1,0.18,48,Average
4903,4986,4832,3.1,0.15,41,Poor
4904,3456,3188,4.8,0.11,44,Average
4905,197,140,3.9,0.41,76,Poor
4906,1082,586,4.8,0.1,20,Average
4907,1361,1013,2.6,0.46,28,Poor
4908,437,136,3.4,0.33,91,Poor
4909,3171,2007,2.6,0.45,23,Poor
4910,1923,1759,3.2,0.28,76,Poor
4911,3638,3597,4.7,0.35,41,Poor
4912,965,208,2.6,0.31,83,Poor
4913,1928,1519,3.6,0.42,70,Poor
4914,3798,3414,2.8,0.42,40,Poor
4915,327,103,3.5,0.29,47,Poor
4916,2027,2013,4.6,0.32,78,Poor
4917,1909,1223,4.1,0.46,88,Poor
4918,3086,1829,4.3,0.46,98,Poor
4919,3421,1224,3.4,0.33,76,Poor
4920,4763,1736,4.9,0.0,42,Average
4921,2232,1032,4.3,0.05,7,Good
4922,4725,1330,3.6,0.43,84,Poor
4923,1220,494,3.6,0.04,62,Average
4924,539,281,4.8,0.11,62,Average
4925,2575,181,3.9,0.12,5,Average
4926,1232,200,4.3,0.3,73,Poor
4927,4529,488,3.5,0.29,51,Poor
4928,4308,4136,3.1,0.14,20,Poor
4929,2538,279,4.3,0.1,13,Average
4930,1926,1376,4.0,0.38,57,Poor
4931,2512,1159,3.8,0.47,96,Poor
4932,1680,1456,4.1,0.03,24,Average
4933,337,44,3.0,0.07,55,Poor
4934,4332,971,4.5,0.32,82,Poor
4935,1957,1888,4.9,0.4,8,Poor
4936,1211,785,4.7,0.4,99,Poor
4937,179,174,3.3,0.36,35,Poor
4938,2413,1999,3.5,0.44,56,Poor
4939,193,68,4.5,0.11,78,Average
4940,65,20,4.0,0.05,4,Average
4941,294,276,3.9,0.31,80,Poor
4942,976,187,4.8,0.41,93,Poor
4943,3228,552,3.8,0.29,6,Poor
4944,2226,2082,3.8,0.48,5,Poor
4945,936,69,2.6,0.4,78,Poor
4946,390,323,2.7,0.35,51,Poor
4947,2101,435,2.5,0.03,73,Poor
4948,3448,324,4.8,0.05,69,Average
4949,4000,2263,3.5,0.39,54,Poor
4950,355,320,3.7,0.1,76,Average
4951,957,819,4.6,0.01,13,Good
4952,2704,2455,4.0,0.46,0,Poor
4953,3842,2824,4.0,0.45,96,Poor
4954,4092,2004,3.2,0.11,82,Poor
4955,1421,474,4.6,0.39,72,Poor
4956,370,220,2.9,0.02,36,Poor
4957,4704,2915,2.6,0.14,48,Poor
4958,4109,1701,3.0,0.31,11,Poor
4959,1181,1170,3.2,0.38,4,Poor
4960,2628,194,3.2,0.01,69,Poor
4961,4092,3225,4.2,0.16,10,Average
4962,3417,1109,3.0,0.11,52,Poor
4963,867,412,4.2,0.5,54,Poor
4964,61,23,2.7,0.34,73,Poor
4965,244,128,2.9,0.2,78,Poor
4966,2587,2346,3.8,0.04,49,Average
4967,2892,777,4.8,0.3,52,Poor
4968,2279,1792,4.6,0.32,54,Poor
4969,3059,190,4.9,0.41,91,Poor
4970,4801,1094,4.1,0.14,2,Average
4971,2127,1371,4.2,0.49,15,Poor
4972,3917,684,4.1,0.22,44,Poor
4973,4923,611,4.1,0.15,80,Average
4974,493,438,2.9,0.17,35,Poor
4975,347,164,3.9,0.26,18,Poor
4976,4953,4002,3.5,0.47,3,Poor
4977,894,527,3.6,0.37,58,Poor
4978,1065,382,3.8,0.29,88,Poor
4979,1434,1368,2.8,0.08,90,Poor
4980,1447,867,3.4,0.07,11,Poor
4981,603,317,2.7,0.25,62,Poor
4982,2400,513,4.9,0.36,55,Poor
4983,4566,565,2.8,0.38,26,Poor
4984,1319,323,3.1,0.11,67,Poor
4985,1310,923,4.7,0.05,23,Average
4986,234,157,3.7,0.19,80,Average
4987,4613,3857,2.8,0.46,25,Poor
4988,2460,1560,3.5,0.27,81,Poor
4989,4481,903,2.8,0.16,21,Poor
4990,2259,924,3.0,0.16,69,Poor
4991,3722,3367,2.6,0.07,18,Poor
4992,4733,3091,3.6,0.24,33,Poor
4993,1931,1647,4.5,0.4,10,Poor
4994,4346,972,4.0,0.48,87,Poor
4995,571,248,4.0,0.25,44,Poor
4996,1937,1707,3.0,0.08,36,Poor
4997,2602,339,3.4,0.34,22,Poor
4998,3859,3377,4.6,0.38,39,Poor
4999,4933,4868,2.7,0.04,42,Poor
5000,4205,2724,4.6,0.43,3,Poor
5001,4723,1057,3.7,0.41,81,Poor
5002,4466,90,4.6,0.24,93,Poor
5003,3529,2894,3.3,0.28,14,Poor
5004,1459,1238,3.3,0.36,22,Poor
5005,1744,884,4.4,0.34,11,Poor
5006,4714,125,4.5,0.01,67,Average
5007,576,215,3.1,0.06,67,Poor
5008,2710,2212,4.9,0.08,51,Average
5009,2222,1393,2.7,0.38,40,Poor
5010,329,193,2.7,0.22,77,Poor
5011,3014,235,4.0,0.27,58,Poor
5012,4027,1136,4.3,0.39,57,Poor
5013,2719,279,4.9,0.17,58,Average
5014,2943,953,3.5,0.37,71,Poor
5015,1801,594,2.6,0.22,22,Poor
5016,4031,1584,4.0,0.19,0,Average
5017,4819,3950,3.2,0.17,55,Poor
5018,2411,304,3.6,0.48,74,Poor
5019,4477,4107,3.7,0.39,90,Poor
5020,4181,2551,2.7,0.01,3,Poor
5021,1758,391,3.7,0.48,28,Poor
5022,2736,89,3.6,0.39,16,Poor
5023,2945,398,4.3,0.07,48,Average
5024,4585,1322,4.1,0.04,82,Average
5025,2826,2369,3.0,0.15,50,Poor
5026,1169,274,3.0,0.31,48,Poor
5027,3038,1727,3.1,0.31,23,Poor
5028,4309,853,2.9,0.14,43,Poor
5029,4293,2784,4.1,0.22,40,Poor
5030,244,187,5.0,0.11,56,Average
5031,712,232,4.1,0.03,55,Average
5032,529,178,4.0,0.26,31,Poor
5033,4268,2055,3.5,0.17,30,Poor
5034,1473,119,3.3,0.27,15,Poor
5035,2758,1872,4.8,0.47,31,Poor
5036,3225,3203,4.9,0.07,41,Average
5037,3864,2375,3.7,0.0,33,Average
5038,2064,697,3.2,0.04,98,Poor
5039,3839,2542,4.4,0.23,36,Poor
5040,4855,131,2.8,0.35,15,Poor
5041,2493,202,4.4,0.29,84,Poor
5042,961,616,4.5,0.25,12,Poor
5043,3263,184,2.8,0.18,81,Poor
5044,2414,2157,4.9,0.15,65,Average
5045,3679,2043,5.0,0.19,32,Average
5046,3522,474,4.8,0.31,81,Poor
5047,730,257,3.7,0.08,91,Average
5048,4701,561,3.1,0.39,34,Poor
5049,659,637,4.0,0.29,36,Poor
5050,2206,861,3.5,0.13,75,Poor
5051,3916,1722,3.0,0.25,39,Poor
5052,421,369,3.6,0.48,7,Poor
5053,665,538,4.2,0.01,53,Average
5054,2303,216,2.7,0.1,88,Poor
5055,4992,3924,3.3,0.22,6,Poor
5056,4188,1708,2.5,0.32,1,Poor
5057,914,795,4.4,0.11,96,Average
5058,1318,93,4.1,0.47,55,Poor
5059,834,435,2.7,0.32,96,Poor
5060,4621,1657,4.9,0.44,56,Poor
5061,4228,4102,2.6,0.16,48,Poor
5062,2287,1127,4.0,0.41,86,Poor
5063,4104,1058,4.4,0.19,68,Average
5064,4945,1910,4.5,0.13,77,Average
5065,985,153,2.6,0.46,7,Poor
5066,4030,497,4.8,0.05,83,Average
5067,2388,2386,4.8,0.47,62,Poor
5068,375,147,3.9,0.23,81,Poor
5069,1584,387,3.7,0.5,86,Poor
5070,3530,386,2.6,0.27,92,Poor
5071,3911,3379,3.9,0.38,70,Poor
5072,2035,1856,3.5,0.0,87,Poor
5073,4982,1735,4.4,0.25,45,Poor
5074,4653,32,3.5,0.37,88,Poor
5075,2828,555,4.2,0.39,77,Poor
5076,1320,1211,2.8,0.08,66,Poor
5077,690,289,2.8,0.21,45,Poor
5078,4753,4062,2.8,0.21,77,Poor
5079,4128,395,2.6,0.05,66,Poor
5080,4711,1744,3.9,0.22,41,Poor
5081,1417,276,4.5,0.4,63,Poor
5082,4092,2284,4.0,0.15,72,Average
5083,2625,469,3.9,0.22,52,Poor
5084,3653,913,4.2,0.48,70,Poor
5085,1631,1587,3.3,0.02,89,Poor
5086,2036,1184,3.4,0.3,6,Poor
5087,2290,1204,3.3,0.37,6,Poor
5088,4016,2099,4.3,0.38,35,Poor
5089,2155,1867,2.9,0.36,12,Poor
5090,178,171,2.5,0.36,66,Poor
5091,4851,1328,4.0,0.03,19,Average
5092,4046,629,4.9,0.27,72,Poor
5093,901,561,4.0,0.39,52,Poor
5094,4153,167,4.5,0.05,85,Average
5095,2126,675,4.2,0.01,51,Average
5096,3044,2134,3.7,0.41,96,Poor
5097,3794,2637,4.3,0.36,60,Poor
5098,2806,1836,4.6,0.21,86,Poor
5099,1694,1322,3.1,0.47,86,Poor
5100,4421,2815,3.3,0.38,89,Poor
5101,3194,462,3.1,0.48,95,Poor
5102,292,147,3.6,0.46,60,Poor
5103,4135,3812,4.7,0.24,55,Poor
5104,220,199,3.4,0.38,91,Poor
5105,702,205,3.4,0.33,93,Poor
5106,3562,2236,4.7,0.41,39,Poor
5107,1549,1303,3.8,0.39,80,Poor
5108,2149,2007,3.8,0.08,62,Average
5109,2208,1690,4.7,0.12,56,Average
5110,2022,1601,3.7,0.13,81,Average
5111,3975,526,4.2,0.41,88,Poor
5112,2308,180,2.7,0.41,3,Poor
5113,4089,3380,2.9,0.25,25,Poor
5114,2085,359,3.5,0.29,94,Poor
5115,3321,3197,3.7,0.41,61,Poor
5116,907,821,4.9,0.16,75,Average
5117,3873,1518,4.9,0.03,53,Average
5118,1099,723,4.6,0.24,61,Poor
5119,4040,1196,3.3,0.46,17,Poor
5120,348,330,4.9,0.4,9,Poor
5121,973,668,4.2,0.18,35,Average
5122,4282,3240,3.5,0.03,1,Poor
5123,4356,3279,4.3,0.32,59,Poor
5124,2849,150,2.5,0.42,88,Poor
5125,4925,3582,2.9,0.33,46,Poor
5126,4112,1519,4.6,0.21,72,Poor
5127,4095,3354,4.1,0.06,31,Average
5128,1852,1581,3.4,0.46,68,Poor
5129,2763,2603,3.8,0.14,50,Average
5130,4556,2808,4.8,0.11,66,Average
5131,2903,800,4.1,0.41,80,Poor
5132,2707,1727,3.5,0.49,76,Poor
5133,4572,1789,2.8,0.33,66,Poor
5134,3396,1338,3.2,0.31,91,Poor
5135,1521,1478,4.9,0.16,67,Average
5136,2999,2655,3.6,0.01,81,Average
5137,991,327,3.7,0.1,55,Average
5138,1957,745,3.7,0.29,98,Poor
5139,4887,3010,4.7,0.08,13,Good
5140,1293,1016,4.0,0.44,15,Poor
5141,4473,395,4.2,0.09,75,Average
5142,1516,1201,3.5,0.26,74,Poor
5143,4007,3905,2.6,0.26,65,Poor
5144,2016,223,4.8,0.3,32,Poor
5145,425,168,4.9,0.16,12,Average
5146,312,94,4.9,0.44,29,Poor
5147,4412,1423,4.9,0.22,25,Poor
5148,3438,760,4.5,0.35,81,Poor
5149,3445,323,4.2,0.32,12,Poor
5150,1994,1105,4.6,0.06,67,Average
5151,1943,589,4.0,0.31,32,Poor
5152,3684,805,2.8,0.28,14,Poor
5153,1702,1151,3.5,0.45,16,Poor
5154,4191,1230,4.9,0.44,5,Poor
5155,3942,3054,3.4,0.08,4,Poor
5156,649,248,4.7,0.04,32,Average
5157,4865,3139,2.7,0.15,53,Poor
5158,1962,1874,3.3,0.49,15,Poor
5159,1342,287,3.4,0.01,45,Poor
5160,650,273,2.6,0.34,23,Poor
5161,430,377,2.8,0.3,4,Poor
5162,4263,2154,3.0,0.32,66,Poor
5163,3687,1224,4.6,0.11,98,Average
5164,2213,1068,2.7,0.11,90,Poor
5165,4405,3479,3.2,0.22,75,Poor
5166,1148,241,2.5,0.05,49,Poor
5167,415,68,4.2,0.04,40,Average
5168,2620,459,4.1,0.04,88,Average
5169,3469,3266,4.1,0.29,54,Poor
5170,2526,1947,3.4,0.2,80,Poor
5171,840,330,3.0,0.15,19,Poor
5172,3619,2027,4.3,0.16,91,Average
5173,796,293,4.5,0.1,49,Average
5174,362,54,2.8,0.21,34,Poor
5175,4683,3763,3.7,0.1,49,Average
5176,970,427,3.1,0.35,78,Poor
5177,1127,538,2.9,0.06,32,Poor
5178,2879,288,4.3,0.47,66,Poor
5179,2431,657,3.8,0.04,70,Average
5180,3668,2542,3.0,0.47,9,Poor
5181,847,344,3.3,0.42,89,Poor
5182,4493,4205,4.9,0.34,40,Poor
5183,322,61,4.6,0.46,39,Poor
5184,3060,1408,4.7,0.07,5,Good
5185,4865,1714,3.7,0.09,32,Average
5186,1823,1245,4.1,0.13,15,Average
5187,2597,1409,3.4,0.12,23,Poor
5188,3214,3049,2.7,0.16,93,Poor
5189,4830,2355,3.5,0.29,59,Poor
5190,4767,3694,4.0,0.01,73,Average
5191,996,500,3.2,0.19,10,Poor
5192,2715,2704,4.6,0.12,43,Average
5193,556,520,2.9,0.3,85,Poor
5194,293,145,3.4,0.49,2,Poor
5195,555,71,2.8,0.26,37,Poor
5196,4567,122,3.5,0.21,39,Poor
5197,3208,1467,2.6,0.18,86,Poor
5198,3640,2766,3.2,0.39,18,Poor
5199,1922,1248,3.5,0.04,39,Poor
5200,3843,3105,3.7,0.48,52,Poor
5201,1242,489,3.9,0.21,76,Poor
5202,4475,3557,3.2,0.16,35,Poor
5203,4795,1347,3.8,0.49,66,Poor
5204,1514,446,3.8,0.47,85,Poor
5205,440,163,3.3,0.32,88,Poor
5206,4526,3766,4.6,0.01,19,Good
5207,3427,1608,3.9,0.37,27,Poor
5208,4887,2582,3.3,0.17,56,Poor
5209,4965,4183,4.9,0.19,2,Average
5210,722,265,4.6,0.08,85,Average
5211,2610,2456,5.0,0.26,36,Poor
5212,1261,327,4.2,0.37,17,Poor
5213,979,944,3.4,0.14,83,Poor
5214,1589,1395,3.2,0.47,45,Poor
5215,962,818,4.2,0.1,4,Average
5216,693,85,5.0,0.03,72,Average
5217,4572,2414,4.1,0.32,92,Poor
5218,551,344,4.7,0.42,80,Poor
5219,779,686,3.3,0.48,75,Poor
5220,1333,1076,3.5,0.38,56,Poor
5221,2168,87,4.8,0.1,25,Average
5222,4602,2254,4.4,0.49,32,Poor
5223,4436,1256,5.0,0.46,96,Poor
5224,3886,1643,4.4,0.08,35,Average
5225,969,447,3.6,0.28,92,Poor
5226,4100,1394,3.8,0.28,21,Poor
5227,2389,2283,4.8,0.22,81,Poor
5228,805,196,3.9,0.49,16,Poor
5229,1919,1608,3.1,0.03,43,Poor
5230,4522,1373,3.6,0.31,51,Poor
5231,557,469,3.8,0.1,87,Average
5232,1486,626,2.7,0.26,21,Poor
5233,2625,198,4.4,0.39,68,Poor
5234,3476,414,2.8,0.12,0,Poor
5235,608,164,3.5,0.2,82,Poor
5236,3152,895,4.5,0.48,29,Poor
5237,4566,217,3.7,0.38,38,Poor
5238,3672,988,4.6,0.29,78,Poor
5239,4449,3928,3.4,0.11,34,Poor
5240,4107,3175,4.9,0.21,68,Poor
5241,3765,688,3.0,0.39,69,Poor
5242,1351,1128,2.6,0.41,88,Poor
5243,2205,1296,4.7,0.12,10,Average
5244,742,91,4.4,0.33,50,Poor
5245,4400,4338,3.1,0.05,62,Poor
5246,1528,295,5.0,0.01,85,Average
5247,306,302,3.8,0.27,33,Poor
5248,2480,1289,4.9,0.11,54,Average
5249,491,360,3.8,0.04,77,Average
5250,1931,592,3.7,0.36,72,Poor
5251,2696,943,3.6,0.25,19,Poor
5252,3870,490,3.3,0.4,79,Poor
5253,4727,3036,3.8,0.33,57,Poor
5254,1785,26,3.6,0.36,80,Poor
5255,3785,207,2.6,0.15,16,Poor
5256,2695,2071,3.2,0.13,33,Poor
5257,68,58,3.0,0.3,74,Poor
5258,1174,926,4.7,0.1,98,Average
5259,4035,1168,4.0,0.41,61,Poor
5260,2704,979,4.4,0.26,33,Poor
5261,2130,649,4.9,0.11,99,Average
5262,1597,1283,4.1,0.31,71,Poor
5263,911,794,5.0,0.47,18,Poor
5264,204,123,3.3,0.04,96,Poor
5265,3544,537,3.0,0.05,86,Poor
5266,954,339,3.5,0.42,65,Poor
5267,1319,1274,3.7,0.05,71,Average
5268,454,453,4.7,0.02,92,Average
5269,893,49,3.9,0.17,41,Average
5270,1832,1577,3.2,0.23,50,Poor
5271,1614,940,4.4,0.28,70,Poor
5272,1234,1199,3.8,0.25,48,Poor
5273,796,649,2.9,0.46,28,Poor
5274,1775,871,3.9,0.38,94,Poor
5275,3238,954,4.8,0.49,29,Poor
5276,320,212,4.6,0.24,98,Poor
5277,4915,396,4.0,0.04,24,Average
5278,4006,3580,3.4,0.48,67,Poor
5279,221,125,2.7,0.0,61,Poor
5280,323,263,3.7,0.39,37,Poor
5281,2356,1030,4.4,0.02,16,Good
5282,1208,608,3.4,0.38,73,Poor
5283,1756,1214,3.1,0.47,0,Poor
5284,1821,1556,4.8,0.19,17,Average
5285,471,425,4.6,0.12,62,Average
5286,1259,1250,4.1,0.11,45,Average
5287,4725,1197,2.8,0.25,18,Poor
5288,940,805,2.9,0.09,49,Poor
5289,4867,2115,2.8,0.34,95,Poor
5290,3317,1692,4.0,0.18,53,Average
5291,1523,1044,2.8,0.16,30,Poor
5292,3293,1948,4.6,0.23,96,Poor
5293,4528,3859,5.0,0.27,85,Poor
5294,2231,192,3.4,0.07,64,Poor
5295,1499,525,3.6,0.35,45,Poor
5296,3146,2465,4.3,0.44,34,Poor
5297,3306,313,4.8,0.14,48,Average
5298,3206,571,4.7,0.09,80,Average
5299,1640,1490,2.6,0.38,33,Poor
5300,4289,2917,2.9,0.09,28,Poor
5301,4031,1059,4.4,0.02,5,Good
5302,1485,904,4.2,0.31,0,Poor
5303,273,112,2.8,0.12,54,Poor
5304,269,255,3.8,0.09,26,Average
5305,4324,4249,4.5,0.49,11,Poor
5306,1704,790,3.0,0.15,3,Poor
5307,4578,3617,4.7,0.45,79,Poor
5308,314,85,2.6,0.09,51,Poor
5309,1003,499,4.5,0.41,10,Poor
5310,4574,478,4.0,0.25,51,Poor
5311,3783,3433,3.3,0.04,83,Poor
5312,2824,645,4.3,0.37,25,Poor
5313,3174,178,4.5,0.45,27,Poor
5314,529,180,4.8,0.08,71,Average
5315,3564,1297,3.4,0.36,65,Poor
5316,1403,959,4.2,0.22,89,Poor
5317,3372,1592,4.0,0.38,26,Poor
5318,3928,2222,3.8,0.36,96,Poor
5319,939,505,4.7,0.01,54,Average
5320,3904,451,2.5,0.09,70,Poor
5321,974,46,3.2,0.24,53,Poor
5322,2220,1023,3.8,0.47,45,Poor
5323,1952,1055,2.9,0.17,35,Poor
5324,4923,2134,4.8,0.31,20,Poor
5325,2445,2163,4.1,0.01,48,Average
5326,78,42,3.7,0.36,33,Poor
5327,84,26,4.5,0.3,86,Poor
5328,3639,1333,3.6,0.36,33,Poor
5329,2720,904,3.9,0.45,39,Poor
5330,3415,2106,2.5,0.07,6,Poor
5331,638,225,3.4,0.13,89,Poor
5332,3268,961,2.8,0.5,51,Poor
5333,3188,574,4.2,0.08,48,Average
5334,953,503,3.7,0.36,80,Poor
5335,4136,3428,3.3,0.36,94,Poor
5336,2219,1539,3.7,0.34,88,Poor
5337,389,278,3.0,0.11,36,Poor
5338,4320,268,4.8,0.11,61,Average
5339,1764,1117,2.6,0.33,14,Poor
5340,4742,392,4.7,0.09,1,Good
5341,4596,2946,3.8,0.33,10,Poor
5342,606,157,4.0,0.25,95,Poor
5343,3137,3015,3.3,0.19,93,Poor
5344,3316,2524,4.9,0.15,16,Average
5345,3617,2881,3.2,0.47,87,Poor
5346,2106,961,4.0,0.25,44,Poor
5347,3949,3934,5.0,0.28,67,Poor
5348,1066,463,4.7,0.47,60,Poor
5349,2112,1015,3.8,0.33,45,Poor
5350,888,813,5.0,0.48,31,Poor
5351,1687,430,4.3,0.05,18,Good
5352,4371,697,3.0,0.42,66,Poor
5353,3546,1833,3.5,0.17,3,Poor
5354,1863,1581,3.3,0.41,24,Poor
5355,3529,472,3.4,0.43,72,Poor
5356,1501,438,4.4,0.14,20,Average
5357,2363,1158,4.0,0.2,86,Poor
5358,1564,70,2.6,0.36,92,Poor
5359,1281,229,4.7,0.05,93,Average
5360,1695,907,3.2,0.38,88,Poor
5361,3049,1946,5.0,0.06,92,Average
5362,3490,3060,4.9,0.46,97,Poor
5363,4106,3993,4.9,0.14,13,Average
5364,355,320,4.5,0.29,21,Poor
5365,3586,1897,3.1,0.06,47,Poor
5366,1773,646,3.8,0.13,50,Average
5367,1739,698,3.1,0.2,79,Poor
5368,1567,1478,3.1,0.24,10,Poor
5369,3967,2844,4.0,0.0,58,Average
5370,469,246,2.6,0.44,13,Poor
5371,2986,682,4.9,0.0,6,Excellent
5372,3912,287,4.8,0.39,68,Poor
5373,4279,2183,3.5,0.24,57,Poor
5374,1500,773,3.8,0.26,39,Poor
5375,3146,1372,3.7,0.1,92,Average
5376,3311,1888,4.7,0.3,80,Poor
5377,1214,1083,4.2,0.27,93,Poor
5378,1919,201,3.2,0.08,24,Poor
5379,1869,1533,3.6,0.12,77,Average
5380,2755,922,3.6,0.03,41,Average
5381,3565,3364,4.9,0.03,85,Average
5382,1392,1162,2.9,0.01,43,Poor
5383,2276,1526,2.7,0.11,4,Poor
5384,1129,528,4.7,0.34,27,Poor
5385,4256,2159,4.7,0.16,75,Average
5386,4613,4264,4.7,0.17,99,Average
5387,2829,2184,3.8,0.07,59,Average
5388,2578,2525,4.1,0.29,76,Poor
5389,863,584,3.9,0.17,20,Average
5390,2081,1820,2.7,0.34,95,Poor
5391,372,281,4.0,0.37,48,Poor
5392,3019,1862,2.5,0.29,55,Poor
5393,953,253,3.3,0.14,56,Poor
5394,1591,1418,4.8,0.25,84,Poor
5395,3553,1590,3.3,0.13,60,Poor
5396,2703,1893,4.8,0.45,37,Poor
5397,2526,1992,3.1,0.38,72,Poor
5398,3390,2264,3.3,0.25,1,Poor
5399,4293,2462,4.1,0.48,2,Poor
5400,1191,733,4.4,0.27,42,Poor
5401,899,804,3.8,0.16,73,Average
5402,416,55,4.7,0.05,34,Average
5403,2947,242,2.6,0.27,72,Poor
5404,1139,883,4.8,0.43,39,Poor
5405,4091,3880,3.0,0.43,95,Poor
5406,2088,549,4.7,0.3,84,Poor
5407,2910,1231,3.5,0.2,57,Poor
5408,4320,1445,4.6,0.33,33,Poor
5409,1904,276,4.2,0.38,24,Poor
5410,4733,673,2.9,0.21,55,Poor
5411,544,155,4.8,0.24,31,Poor
5412,3232,1862,3.1,0.34,21,Poor
5413,1834,610,3.1,0.44,88,Poor
5414,3560,463,4.5,0.4,64,Poor
5415,3836,2485,2.8,0.01,99,Poor
5416,4180,2877,3.1,0.06,20,Poor
5417,1048,1011,3.8,0.43,79,Poor
5418,4519,3815,4.6,0.42,95,Poor
5419,1501,119,2.9,0.19,20,Poor
5420,1801,58,3.9,0.29,27,Poor
5421,2330,2330,4.3,0.45,18,Poor
5422,4850,4265,4.7,0.46,13,Poor
5423,4708,2757,4.8,0.39,86,Poor
5424,2984,2880,4.5,0.1,23,Average
5425,3784,1373,4.1,0.37,19,Poor
5426,3396,1163,3.6,0.05,31,Average
5427,1923,1627,2.8,0.45,73,Poor
5428,4584,2973,4.3,0.07,51,Average
5429,3853,1857,5.0,0.33,64,Poor
5430,2029,1166,4.3,0.31,94,Poor
5431,748,263,2.5,0.39,51,Poor
5432,1362,905,3.7,0.28,57,Poor
5433,3012,606,4.0,0.03,78,Average
5434,2988,2585,4.2,0.35,94,Poor
5435,4837,3112,4.3,0.19,91,Average
5436,2350,2257,3.9,0.16,9,Average
5437,3247,2982,3.1,0.5,69,Poor
5438,176,122,4.9,0.3,14,Poor
5439,1241,875,4.2,0.36,46,Poor
5440,2689,2533,3.1,0.26,90,Poor
5441,4439,2166,3.3,0.38,9,Poor
5442,3966,2055,4.8,0.38,20,Poor
5443,1416,849,4.7,0.33,18,Poor
5444,1069,1016,3.5,0.5,67,Poor
5445,4129,1736,2.6,0.23,21,Poor
5446,4564,4171,2.6,0.35,62,Poor
5447,4589,1745,3.2,0.4,37,Poor
5448,734,41,4.1,0.19,14,Average
5449,3679,2647,4.0,0.23,69,Poor
5450,2937,204,4.1,0.48,74,Poor
5451,1512,541,4.3,0.02,43,Average
5452,4136,2331,2.5,0.17,29,Poor
5453,2311,1268,2.8,0.24,23,Poor
5454,4230,1678,3.4,0.0,85,Poor
5455,2891,1081,2.9,0.45,93,Poor
5456,1817,1022,2.7,0.14,45,Poor
5457,4230,3247,4.1,0.13,3,Average
5458,3610,2368,4.5,0.41,5,Poor
5459,2162,2037,4.4,0.14,37,Average
5460,4808,3158,4.5,0.33,25,Poor
5461,676,664,4.2,0.41,18,Poor
5462,4209,413,4.3,0.4,1,Poor
5463,3464,1637,3.2,0.39,67,Poor
5464,1425,680,5.0,0.04,68,Average
5465,1231,1174,3.0,0.04,46,Poor
5466,540,88,3.0,0.15,98,Poor
5467,3779,3436,3.2,0.02,28,Poor
5468,3584,2829,4.9,0.25,63,Poor
5469,3346,339,5.0,0.2,79,Poor
5470,1990,196,4.5,0.28,11,Poor
5471,4458,603,4.1,0.15,84,Average
5472,1932,1572,3.8,0.24,72,Poor
5473,4958,601,4.9,0.17,10,Average
5474,3037,1787,4.2,0.1,7,Average
5475,3209,1576,4.9,0.32,59,Poor
5476,4825,1818,3.3,0.34,25,Poor
5477,4580,4226,3.3,0.41,31,Poor
5478,731,302,4.6,0.44,38,Poor
5479,1123,213,2.9,0.35,3,Poor
5480,2437,1090,4.9,0.34,97,Poor
5481,2444,2409,3.8,0.03,91,Average
5482,2743,2589,4.8,0.05,88,Average
5483,1420,1413,3.3,0.41,43,Poor
5484,4794,150,4.3,0.12,98,Average
5485,4390,1313,3.7,0.18,82,Average
5486,2206,1983,4.1,0.07,34,Average
5487,2630,80,3.8,0.1,50,Average
5488,4441,2231,4.9,0.39,50,Poor
5489,2209,1568,4.2,0.13,28,Average
5490,3298,291,3.1,0.22,77,Poor
5491,3781,1801,4.8,0.08,84,Average
5492,3879,2200,3.2,0.34,35,Poor
5493,1677,1287,3.4,0.36,77,Poor
5494,3522,3065,2.8,0.18,59,Poor
5495,77,69,4.7,0.39,14,Poor
5496,2035,57,3.2,0.12,50,Poor
5497,4203,3651,3.1,0.35,49,Poor
5498,1571,636,4.8,0.36,93,Poor
5499,346,78,4.5,0.48,54,Poor
5500,2231,1983,2.9,0.12,11,Poor
5501,3452,2566,4.4,0.05,49,Average
5502,2346,1938,4.8,0.13,61,Average
5503,2647,2634,2.7,0.06,4,Poor
5504,951,586,4.6,0.08,26,Average
5505,1148,923,3.9,0.17,78,Average
5506,1727,402,4.2,0.21,89,Poor
5507,2931,1431,3.7,0.45,8,Poor
5508,4916,104,4.2,0.1,34,Average
5509,1428,646,2.6,0.49,12,Poor
5510,1298,845,4.4,0.41,43,Poor
5511,3785,2360,2.6,0.44,45,Poor
5512,4291,3140,3.6,0.46,96,Poor
5513,1314,1110,2.9,0.38,97,Poor
5514,1957,806,4.6,0.39,67,Poor
5515,1108,148,3.3,0.22,76,Poor
5516,2799,2096,3.6,0.26,73,Poor
5517,2098,1588,3.6,0.47,52,Poor
5518,4298,3210,4.4,0.19,0,Average
5519,2526,711,3.7,0.02,10,Average
5520,4066,1980,4.5,0.38,49,Poor
5521,4653,4248,2.7,0.29,8,Poor
5522,3247,1228,3.0,0.41,37,Poor
5523,4636,3597,3.9,0.04,86,Average
5524,3603,665,4.9,0.31,12,Poor
5525,4490,2601,2.7,0.12,4,Poor
5526,1811,1284,2.6,0.45,24,Poor
5527,270,96,2.9,0.05,9,Poor
5528,4868,3807,4.1,0.42,4,Poor
5529,4673,535,3.5,0.04,21,Poor
5530,2938,2065,4.6,0.01,41,Average
5531,1714,979,2.7,0.12,88,Poor
5532,4036,2232,3.0,0.17,19,Poor
5533,4626,2994,3.3,0.31,27,Poor
5534,3027,952,4.1,0.07,20,Average
5535,1921,1683,4.2,0.22,10,Poor
5536,1512,576,2.8,0.1,92,Poor
5537,394,237,4.9,0.43,68,Poor
5538,94,27,3.4,0.02,36,Poor
5539,2118,1012,4.3,0.18,48,Average
5540,1564,1048,3.8,0.32,68,Poor
5541,2648,1711,3.1,0.46,32,Poor
5542,1051,776,4.6,0.43,44,Poor
5543,1083,874,4.5,0.45,99,Poor
5544,2090,668,3.5,0.03,7,Poor
5545,323,82,4.0,0.42,5,Poor
5546,2697,1011,3.1,0.39,14,Poor
5547,1829,1350,4.2,0.45,14,Poor
5548,4526,2074,3.3,0.16,8,Poor
5549,528,433,4.6,0.46,60,Poor
5550,565,534,3.0,0.2,55,Poor
5551,4336,1862,2.5,0.32,4,Poor
5552,1241,774,3.2,0.21,25,Poor
5553,2718,2140,3.0,0.21,86,Poor
5554,1461,29,3.8,0.27,79,Poor
5555,3330,1616,3.0,0.18,56,Poor
5556,321,69,4.4,0.4,34,Poor
5557,192,141,3.1,0.32,9,Poor
5558,3382,706,4.3,0.34,90,Poor
5559,837,532,3.9,0.12,79,Average
5560,1731,1009,5.0,0.48,20,Poor
5561,672,460,5.0,0.33,11,Poor
5562,3891,3129,4.7,0.1,8,Average
5563,3726,2769,4.4,0.38,15,Poor
5564,2622,610,3.5,0.09,72,Poor
5565,3310,1388,4.4,0.03,92,Average
5566,4762,2009,4.9,0.26,53,Poor
5567,116,101,2.6,0.28,22,Poor
5568,4336,3793,3.8,0.09,38,Average
5569,4666,2084,3.0,0.17,87,Poor
5570,1190,387,3.9,0.47,21,Poor
5571,2364,1359,3.7,0.14,54,Average
5572,2582,1540,3.9,0.08,30,Average
5573,3630,2788,3.9,0.5,73,Poor
5574,1237,977,4.9,0.15,46,Average
5575,4521,1596,3.9,0.34,26,Poor
5576,4798,134,4.6,0.12,97,Average
5577,3389,2167,3.3,0.28,47,Poor
5578,598,457,3.6,0.19,38,Average
5579,4137,1388,3.7,0.48,87,Poor
5580,122,112,3.2,0.22,20,Poor
5581,248,158,3.4,0.29,14,Poor
5582,3251,847,4.0,0.47,80,Poor
5583,1831,343,4.0,0.49,44,Poor
5584,621,321,4.1,0.05,18,Good
5585,840,313,3.4,0.42,52,Poor
5586,1688,1572,3.3,0.19,88,Poor
5587,1881,1877,4.0,0.3,54,Poor
5588,1905,987,2.8,0.19,85,Poor
5589,1224,93,3.1,0.2,48,Poor
5590,3790,503,2.6,0.08,77,Poor
5591,3327,35,2.7,0.29,60,Poor
5592,228,33,3.1,0.27,59,Poor
5593,2294,1379,2.5,0.09,91,Poor
5594,4136,1916,3.1,0.27,75,Poor
5595,784,535,4.1,0.49,90,Poor
5596,848,146,2.7,0.36,23,Poor
5597,837,537,3.6,0.24,85,Poor
5598,2845,148,4.8,0.46,38,Poor
5599,4354,530,4.5,0.29,60,Poor
5600,4638,442,3.3,0.07,99,Poor
5601,3134,2452,4.8,0.27,22,Poor
5602,2968,1926,3.3,0.09,71,Poor
5603,781,251,2.7,0.38,91,Poor
5604,1179,978,5.0,0.48,92,Poor
5605,3496,844,4.7,0.18,78,Average
5606,1655,1238,3.7,0.22,38,Poor
5607,3828,84,4.2,0.21,71,Poor
5608,2795,852,4.2,0.14,91,Average
5609,3220,634,3.0,0.4,96,Poor
5610,4739,3368,3.0,0.31,10,Poor
5611,2983,2048,3.7,0.03,41,Average
5612,1265,820,4.8,0.42,24,Poor
5613,374,297,2.5,0.09,33,Poor
5614,1900,1737,4.5,0.49,21,Poor
5615,1540,385,2.6,0.19,1,Poor
5616,943,535,3.7,0.31,50,Poor
5617,1440,1258,4.1,0.04,15,Good
5618,3439,2506,4.2,0.17,10,Average
5619,4289,1506,2.6,0.4,77,Poor
5620,4529,3318,3.5,0.24,95,Poor
5621,2313,394,4.0,0.45,85,Poor
5622,3482,1543,2.7,0.29,68,Poor
5623,2421,112,2.8,0.46,99,Poor
5624,3136,1620,4.2,0.49,86,Poor
5625,4362,1860,3.8,0.23,61,Poor
5626,1565,1499,2.9,0.28,18,Poor
5627,2967,1321,3.8,0.42,28,Poor
5628,2402,1641,4.8,0.11,41,Average
5629,1217,936,2.5,0.43,22,Poor
5630,160,114,4.1,0.3,59,Poor
5631,4377,1150,2.7,0.36,72,Poor
5632,3705,1433,2.5,0.04,17,Poor
5633,3843,1803,2.9,0.38,94,Poor
5634,1805,1569,3.6,0.16,80,Average
5635,1627,90,4.5,0.4,54,Poor
5636,1346,683,3.2,0.25,17,Poor
5637,3824,988,4.1,0.14,26,Average
5638,2270,2118,3.5,0.48,84,Poor
5639,1022,917,3.1,0.38,0,Poor
5640,1080,1007,3.8,0.49,95,Poor
5641,2643,2327,4.5,0.18,13,Average
5642,4042,3283,4.6,0.32,58,Poor
5643,4663,3865,4.6,0.31,77,Poor
5644,963,204,3.3,0.34,32,Poor
5645,2231,2225,4.5,0.02,35,Average
5646,3247,118,3.0,0.15,38,Poor
5647,1512,260,4.3,0.45,75,Poor
5648,2428,1534,4.9,0.21,44,Poor
5649,3504,221,2.5,0.48,24,Poor
5650,3603,653,3.6,0.11,14,Average
5651,1357,1139,4.1,0.5,19,Poor
5652,1239,765,4.3,0.35,33,Poor
5653,737,509,2.9,0.39,57,Poor
5654,4711,598,4.9,0.2,59,Poor
5655,1257,546,4.0,0.45,77,Poor
5656,1944,292,2.9,0.27,29,Poor
5657,4972,4901,2.6,0.34,12,Poor
5658,1861,1702,4.5,0.05,77,Average
5659,3233,472,2.7,0.32,92,Poor
5660,3847,1195,2.9,0.44,89,Poor
5661,1694,366,3.9,0.09,66,Average
5662,4018,835,4.0,0.37,88,Poor
5663,2766,433,4.2,0.01,90,Average
5664,240,34,3.5,0.46,44,Poor
5665,1385,450,4.4,0.49,39,Poor
5666,4853,1966,4.9,0.18,79,Average
5667,3156,1127,3.2,0.05,37,Poor
5668,428,211,4.3,0.33,74,Poor
5669,4532,60,4.8,0.01,92,Average
5670,3879,1907,4.2,0.24,46,Poor
5671,665,328,4.2,0.14,87,Average
5672,2380,155,3.1,0.24,28,Poor
5673,1804,125,3.8,0.01,33,Average
5674,513,26,3.9,0.03,10,Average
5675,1016,937,4.3,0.01,19,Good
5676,4317,1585,5.0,0.31,19,Poor
5677,3208,145,2.6,0.28,72,Poor
5678,3674,3448,2.7,0.12,55,Poor
5679,4988,408,2.7,0.32,22,Poor
5680,739,598,4.4,0.44,99,Poor
5681,2672,1578,2.8,0.14,90,Poor
5682,2262,1744,4.1,0.42,87,Poor
5683,432,93,3.3,0.33,24,Poor
5684,2306,1048,3.6,0.02,88,Average
5685,3860,1962,3.0,0.19,32,Poor
5686,3553,101,4.7,0.25,30,Poor
5687,1462,795,4.0,0.37,73,Poor
5688,1633,1010,4.9,0.14,78,Average
5689,421,21,3.9,0.49,0,Poor
5690,660,297,2.8,0.34,53,Poor
5691,165,91,2.9,0.19,15,Poor
5692,496,362,5.0,0.05,84,Average
5693,1441,243,4.3,0.09,58,Average
5694,3374,1627,2.6,0.24,65,Poor
5695,1390,1111,4.3,0.25,2,Poor
5696,4560,625,3.5,0.38,14,Poor
5697,2989,2086,3.3,0.36,31,Poor
5698,3749,659,2.9,0.1,49,Poor
5699,1123,116,4.6,0.3,90,Poor
5700,4863,4290,2.7,0.01,99,Poor
5701,3619,3429,3.2,0.2,98,Poor
5702,3200,1396,3.3,0.38,59,Poor
5703,1655,1434,2.9,0.2,87,Poor
5704,4707,367,3.8,0.42,7,Poor
5705,2344,20,2.5,0.49,6,Poor
5706,3712,82,3.3,0.3,3,Poor
5707,4532,1803,4.8,0.07,93,Average
5708,4847,3834,3.3,0.19,9,Poor
5709,1033,245,3.4,0.0,59,Poor
5710,401,38,3.7,0.3,24,Poor
5711,1774,50,3.9,0.41,41,Poor
5712,2001,864,4.5,0.31,46,Poor
5713,1329,652,3.0,0.39,95,Poor
5714,1957,43,4.7,0.4,95,Poor
5715,4898,1254,4.4,0.43,31,Poor
5716,1074,180,4.3,0.13,73,Average
5717,595,274,2.7,0.44,72,Poor
5718,4224,1614,2.6,0.33,24,Poor
5719,2431,2181,4.0,0.14,88,Average
5720,938,523,4.7,0.49,15,Poor
5721,1155,974,4.0,0.48,48,Poor
5722,2599,376,3.0,0.29,15,Poor
5723,2040,188,2.7,0.42,93,Poor
5724,4048,3615,4.2,0.13,37,Average
5725,3825,988,4.3,0.21,4,Poor
5726,2862,261,2.9,0.09,6,Poor
5727,970,394,2.6,0.26,76,Poor
5728,4695,4254,3.5,0.25,7,Poor
5729,2111,166,4.0,0.11,32,Average
5730,4537,562,4.3,0.34,61,Poor
5731,3689,711,4.5,0.06,73,Average
5732,3215,1045,4.0,0.03,83,Average
5733,4485,4070,2.8,0.19,31,Poor
5734,2694,1181,4.2,0.2,92,Poor
5735,4902,2971,5.0,0.16,0,Average
5736,1095,749,4.8,0.13,90,Average
5737,3606,3313,4.7,0.17,19,Average
5738,2731,2398,3.3,0.08,54,Poor
5739,3249,2684,4.4,0.2,62,Poor
5740,988,423,4.6,0.45,77,Poor
5741,4993,2575,4.2,0.11,78,Average
5742,491,423,3.1,0.34,5,Poor
5743,2600,1170,4.9,0.07,51,Average
5744,4275,1755,3.6,0.18,1,Average
5745,646,34,2.8,0.16,92,Poor
5746,1555,245,2.8,0.47,38,Poor
5747,911,884,4.1,0.21,31,Poor
5748,2690,764,3.6,0.35,50,Poor
5749,3781,2560,2.7,0.3,68,Poor
5750,1601,338,4.4,0.07,85,Average
5751,3286,1262,4.5,0.47,91,Poor
5752,1786,1320,4.3,0.17,31,Average
5753,1499,792,3.0,0.02,92,Poor
5754,314,209,4.2,0.15,2,Average
5755,2709,438,2.5,0.17,61,Poor
5756,2771,884,3.3,0.05,94,Poor
5757,1512,808,3.5,0.31,12,Poor
5758,4302,1891,4.6,0.17,69,Average
5759,1495,514,3.5,0.31,20,Poor
5760,2348,1082,2.5,0.0,60,Poor
5761,2975,2229,3.4,0.49,13,Poor
5762,1682,140,3.7,0.09,88,Average
5763,2424,2005,4.9,0.33,70,Poor
5764,562,148,4.9,0.36,21,Poor
5765,265,84,3.0,0.09,31,Poor
5766,3381,559,3.0,0.06,40,Poor
5767,2222,679,2.9,0.08,31,Poor
5768,3203,2499,4.5,0.12,41,Average
5769,1756,1108,2.5,0.08,51,Poor
5770,2156,1470,2.8,0.34,93,Poor
5771,1617,836,3.8,0.21,80,Poor
5772,2258,1964,3.1,0.27,53,Poor
5773,2381,1235,2.7,0.02,61,Poor
5774,2203,31,3.4,0.43,84,Poor
5775,1178,258,3.2,0.09,89,Poor
5776,3560,1915,3.8,0.18,42,Average
5777,4373,2520,4.9,0.04,2,Excellent
5778,3703,2450,2.8,0.07,37,Poor
5779,2415,67,3.4,0.33,80,Poor
5780,4947,2384,4.8,0.35,38,Poor
5781,2971,2276,4.7,0.34,69,Poor
5782,4617,773,3.5,0.28,84,Poor
5783,1129,1079,4.2,0.48,44,Poor
5784,3561,3554,2.7,0.25,45,Poor
5785,2791,573,4.3,0.22,12,Poor
5786,3070,422,4.9,0.12,51,Average
5787,278,126,3.8,0.05,8,Average
5788,220,58,3.7,0.27,56,Poor
5789,344,88,3.0,0.16,68,Poor
5790,4334,2247,4.1,0.26,42,Poor
5791,475,31,4.0,0.1,6,Average
5792,968,358,4.1,0.42,43,Poor
5793,3303,3010,2.6,0.5,43,Poor
5794,548,145,3.9,0.16,94,Average
5795,2859,82,4.0,0.42,67,Poor
5796,875,863,3.0,0.44,76,Poor
5797,3829,3173,3.0,0.5,43,Poor
5798,1908,1028,3.2,0.17,78,Poor
5799,2168,1862,4.3,0.38,39,Poor
5800,195,62,4.0,0.11,76,Average
5801,4615,2101,4.6,0.31,42,Poor
5802,3627,771,3.2,0.35,61,Poor
5803,242,116,4.8,0.37,42,Poor
5804,3938,68,4.4,0.1,89,Average
5805,101,37,3.5,0.42,18,Poor
5806,2460,1680,2.7,0.21,48,Poor
5807,1870,720,3.1,0.11,64,Poor
5808,3014,1100,4.9,0.27,76,Poor
5809,2571,2176,3.3,0.43,24,Poor
5810,1919,1560,3.3,0.48,83,Poor
5811,2618,2091,3.0,0.37,40,Poor
5812,1917,240,4.5,0.0,22,Average
5813,2788,2003,3.2,0.07,57,Poor
5814,3319,334,3.3,0.04,87,Poor
5815,3249,2361,3.5,0.05,42,Poor
5816,2629,1720,3.6,0.19,39,Average
5817,4055,3087,3.5,0.17,29,Poor
5818,4985,4753,3.8,0.06,33,Average
5819,290,286,4.5,0.44,9,Poor
5820,3490,2155,4.5,0.31,59,Poor
5821,4681,1669,4.5,0.4,0,Poor
5822,1457,1191,2.8,0.19,11,Poor
5823,3552,2824,4.5,0.21,45,Poor
5824,4088,3869,2.8,0.16,92,Poor
5825,132,108,2.8,0.22,74,Poor
5826,3818,2498,4.9,0.31,16,Poor
5827,1000,771,4.5,0.25,83,Poor
5828,660,261,3.9,0.42,57,Poor
5829,4719,2969,4.7,0.45,37,Poor
5830,3655,760,5.0,0.23,5,Poor
5831,4604,2276,4.0,0.12,61,Average
5832,3333,35,4.0,0.47,83,Poor
5833,2223,1005,4.4,0.37,73,Poor
5834,3534,3311,3.1,0.32,9,Poor
5835,1572,386,2.9,0.37,94,Poor
5836,2651,1272,4.4,0.04,25,Average
5837,2707,2507,3.4,0.03,57,Poor
5838,2209,709,2.8,0.08,16,Poor
5839,2499,1079,3.3,0.07,52,Poor
5840,3880,866,3.4,0.21,77,Poor
5841,171,169,4.9,0.08,4,Good
5842,4418,1663,4.2,0.43,66,Poor
5843,1367,1232,3.8,0.29,19,Poor
5844,4543,39,4.9,0.18,50,Average
5845,2568,695,4.8,0.03,45,Average
5846,1280,401,3.8,0.3,78,Poor
5847,1183,628,4.8,0.06,66,Average
5848,1351,162,3.5,0.37,2,Poor
5849,4084,81,3.1,0.4,22,Poor
5850,1960,1285,3.1,0.27,8,Poor
5851,1555,257,4.2,0.07,10,Good
5852,3235,1174,3.8,0.39,46,Poor
5853,1966,1648,4.1,0.15,48,Average
5854,4965,1646,4.2,0.11,43,Average
5855,3598,1166,2.6,0.24,12,Poor
5856,2807,1483,2.6,0.46,7,Poor
5857,2006,946,3.8,0.15,62,Average
5858,228,105,3.0,0.45,21,Poor
5859,946,438,4.1,0.03,37,Average
5860,1601,474,3.9,0.04,26,Average
5861,541,217,4.0,0.35,25,Poor
5862,110,45,3.3,0.1,22,Poor
5863,1127,905,4.1,0.16,94,Average
5864,2945,1044,4.6,0.07,92,Average
5865,4210,3423,5.0,0.17,64,Average
5866,3733,1255,4.6,0.14,73,Average
5867,635,106,3.9,0.37,46,Poor
5868,4010,684,3.0,0.35,60,Poor
5869,3820,881,4.2,0.48,45,Poor
5870,584,80,4.8,0.36,3,Poor
5871,3512,2864,3.0,0.35,30,Poor
5872,4061,2162,3.1,0.35,3,Poor
5873,3448,805,2.9,0.44,28,Poor
5874,2205,1596,4.3,0.15,72,Average
5875,1054,980,3.5,0.15,78,Poor
5876,2549,2364,2.7,0.37,43,Poor
5877,376,142,4.7,0.11,2,Average
5878,4753,3795,3.9,0.46,58,Poor
5879,2756,2466,3.3,0.27,78,Poor
5880,51,34,3.4,0.15,52,Poor
5881,1083,965,3.2,0.39,10,Poor
5882,2531,1274,3.6,0.16,5,Average
5883,174,41,3.3,0.48,46,Poor
5884,1154,421,3.9,0.49,6,Poor
5885,2749,149,4.4,0.33,67,Poor
5886,1911,311,4.2,0.06,84,Average
5887,2970,295,3.2,0.13,0,Poor
5888,178,163,3.8,0.26,55,Poor
5889,487,342,4.6,0.43,86,Poor
5890,4896,2993,2.7,0.09,76,Poor
5891,2598,74,2.7,0.05,42,Poor
5892,3179,2806,3.9,0.04,27,Average
5893,1271,1069,4.1,0.25,28,Poor
5894,951,460,3.0,0.44,17,Poor
5895,3218,784,4.4,0.02,86,Average
5896,4536,1240,4.1,0.11,91,Average
5897,3968,661,4.8,0.35,72,Poor
5898,1117,743,2.9,0.41,61,Poor
5899,76,53,4.4,0.4,5,Poor
5900,597,587,2.7,0.39,15,Poor
5901,2718,2634,3.9,0.06,0,Average
5902,616,295,3.9,0.2,21,Poor
5903,753,428,3.5,0.49,45,Poor
5904,4330,359,4.6,0.49,61,Poor
5905,3190,172,2.5,0.3,22,Poor
5906,1640,1608,3.8,0.35,20,Poor
5907,4993,1441,3.0,0.48,50,Poor
5908,4744,3071,4.4,0.22,94,Poor
5909,855,446,2.6,0.07,37,Poor
5910,3841,3070,4.6,0.33,27,Poor
5911,1407,223,4.6,0.48,43,Poor
5912,3275,1155,4.6,0.35,90,Poor
5913,3668,2392,2.9,0.4,38,Poor
5914,2176,969,4.1,0.21,41,Poor
5915,2510,1393,2.5,0.05,41,Poor
5916,595,454,4.6,0.08,59,Average
5917,2778,1323,4.3,0.49,56,Poor
5918,3784,390,3.8,0.25,76,Poor
5919,2612,2316,4.3,0.01,95,Average
5920,2129,722,2.7,0.48,6,Poor
5921,2691,1694,3.8,0.25,50,Poor
5922,3164,2145,3.2,0.42,96,Poor
5923,1976,938,4.9,0.27,76,Poor
5924,666,355,4.6,0.05,31,Average
5925,3694,69,4.3,0.31,6,Poor
5926,1253,104,4.8,0.5,75,Poor
5927,1809,1738,3.4,0.02,39,Poor
5928,2615,2071,4.8,0.42,14,Poor
5929,3224,1012,3.3,0.12,58,Poor
5930,3131,2384,4.3,0.2,84,Poor
5931,2680,1154,4.3,0.19,11,Average
5932,3211,1377,2.5,0.45,76,Poor
5933,4371,782,3.4,0.25,41,Poor
5934,719,152,2.5,0.22,38,Poor
5935,3218,2679,5.0,0.41,62,Poor
5936,2171,1024,2.8,0.02,1,Poor
5937,4128,3775,3.9,0.04,28,Average
5938,4201,2866,4.5,0.01,60,Average
5939,769,138,3.0,0.34,28,Poor
5940,2650,369,3.7,0.26,99,Poor
5941,3648,2984,4.0,0.44,37,Poor
5942,4719,706,2.9,0.25,6,Poor
5943,716,561,4.4,0.11,29,Average
5944,333,74,3.2,0.4,86,Poor
5945,3953,380,3.0,0.15,91,Poor
5946,3615,2775,3.9,0.47,55,Poor
5947,2284,2275,3.5,0.13,86,Poor
5948,4643,1713,4.8,0.08,35,Average
5949,1515,864,4.7,0.25,41,Poor
5950,179,104,3.7,0.03,92,Average
5951,4784,704,3.4,0.02,3,Poor
5952,2110,264,3.3,0.25,83,Poor
5953,3722,2939,3.2,0.11,4,Poor
5954,2544,1378,3.9,0.0,45,Average
5955,1042,231,4.5,0.15,74,Average
5956,2171,615,3.3,0.24,1,Poor
5957,2634,1176,3.0,0.2,53,Poor
5958,4246,3081,3.7,0.07,87,Average
5959,2273,1843,2.7,0.29,58,Poor
5960,4572,4465,4.3,0.36,32,Poor
5961,3238,2349,3.8,0.34,21,Poor
5962,3287,2360,3.7,0.2,46,Poor
5963,4186,1312,3.3,0.07,5,Poor
5964,4574,1904,4.8,0.25,23,Poor
5965,393,216,2.7,0.45,92,Poor
5966,4511,1580,4.7,0.23,48,Poor
5967,4754,1003,3.4,0.1,95,Poor
5968,4873,2087,4.7,0.05,93,Average
5969,2326,1883,4.3,0.47,50,Poor
5970,4970,1999,2.8,0.37,40,Poor
5971,3251,1756,4.6,0.16,66,Average
5972,938,424,4.2,0.15,88,Average
5973,2093,1158,2.6,0.45,91,Poor
5974,1391,720,2.8,0.09,78,Poor
5975,3770,3047,4.1,0.27,80,Poor
5976,2933,2093,4.2,0.36,1,Poor
5977,4262,3773,4.4,0.2,90,Poor
5978,2465,414,4.3,0.02,99,Average
5979,1167,1020,4.1,0.11,77,Average
5980,4313,3472,4.4,0.45,42,Poor
5981,3051,542,3.9,0.26,31,Poor
5982,1788,1582,3.2,0.41,11,Poor
5983,1414,881,4.8,0.28,22,Poor
5984,2758,1126,2.5,0.47,15,Poor
5985,4840,2869,3.4,0.45,43,Poor
5986,974,569,4.3,0.24,1,Poor
5987,201,106,3.6,0.16,6,Average
5988,635,406,2.6,0.3,20,Poor
5989,962,687,2.7,0.34,57,Poor
5990,2371,1441,4.1,0.25,94,Poor
5991,545,305,4.9,0.41,22,Poor
5992,3845,2765,3.9,0.09,59,Average
5993,2198,388,3.8,0.17,24,Average
5994,606,441,3.3,0.34,34,Poor
5995,1602,673,3.1,0.12,98,Poor
5996,2170,1486,2.6,0.22,44,Poor
5997,3135,1796,3.2,0.48,6,Poor
5998,3554,1563,3.6,0.31,68,Poor
5999,206,91,3.0,0.47,31,Poor
6000,784,307,2.7,0.36,52,Poor
6001,4704,4210,4.3,0.36,68,Poor
6002,3326,2736,4.7,0.3,24,Poor
6003,204,60,4.8,0.07,94,Average
6004,1046,350,4.0,0.26,83,Poor
6005,2344,1856,2.6,0.13,85,Poor
6006,4676,1824,4.4,0.5,76,Poor
6007,2955,1198,2.8,0.13,1,Poor
6008,4874,2571,4.2,0.12,85,Average
6009,1227,294,4.4,0.31,60,Poor
6010,203,173,4.3,0.26,8,Poor
6011,4237,1608,4.9,0.01,50,Average
6012,1766,198,4.3,0.06,1,Good
6013,3252,1976,4.2,0.41,44,Poor
6014,2907,1795,3.2,0.24,31,Poor
6015,836,156,4.8,0.07,71,Average
6016,4418,1007,2.9,0.23,79,Poor
6017,4322,1223,4.8,0.13,96,Average
6018,3817,3273,3.3,0.11,74,Poor
6019,2928,2310,2.8,0.48,31,Poor
6020,692,115,4.6,0.18,7,Average
6021,4712,216,2.5,0.02,95,Poor
6022,715,545,4.6,0.49,84,Poor
6023,3476,651,3.2,0.4,88,Poor
6024,3833,1430,4.7,0.13,19,Average
6025,3751,427,4.2,0.2,64,Poor
6026,1119,710,4.2,0.43,20,Poor
6027,2399,2237,3.4,0.18,6,Poor
6028,4553,4274,2.6,0.28,88,Poor
6029,1262,466,4.6,0.27,8,Poor
6030,1202,1037,2.9,0.2,85,Poor
6031,2561,1100,3.4,0.32,1,Poor
6032,193,26,4.0,0.24,18,Poor
6033,2539,131,3.7,0.01,59,Average
6034,3278,67,3.0,0.41,69,Poor
6035,4632,3683,2.9,0.06,58,Poor
6036,3255,1930,2.8,0.23,68,Poor
6037,4293,847,4.7,0.29,44,Poor
6038,3192,2100,2.6,0.35,61,Poor
6039,3354,2571,4.9,0.21,9,Poor
6040,1407,646,3.0,0.37,64,Poor
6041,2763,1939,2.8,0.07,25,Poor
6042,4235,2109,3.9,0.33,89,Poor
6043,1407,28,2.7,0.41,59,Poor
6044,4344,838,4.0,0.44,17,Poor
6045,4683,4004,4.6,0.29,58,Poor
6046,3242,1831,2.6,0.16,20,Poor
6047,350,161,4.5,0.08,45,Average
6048,773,455,3.5,0.17,11,Poor
6049,3060,1174,2.9,0.27,77,Poor
6050,117,107,2.9,0.1,31,Poor
6051,3886,1649,4.8,0.48,38,Poor
6052,4043,1563,2.8,0.45,98,Poor
6053,2556,1693,4.7,0.02,80,Average
6054,1587,1456,3.9,0.28,54,Poor
6055,447,443,2.6,0.39,54,Poor
6056,4765,3337,3.7,0.12,9,Average
6057,3407,3079,4.5,0.26,34,Poor
6058,1213,40,4.3,0.2,79,Poor
6059,4875,1018,3.7,0.1,5,Average
6060,605,427,4.7,0.31,67,Poor
6061,3711,476,2.8,0.5,61,Poor
6062,1801,1487,4.8,0.18,8,Average
6063,2991,2047,4.6,0.28,28,Poor
6064,2707,284,4.3,0.16,70,Average
6065,2845,2251,4.5,0.44,79,Poor
6066,2379,2294,3.9,0.43,5,Poor
6067,2009,1847,4.2,0.09,43,Average
6068,1651,1591,3.9,0.45,63,Poor
6069,2843,2066,3.4,0.08,66,Poor
6070,1530,1116,3.9,0.05,43,Average
6071,1152,1112,3.1,0.33,77,Poor
6072,3326,988,3.6,0.19,13,Average
6073,1349,824,3.2,0.27,8,Poor
6074,3929,1273,2.8,0.33,99,Poor
6075,1585,742,3.3,0.03,22,Poor
6076,127,91,4.6,0.15,56,Average
6077,2881,1021,3.5,0.23,56,Poor
6078,3460,2942,4.4,0.13,14,Average
6079,2771,103,2.9,0.02,63,Poor
6080,3677,759,3.6,0.04,6,Average
6081,1582,1342,2.8,0.4,19,Poor
6082,287,255,2.8,0.46,63,Poor
6083,2046,1336,4.0,0.08,18,Average
6084,3477,1777,4.0,0.12,5,Average
6085,327,242,3.0,0.33,50,Poor
6086,3139,2860,3.7,0.48,38,Poor
6087,573,235,4.7,0.15,64,Average
6088,4325,2472,2.9,0.43,70,Poor
6089,4268,348,2.5,0.25,98,Poor
6090,3172,445,4.1,0.48,24,Poor
6091,4625,789,2.6,0.07,22,Poor
6092,1847,1239,4.9,0.49,88,Poor
6093,2181,627,4.0,0.22,57,Poor
6094,865,848,3.7,0.48,10,Poor
6095,2744,2593,3.6,0.23,33,Poor
6096,492,132,3.9,0.27,30,Poor
6097,3190,2144,2.7,0.4,37,Poor
6098,192,40,4.8,0.36,45,Poor
6099,4337,485,4.1,0.31,11,Poor
6100,1460,1363,3.0,0.21,8,Poor
6101,4523,1965,3.9,0.4,12,Poor
6102,584,179,2.8,0.47,63,Poor
6103,1766,511,2.5,0.0,19,Poor
6104,3414,2380,4.1,0.29,58,Poor
6105,1082,327,4.1,0.43,84,Poor
6106,3392,3237,4.0,0.33,21,Poor
6107,1460,1439,3.0,0.4,64,Poor
6108,4550,2802,4.0,0.45,59,Poor
6109,1222,797,2.6,0.38,40,Poor
6110,938,770,4.0,0.36,80,Poor
6111,3388,2438,3.9,0.48,44,Poor
6112,4567,4097,4.1,0.43,3,Poor
6113,1691,186,4.7,0.41,69,Poor
6114,521,411,4.6,0.04,44,Average
6115,2990,755,5.0,0.12,57,Average
6116,596,510,4.9,0.28,82,Poor
6117,4776,2009,4.4,0.35,93,Poor
6118,3647,1086,4.9,0.15,22,Average
6119,2875,964,4.7,0.05,31,Average
6120,3773,48,4.3,0.16,62,Average
6121,413,381,2.7,0.39,92,Poor
6122,2216,1675,2.6,0.44,7,Poor
6123,3359,1892,4.6,0.46,84,Poor
6124,595,50,3.7,0.19,80,Average
6125,3290,2760,4.5,0.19,80,Average
6126,4779,1717,3.3,0.2,84,Poor
6127,1986,147,3.5,0.19,78,Poor
6128,1012,786,4.3,0.33,90,Poor
6129,3055,2508,4.8,0.18,24,Average
6130,3856,2936,2.7,0.01,32,Poor
6131,932,407,4.7,0.22,65,Poor
6132,3890,1809,4.5,0.11,15,Average
6133,920,661,3.3,0.01,54,Poor
6134,4661,4639,3.4,0.24,35,Poor
6135,3035,1590,2.6,0.1,71,Poor
6136,915,729,2.5,0.23,79,Poor
6137,4359,779,3.7,0.14,6,Average
6138,3253,2177,2.7,0.3,68,Poor
6139,2947,1371,3.0,0.5,86,Poor
6140,2294,1288,4.6,0.27,7,Poor
6141,68,65,3.9,0.32,2,Poor
6142,691,182,4.1,0.46,34,Poor
6143,3133,2627,3.0,0.19,35,Poor
6144,379,90,4.6,0.08,99,Average
6145,915,418,4.7,0.14,78,Average
6146,823,512,3.8,0.2,29,Poor
6147,4537,1689,4.8,0.32,14,Poor
6148,4782,258,4.6,0.0,92,Average
6149,2404,1623,4.3,0.43,67,Poor
6150,3388,3123,4.3,0.04,97,Average
6151,3568,1166,2.8,0.45,86,Poor
6152,2992,1577,3.2,0.47,57,Poor
6153,2617,2177,2.7,0.5,98,Poor
6154,1724,1314,2.5,0.4,27,Poor
6155,2733,319,2.9,0.07,94,Poor
6156,3430,3069,4.7,0.35,41,Poor
6157,789,761,3.1,0.1,96,Poor
6158,1595,783,4.9,0.45,17,Poor
6159,4614,268,4.0,0.16,4,Average
6160,2309,53,3.1,0.16,8,Poor
6161,1185,247,3.7,0.46,83,Poor
6162,923,604,3.0,0.01,8,Poor
6163,4605,2880,5.0,0.1,17,Average
6164,2350,743,4.6,0.21,55,Poor
6165,801,603,2.6,0.35,14,Poor
6166,903,589,4.9,0.32,78,Poor
6167,3782,239,4.3,0.33,77,Poor
6168,2333,1414,2.7,0.44,61,Poor
6169,1379,806,4.2,0.06,34,Average
6170,527,268,4.1,0.26,39,Poor
6171,2776,2595,3.0,0.36,50,Poor
6172,3141,2142,4.4,0.32,59,Poor
6173,4280,4251,2.7,0.22,99,Poor
6174,4555,4020,3.7,0.01,55,Average
6175,1319,93,2.5,0.03,83,Poor
6176,4231,3109,4.9,0.06,74,Average
6177,2653,1974,4.4,0.17,40,Average
6178,1519,1041,2.9,0.06,53,Poor
6179,427,62,3.4,0.21,16,Poor
6180,1730,69,2.9,0.09,24,Poor
6181,291,22,4.4,0.39,92,Poor
6182,969,763,2.6,0.44,86,Poor
6183,119,110,4.6,0.19,8,Average
6184,3974,2638,4.9,0.26,55,Poor
6185,2136,1857,4.2,0.48,88,Poor
6186,2057,595,3.0,0.27,22,Poor
6187,850,601,3.4,0.5,1,Poor
6188,2829,1185,3.7,0.07,44,Average
6189,4970,2269,4.0,0.43,64,Poor
6190,805,226,4.2,0.25,37,Poor
6191,2045,434,3.9,0.01,5,Average
6192,1371,240,3.4,0.49,47,Poor
6193,2380,1124,4.7,0.48,43,Poor
6194,159,70,2.7,0.19,78,Poor
6195,1066,388,3.7,0.48,6,Poor
6196,3915,1535,4.4,0.07,65,Average
6197,74,34,2.7,0.34,61,Poor
6198,4988,223,4.3,0.1,29,Average
6199,2888,1596,4.5,0.12,92,Average
6200,787,88,4.2,0.39,75,Poor
6201,229,23,2.5,0.19,51,Poor
6202,281,259,3.0,0.0,97,Poor
6203,1967,380,3.4,0.21,93,Poor
6204,392,50,3.1,0.11,35,Poor
6205,4622,1672,4.9,0.34,34,Poor
6206,2673,726,4.1,0.1,65,Average
6207,504,109,3.2,0.42,49,Poor
6208,4434,3805,4.8,0.13,2,Average
6209,4675,1365,4.4,0.2,75,Poor
6210,2326,363,3.2,0.15,3,Poor
6211,645,555,3.4,0.32,54,Poor
6212,3924,374,3.0,0.05,51,Poor
6213,4580,3562,4.9,0.24,58,Poor
6214,4547,1002,3.8,0.17,70,Average
6215,2719,2037,4.7,0.44,19,Poor
6216,2185,2172,3.4,0.04,18,Poor
6217,4014,3878,4.7,0.41,7,Poor
6218,1615,1365,2.6,0.08,66,Poor
6219,358,79,5.0,0.04,26,Average
6220,392,390,4.8,0.1,78,Average
6221,485,469,3.4,0.05,7,Poor
6222,226,34,4.4,0.26,17,Poor
6223,188,104,4.4,0.49,28,Poor
6224,243,182,4.8,0.02,45,Average
6225,3307,2776,3.3,0.23,35,Poor
6226,3285,2302,3.7,0.19,2,Average
6227,992,942,4.7,0.17,8,Average
6228,4670,3947,4.4,0.17,9,Average
6229,3929,1306,3.5,0.45,83,Poor
6230,3163,3097,4.6,0.01,65,Average
6231,3012,2561,2.6,0.39,0,Poor
6232,4886,1936,4.5,0.13,90,Average
6233,1003,308,3.0,0.19,3,Poor
6234,1352,897,3.2,0.21,47,Poor
6235,3431,1393,3.7,0.15,95,Average
6236,2930,1243,3.6,0.05,17,Average
6237,2237,1979,3.8,0.06,77,Average
6238,4937,985,3.9,0.15,44,Average
6239,595,354,3.3,0.41,14,Poor
6240,1977,1650,2.9,0.07,50,Poor
6241,4202,642,4.4,0.37,60,Poor
6242,54,52,3.5,0.14,3,Poor
6243,3531,711,3.8,0.44,18,Poor
6244,3303,2742,4.1,0.21,87,Poor
6245,1412,650,4.8,0.09,93,Average
6246,1870,344,4.3,0.49,76,Poor
6247,2713,1188,2.6,0.09,10,Poor
6248,2988,2375,4.6,0.28,27,Poor
6249,1323,673,5.0,0.28,56,Poor
6250,3376,2352,3.7,0.19,74,Average
6251,3709,411,4.9,0.48,53,Poor
6252,2995,2427,3.9,0.42,64,Poor
6253,3068,788,3.6,0.41,46,Poor
6254,1181,816,3.3,0.49,3,Poor
6255,4813,4280,4.1,0.23,33,Poor
6256,2686,752,3.1,0.05,75,Poor
6257,3079,600,2.8,0.38,53,Poor
6258,3069,840,2.6,0.19,87,Poor
6259,4427,1267,3.2,0.1,60,Poor
6260,3209,143,3.5,0.24,95,Poor
6261,303,31,3.9,0.46,82,Poor
6262,378,71,3.2,0.09,92,Poor
6263,2641,148,5.0,0.42,92,Poor
6264,2880,1178,3.2,0.21,82,Poor
6265,3094,2724,3.6,0.07,19,Average
6266,1470,1170,2.8,0.42,2,Poor
6267,3451,2805,3.2,0.48,39,Poor
6268,2942,2138,2.6,0.15,68,Poor
6269,704,292,3.9,0.15,22,Average
6270,809,206,4.4,0.2,68,Poor
6271,1848,1046,3.0,0.41,93,Poor
6272,3021,1328,3.4,0.01,31,Poor
6273,4561,4137,2.5,0.11,23,Poor
6274,3476,185,4.6,0.35,50,Poor
6275,304,265,4.4,0.2,57,Poor
6276,3873,2301,2.7,0.17,41,Poor
6277,1926,856,3.4,0.44,34,Poor
6278,2807,1713,4.9,0.46,31,Poor
6279,2674,682,3.5,0.47,53,Poor
6280,4171,744,3.8,0.14,44,Average
6281,3054,395,3.4,0.46,47,Poor
6282,4566,4418,4.0,0.37,85,Poor
6283,3784,2472,4.9,0.08,84,Average
6284,1294,727,5.0,0.31,91,Poor
6285,1058,936,4.4,0.01,48,Average
6286,4364,276,3.5,0.35,33,Poor
6287,1560,418,3.7,0.37,15,Poor
6288,2009,1572,3.4,0.39,10,Poor
6289,2558,70,5.0,0.09,96,Average
6290,4808,614,4.3,0.31,18,Poor
6291,2732,837,3.6,0.09,91,Average
6292,1039,655,2.5,0.47,28,Poor
6293,4334,3893,3.8,0.34,53,Poor
6294,304,281,5.0,0.05,52,Average
6295,4213,3456,3.8,0.09,66,Average
6296,4761,1092,3.0,0.33,81,Poor
6297,4502,1496,2.6,0.24,81,Poor
6298,305,282,3.4,0.37,75,Poor
6299,1057,992,4.8,0.14,81,Average
6300,1805,1684,5.0,0.33,31,Poor
6301,2621,416,4.9,0.09,99,Average
6302,3958,2750,4.3,0.27,82,Poor
6303,3047,2778,3.9,0.48,55,Poor
6304,2853,1415,4.0,0.31,62,Poor
6305,3815,1140,3.8,0.02,3,Average
6306,4429,4065,4.3,0.49,10,Poor
6307,3433,2680,3.5,0.08,2,Poor
6308,148,48,4.2,0.36,26,Poor
6309,246,121,2.8,0.27,79,Poor
6310,2579,142,3.2,0.15,43,Poor
6311,927,73,4.6,0.09,17,Good
6312,1918,1326,4.8,0.09,29,Average
6313,2715,1657,3.8,0.43,87,Poor
6314,1438,1160,2.6,0.44,69,Poor
6315,2465,635,4.8,0.23,46,Poor
6316,619,576,4.3,0.05,33,Average
6317,2687,133,3.5,0.44,75,Poor
6318,1115,874,4.0,0.24,41,Poor
6319,471,50,3.6,0.22,22,Poor
6320,2933,2743,3.7,0.2,99,Poor
6321,1254,996,4.7,0.18,39,Average
6322,594,312,2.9,0.26,14,Poor
6323,4216,2359,2.8,0.3,79,Poor
6324,3689,280,2.5,0.23,56,Poor
6325,1273,1250,3.3,0.45,13,Poor
6326,3222,2631,2.9,0.16,78,Poor
6327,817,68,3.0,0.29,11,Poor
6328,3707,1049,2.5,0.15,34,Poor
6329,704,398,3.1,0.38,24,Poor
6330,2496,1929,3.3,0.05,77,Poor
6331,270,243,2.6,0.09,1,Poor
6332,3716,1066,4.0,0.4,17,Poor
6333,4327,1027,3.9,0.09,34,Average
6334,4452,129,2.7,0.31,8,Poor
6335,2619,1442,4.0,0.49,10,Poor
6336,1063,1025,5.0,0.26,89,Poor
6337,2101,717,4.9,0.09,66,Average
6338,4035,2793,2.5,0.16,68,Poor
6339,4993,325,4.5,0.41,95,Poor
6340,4949,978,3.4,0.18,73,Poor
6341,4360,973,2.7,0.36,37,Poor
6342,3069,1194,3.2,0.39,69,Poor
6343,3731,3519,3.3,0.25,74,Poor
6344,1493,640,3.8,0.39,80,Poor
6345,4246,3558,4.2,0.16,58,Average
6346,3060,2697,4.4,0.26,65,Poor
6347,622,575,3.1,0.34,40,Poor
6348,1382,86,3.3,0.08,23,Poor
6349,4803,854,3.3,0.14,49,Poor
6350,4052,225,3.4,0.33,4,Poor
6351,3184,2853,5.0,0.33,20,Poor
6352,4136,1734,4.4,0.25,5,Poor
6353,275,272,4.9,0.4,3,Poor
6354,4250,3165,4.2,0.24,8,Poor
6355,2047,1092,3.5,0.44,68,Poor
6356,821,802,3.5,0.37,67,Poor
6357,4574,727,3.7,0.16,8,Average
6358,483,418,3.5,0.2,17,Poor
6359,3149,198,4.6,0.33,58,Poor
6360,2779,1091,3.7,0.45,42,Poor
6361,3457,1115,3.2,0.09,79,Poor
6362,3190,132,4.4,0.26,65,Poor
6363,915,776,4.6,0.06,28,Average
6364,2843,916,3.6,0.14,47,Average
6365,2961,1946,4.2,0.34,50,Poor
6366,2465,178,2.6,0.04,41,Poor
6367,300,293,3.8,0.33,35,Poor
6368,3807,1823,2.6,0.45,75,Poor
6369,4706,1859,2.6,0.48,44,Poor
6370,968,49,4.0,0.11,97,Average
6371,1223,1140,3.3,0.37,34,Poor
6372,3253,2318,4.4,0.46,5,Poor
6373,482,26,4.7,0.05,36,Average
6374,885,111,2.8,0.21,35,Poor
6375,2296,132,4.3,0.46,83,Poor
6376,2312,278,3.8,0.1,15,Average
6377,947,126,2.8,0.47,71,Poor
6378,3682,594,4.1,0.26,21,Poor
6379,4617,3058,4.0,0.05,68,Average
6380,3865,1401,3.8,0.22,68,Poor
6381,296,290,4.8,0.16,62,Average
6382,2479,1242,3.8,0.14,74,Average
6383,1040,446,5.0,0.27,18,Poor
6384,3360,1521,3.8,0.24,80,Poor
6385,976,878,2.8,0.24,17,Poor
6386,3488,2985,3.7,0.04,72,Average
6387,2657,1616,3.0,0.4,16,Poor
6388,1124,646,4.0,0.24,40,Poor
6389,4072,2542,4.2,0.41,32,Poor
6390,3849,2619,3.7,0.41,83,Poor
6391,4834,2411,2.7,0.16,54,Poor
6392,3201,2695,3.7,0.0,81,Average
6393,3488,2203,2.7,0.46,23,Poor
6394,4623,296,4.2,0.38,76,Poor
6395,3541,2032,4.5,0.05,39,Average
6396,756,552,4.9,0.35,27,Poor
6397,3114,2098,2.9,0.01,66,Poor
6398,803,266,3.8,0.01,99,Average
6399,637,430,3.9,0.26,74,Poor
6400,1384,46,4.8,0.05,38,Average
6401,1897,92,4.1,0.48,20,Poor
6402,3984,1140,2.9,0.45,36,Poor
6403,3976,692,3.6,0.32,1,Poor
6404,3367,1389,4.1,0.03,5,Good
6405,4070,2543,4.3,0.16,51,Average
6406,3205,1343,4.7,0.19,4,Average
6407,4352,3390,3.0,0.24,46,Poor
6408,2248,306,4.9,0.08,42,Average
6409,214,136,2.6,0.29,95,Poor
6410,2048,1492,5.0,0.22,39,Poor
6411,3107,231,4.6,0.47,10,Poor
6412,2134,420,4.2,0.47,80,Poor
6413,4478,3125,4.3,0.28,13,Poor
6414,452,355,2.7,0.32,1,Poor
6415,463,23,2.6,0.07,38,Poor
6416,94,91,2.8,0.11,62,Poor
6417,4207,2433,2.7,0.45,62,Poor
6418,2517,482,3.9,0.35,17,Poor
6419,917,47,3.0,0.09,96,Poor
6420,68,28,4.7,0.29,93,Poor
6421,414,405,3.6,0.47,78,Poor
6422,3882,292,4.2,0.17,92,Average
6423,629,146,4.1,0.09,89,Average
6424,595,221,3.3,0.47,0,Poor
6425,4200,3409,3.1,0.23,16,Poor
6426,4923,38,3.4,0.21,53,Poor
6427,3089,1636,4.5,0.13,38,Average
6428,4187,3198,4.0,0.45,47,Poor
6429,4094,1501,3.1,0.42,65,Poor
6430,4376,4101,4.5,0.2,14,Poor
6431,502,330,2.6,0.02,21,Poor
6432,4011,431,4.2,0.22,19,Poor
6433,1431,761,3.6,0.09,92,Average
6434,1517,643,4.3,0.07,88,Average
6435,2788,2702,4.8,0.2,42,Poor
6436,1266,517,4.4,0.05,55,Average
6437,930,263,3.6,0.48,23,Poor
6438,3864,2757,2.9,0.02,97,Poor
6439,3199,2644,4.5,0.2,42,Poor
6440,134,22,3.7,0.08,20,Average
6441,4194,226,2.7,0.34,47,Poor
6442,1218,967,4.3,0.04,65,Average
6443,4214,2461,3.2,0.27,15,Poor
6444,3179,3112,2.6,0.39,39,Poor
6445,3695,1848,4.8,0.48,20,Poor
6446,2576,2018,3.7,0.35,51,Poor
6447,2917,2269,3.2,0.05,7,Poor
6448,3566,2187,4.3,0.04,77,Average
6449,3417,1692,4.7,0.37,54,Poor
6450,2244,1850,2.5,0.11,85,Poor
6451,3605,2456,4.2,0.22,81,Poor
6452,495,44,4.4,0.49,57,Poor
6453,3676,1867,3.0,0.41,4,Poor
6454,4066,2301,3.7,0.42,41,Poor
6455,3925,1676,2.7,0.43,29,Poor
6456,3387,621,4.4,0.31,94,Poor
6457,311,219,4.6,0.37,8,Poor
6458,1898,1001,2.8,0.18,94,Poor
6459,4075,1223,4.5,0.5,94,Poor
6460,2316,1411,4.4,0.14,40,Average
6461,141,95,3.4,0.3,50,Poor
6462,4272,2716,4.2,0.14,56,Average
6463,4225,3292,2.5,0.06,72,Poor
6464,3359,849,4.8,0.28,60,Poor
6465,1032,365,3.9,0.18,5,Average
6466,3493,2550,4.1,0.29,25,Poor
6467,2583,569,4.2,0.28,73,Poor
6468,743,665,3.9,0.27,5,Poor
6469,4170,4002,4.6,0.06,52,Average
6470,205,66,4.0,0.22,60,Poor
6471,3638,2569,4.8,0.41,32,Poor
6472,1862,1176,4.0,0.16,44,Average
6473,4164,865,2.9,0.22,93,Poor
6474,1457,72,4.8,0.25,39,Poor
6475,1266,469,4.2,0.43,23,Poor
6476,1460,81,4.2,0.33,91,Poor
6477,3547,3114,5.0,0.05,44,Average
6478,4422,63,2.7,0.43,37,Poor
6479,4890,678,3.6,0.42,28,Poor
6480,601,66,3.1,0.38,78,Poor
6481,3444,2887,4.1,0.23,7,Poor
6482,1226,1067,4.5,0.38,63,Poor
6483,4784,3667,4.9,0.24,86,Poor
6484,4382,2802,3.6,0.37,72,Poor
6485,1047,197,4.5,0.44,50,Poor
6486,4126,3086,4.8,0.45,74,Poor
6487,2781,1875,4.2,0.23,5,Poor
6488,3987,1967,3.1,0.43,46,Poor
6489,4102,1385,4.0,0.05,48,Average
6490,422,75,4.9,0.05,75,Average
6491,2298,457,5.0,0.27,97,Poor
6492,898,447,4.1,0.33,84,Poor
6493,2606,445,4.7,0.08,31,Average
6494,2372,987,3.0,0.24,53,Poor
6495,553,400,3.1,0.05,35,Poor
6496,3239,505,4.9,0.3,88,Poor
6497,752,751,2.8,0.43,98,Poor
6498,3675,3276,3.0,0.37,97,Poor
6499,364,66,3.6,0.19,18,Average
6500,2426,1599,4.0,0.5,36,Poor
6501,1090,1058,4.0,0.33,16,Poor
6502,4428,2815,3.2,0.41,79,Poor
6503,3040,1916,4.8,0.33,15,Poor
6504,307,70,4.8,0.49,57,Poor
6505,624,328,3.5,0.41,43,Poor
6506,4719,1679,3.6,0.26,67,Poor
6507,1602,1024,4.3,0.18,48,Average
6508,4568,4320,4.2,0.34,93,Poor
6509,807,759,3.5,0.3,50,Poor
6510,2860,1113,3.5,0.31,97,Poor
6511,1154,552,3.4,0.17,4,Poor
6512,4574,2175,3.1,0.21,96,Poor
6513,3509,2943,3.6,0.28,57,Poor
6514,4042,1284,4.2,0.42,45,Poor
6515,253,154,4.4,0.38,54,Poor
6516,2825,1634,4.4,0.06,72,Average
6517,2382,426,3.4,0.12,16,Poor
6518,2042,1351,4.4,0.01,11,Good
6519,2293,121,2.5,0.0,23,Poor
6520,356,354,3.7,0.11,55,Average
6521,1737,1667,4.5,0.4,54,Poor
6522,4159,2922,4.1,0.45,75,Poor
6523,1910,1649,3.7,0.2,78,Poor
6524,2011,1234,4.1,0.28,15,Poor
6525,772,22,4.8,0.35,86,Poor
6526,829,506,3.9,0.48,81,Poor
6527,578,196,4.5,0.46,21,Poor
6528,4943,2940,5.0,0.03,43,Average
6529,393,41,4.3,0.12,94,Average
6530,3836,2544,3.9,0.02,42,Average
6531,3732,2465,2.6,0.31,78,Poor
6532,258,239,3.4,0.36,20,Poor
6533,4786,4288,3.9,0.15,7,Average
6534,3456,2803,4.5,0.43,48,Poor
6535,1361,521,3.6,0.23,99,Poor
6536,2349,1832,4.9,0.5,5,Poor
6537,3386,2828,3.2,0.0,80,Poor
6538,1997,1303,4.4,0.05,46,Average
6539,969,150,3.5,0.15,35,Poor
6540,2094,817,3.7,0.01,91,Average
6541,468,306,4.5,0.39,22,Poor
6542,1799,949,3.2,0.03,30,Poor
6543,2892,742,2.7,0.37,74,Poor
6544,1149,1063,3.8,0.03,61,Average
6545,3442,2282,3.8,0.13,83,Average
6546,2822,1353,4.5,0.42,95,Poor
6547,2530,1294,4.9,0.48,80,Poor
6548,1595,507,2.6,0.21,56,Poor
6549,1120,332,4.0,0.48,69,Poor
6550,1900,98,4.2,0.31,64,Poor
6551,4248,33,5.0,0.21,36,Poor
6552,2989,2926,4.9,0.4,67,Poor
6553,1953,265,4.3,0.15,94,Average
6554,728,33,3.8,0.13,74,Average
6555,1038,118,2.9,0.33,16,Poor
6556,2525,52,3.5,0.2,6,Poor
6557,1657,1479,4.0,0.07,51,Average
6558,2919,276,4.3,0.03,34,Average
6559,1552,53,4.1,0.39,1,Poor
6560,1839,38,4.3,0.34,39,Poor
6561,1475,1303,3.6,0.21,36,Poor
6562,2490,1869,4.3,0.45,56,Poor
6563,2092,378,2.9,0.21,9,Poor
6564,1328,773,2.9,0.36,75,Poor
6565,2644,1622,2.9,0.45,80,Poor
6566,4739,3207,4.7,0.42,45,Poor
6567,2486,423,2.7,0.26,89,Poor
6568,3853,1245,4.5,0.34,4,Poor
6569,2255,1419,3.1,0.21,4,Poor
6570,1077,269,3.7,0.32,26,Poor
6571,3589,2513,4.8,0.13,4,Average
6572,3533,3021,4.0,0.22,60,Poor
6573,2291,297,3.0,0.1,7,Poor
6574,2815,131,3.2,0.02,30,Poor
6575,1223,765,4.8,0.29,96,Poor
6576,3280,2755,3.6,0.43,20,Poor
6577,3400,411,4.0,0.01,98,Average
6578,4961,988,3.6,0.1,20,Average
6579,453,162,3.4,0.23,50,Poor
6580,2775,1075,3.1,0.33,78,Poor
6581,3432,2248,4.2,0.09,99,Average
6582,4213,2646,4.3,0.03,58,Average
6583,137,23,3.2,0.26,1,Poor
6584,1208,817,4.5,0.41,29,Poor
6585,4323,3327,4.6,0.02,57,Average
6586,2907,2620,4.8,0.17,91,Average
6587,1431,652,2.9,0.33,80,Poor
6588,4731,4390,3.3,0.07,19,Poor
6589,2114,762,4.7,0.12,39,Average
6590,2424,105,3.0,0.27,28,Poor
6591,367,82,2.5,0.48,4,Poor
6592,1552,423,4.7,0.14,88,Average
6593,2092,2065,3.3,0.24,9,Poor
6594,4648,1074,3.5,0.2,82,Poor
6595,2072,1914,3.6,0.45,60,Poor
6596,168,129,4.6,0.04,0,Excellent
6597,759,295,3.3,0.28,46,Poor
6598,3607,670,4.7,0.42,97,Poor
6599,4190,4110,4.0,0.49,56,Poor
6600,4459,1125,3.8,0.35,13,Poor
6601,3300,3155,3.3,0.19,24,Poor
6602,467,397,3.1,0.21,89,Poor
6603,2653,2634,4.1,0.18,20,Average
6604,3904,605,3.6,0.3,15,Poor
6605,1151,904,4.8,0.37,73,Poor
6606,4471,148,3.7,0.41,31,Poor
6607,3478,275,3.8,0.21,44,Poor
6608,2311,250,3.5,0.36,63,Poor
6609,4219,3588,4.5,0.46,83,Poor
6610,3684,1180,3.6,0.46,72,Poor
6611,558,474,3.2,0.35,59,Poor
6612,2429,2422,4.7,0.32,97,Poor
6613,3214,1667,4.0,0.27,94,Poor
6614,737,504,4.0,0.09,18,Average
6615,4802,3911,4.0,0.06,46,Average
6616,1342,165,4.3,0.24,94,Poor
6617,3955,2067,3.3,0.08,63,Poor
6618,3125,3124,2.6,0.29,29,Poor
6619,3259,279,4.5,0.32,46,Poor
6620,374,106,2.8,0.26,87,Poor
6621,2043,862,4.3,0.02,32,Average
6622,4026,1991,2.7,0.03,81,Poor
6623,4862,4380,3.4,0.06,20,Poor
6624,2820,411,2.7,0.08,94,Poor
6625,4422,2299,3.8,0.49,62,Poor
6626,2633,920,4.1,0.17,41,Average
6627,3607,607,2.9,0.15,60,Poor
6628,3637,2514,3.4,0.03,42,Poor
6629,201,148,4.8,0.32,67,Poor
6630,1004,290,3.6,0.33,25,Poor
6631,4404,485,4.5,0.09,32,Average
6632,2421,1213,4.8,0.46,32,Poor
6633,1241,147,4.9,0.4,48,Poor
6634,737,193,4.7,0.12,83,Average
6635,359,45,3.3,0.24,40,Poor
6636,1552,592,4.9,0.23,71,Poor
6637,3177,2578,4.5,0.17,35,Average
6638,4618,507,4.6,0.41,71,Poor
6639,3417,2958,2.5,0.05,94,Poor
6640,3445,2646,4.9,0.21,21,Poor
6641,863,425,4.4,0.21,46,Poor
6642,895,45,4.4,0.23,82,Poor
6643,1214,1126,2.7,0.43,19,Poor
6644,4812,4095,3.1,0.11,86,Poor
6645,1817,383,4.9,0.05,23,Average
6646,404,386,3.8,0.31,42,Poor
6647,1922,1103,3.5,0.09,87,Poor
6648,2074,570,4.6,0.04,99,Average
6649,2867,1678,2.7,0.21,72,Poor
6650,3882,311,3.5,0.11,15,Poor
6651,4325,1837,3.4,0.18,26,Poor
6652,115,82,3.4,0.13,44,Poor
6653,4965,480,3.3,0.05,36,Poor
6654,4316,2541,3.0,0.28,12,Poor
6655,4140,3496,2.9,0.01,50,Poor
6656,2571,290,4.1,0.48,1,Poor
6657,2631,1177,4.8,0.17,75,Average
6658,1440,190,3.8,0.35,96,Poor
6659,1180,47,3.2,0.41,86,Poor
6660,2536,155,2.9,0.14,58,Poor
6661,884,424,4.6,0.37,13,Poor
6662,276,260,4.9,0.42,48,Poor
6663,3565,875,3.4,0.12,29,Poor
6664,4587,4045,3.2,0.5,97,Poor
6665,2493,1271,4.0,0.01,8,Average
6666,777,528,4.4,0.11,78,Average
6667,3736,1346,3.6,0.39,23,Poor
6668,3672,2101,4.1,0.1,40,Average
6669,1086,1045,4.3,0.35,59,Poor
6670,1882,381,4.9,0.43,88,Poor
6671,2790,1238,2.9,0.48,99,Poor
6672,542,327,5.0,0.24,31,Poor
6673,1598,735,3.5,0.49,46,Poor
6674,1193,269,4.3,0.21,20,Poor
6675,4007,2214,3.9,0.11,41,Average
6676,3457,3437,3.7,0.26,69,Poor
6677,689,367,4.2,0.32,88,Poor
6678,222,162,3.5,0.23,1,Poor
6679,4404,2192,2.8,0.28,30,Poor
6680,4009,2830,3.7,0.21,55,Poor
6681,566,417,3.8,0.26,29,Poor
6682,572,150,3.0,0.48,62,Poor
6683,1967,1605,4.8,0.25,14,Poor
6684,2936,2672,3.1,0.13,17,Poor
6685,2214,841,3.5,0.38,31,Poor
6686,1979,921,2.9,0.17,13,Poor
6687,3995,964,3.8,0.41,61,Poor
6688,2259,1889,3.3,0.03,81,Poor
6689,3833,353,3.7,0.17,98,Average
6690,2640,1063,3.1,0.05,51,Poor
6691,4984,4470,2.6,0.04,21,Poor
6692,4126,1216,4.4,0.33,13,Poor
6693,1143,843,4.1,0.19,77,Average
6694,3930,1045,3.4,0.44,33,Poor
6695,2544,1916,2.6,0.26,85,Poor
6696,2629,187,4.7,0.15,79,Average
6697,2538,2435,2.9,0.36,55,Poor
6698,2835,555,4.8,0.31,52,Poor
6699,2808,1968,3.7,0.4,48,Poor
6700,1624,982,3.4,0.32,62,Poor
6701,2423,1639,4.4,0.08,15,Good
6702,4040,969,4.7,0.34,79,Poor
6703,4895,3528,3.4,0.2,39,Poor
6704,1143,226,3.5,0.23,37,Poor
6705,1239,1092,3.6,0.46,17,Poor
6706,2739,563,4.8,0.18,22,Average
6707,4145,3920,4.2,0.31,47,Poor
6708,1925,1725,3.1,0.18,81,Poor
6709,3456,148,3.0,0.05,45,Poor
6710,1837,1490,3.1,0.23,21,Poor
6711,3982,2681,3.2,0.3,53,Poor
6712,1657,54,3.1,0.2,39,Poor
6713,3798,2886,4.1,0.2,29,Poor
6714,98,90,2.8,0.41,54,Poor
6715,3911,1856,3.5,0.01,55,Poor
6716,2230,96,4.1,0.15,41,Average
6717,3096,388,3.2,0.41,41,Poor
6718,2883,545,2.7,0.46,61,Poor
6719,1447,368,2.7,0.21,81,Poor
6720,3876,525,2.8,0.44,52,Poor
6721,4624,4353,4.6,0.1,81,Average
6722,881,299,4.1,0.11,52,Average
6723,2747,1620,2.7,0.42,63,Poor
6724,4827,1475,3.5,0.45,0,Poor
6725,2785,2205,3.2,0.11,78,Poor
6726,131,32,3.9,0.03,68,Average
6727,136,119,3.8,0.05,26,Average
6728,2113,1693,3.7,0.13,16,Average
6729,871,699,3.3,0.38,62,Poor
6730,212,170,2.8,0.25,40,Poor
6731,3789,3702,4.4,0.23,57,Poor
6732,2447,1866,4.7,0.29,56,Poor
6733,1982,1874,4.9,0.45,95,Poor
6734,2778,374,2.6,0.05,37,Poor
6735,3585,2645,4.3,0.35,89,Poor
6736,3496,2914,4.3,0.46,65,Poor
6737,2840,578,4.9,0.11,91,Average
6738,2757,1937,3.1,0.42,44,Poor
6739,3983,1274,4.4,0.35,22,Poor
6740,3435,3399,2.6,0.01,19,Poor
6741,972,677,4.1,0.12,35,Average
6742,2225,1189,3.4,0.3,41,Poor
6743,1632,1195,4.4,0.25,21,Poor
6744,614,159,4.7,0.26,59,Poor
6745,3308,682,3.4,0.12,10,Poor
6746,2647,40,3.8,0.34,27,Poor
6747,2550,2131,2.8,0.13,44,Poor
6748,4616,1261,3.5,0.19,21,Poor
6749,1037,91,3.4,0.18,80,Poor
6750,3686,3057,3.0,0.34,62,Poor
6751,273,181,4.7,0.05,30,Average
6752,400,149,2.9,0.1,10,Poor
6753,1978,600,4.1,0.1,35,Average
6754,398,244,4.7,0.05,77,Average
6755,4327,1801,4.8,0.1,34,Average
6756,4782,4695,4.5,0.3,22,Poor
6757,1067,1002,2.9,0.37,28,Poor
6758,2276,126,4.5,0.33,22,Poor
6759,4917,2688,3.2,0.24,99,Poor
6760,4174,1184,4.8,0.03,15,Good
6761,2469,1177,4.3,0.48,83,Poor
6762,1943,218,4.5,0.08,88,Average
6763,3090,2577,2.7,0.33,18,Poor
6764,2118,686,4.0,0.46,89,Poor
6765,1175,98,4.6,0.35,95,Poor
6766,3167,1991,4.7,0.11,62,Average
6767,4211,2961,2.6,0.16,49,Poor
6768,4092,3573,4.8,0.02,84,Average
6769,4483,531,2.6,0.31,72,Poor
6770,2220,269,4.0,0.31,42,Poor
6771,496,396,4.2,0.36,18,Poor
6772,2708,1043,2.8,0.01,84,Poor
6773,3412,618,2.6,0.41,17,Poor
6774,2768,772,4.5,0.37,5,Poor
6775,3533,619,3.5,0.07,34,Poor
6776,2994,2550,2.8,0.17,13,Poor
6777,4426,2903,4.4,0.32,63,Poor
6778,645,191,4.6,0.25,8,Poor
6779,2036,888,4.0,0.06,34,Average
6780,2800,2084,2.9,0.04,1,Poor
6781,1124,413,2.5,0.39,5,Poor
6782,4019,1865,4.3,0.08,98,Average
6783,4355,3589,3.9,0.09,24,Average
6784,4271,1262,4.1,0.42,72,Poor
6785,4637,4349,4.5,0.31,49,Poor
6786,3630,1433,3.6,0.3,94,Poor
6787,3057,2315,2.8,0.24,6,Poor
6788,1019,921,4.8,0.28,62,Poor
6789,630,71,3.9,0.3,27,Poor
6790,2874,2082,4.0,0.48,1,Poor
6791,4051,3415,4.8,0.11,64,Average
6792,1261,460,4.8,0.11,58,Average
6793,279,131,3.9,0.03,23,Average
6794,4334,2763,3.2,0.33,61,Poor
6795,3235,26,5.0,0.27,98,Poor
6796,551,264,4.2,0.06,70,Average
6797,2182,1330,3.5,0.18,37,Poor
6798,98,85,3.9,0.09,92,Average
6799,3616,1647,3.5,0.17,61,Poor
6800,3105,1056,4.7,0.48,64,Poor
6801,738,165,3.7,0.34,50,Poor
6802,436,138,4.6,0.0,93,Average
6803,1019,734,4.6,0.13,51,Average
6804,3510,1696,4.6,0.01,95,Average
6805,1055,134,4.3,0.36,73,Poor
6806,3102,528,4.6,0.23,97,Poor
6807,3467,3243,3.5,0.5,62,Poor
6808,2352,2124,2.8,0.37,10,Poor
6809,2333,401,4.6,0.26,47,Poor
6810,1657,1200,3.7,0.4,53,Poor
6811,4416,1865,2.8,0.35,90,Poor
6812,172,152,2.8,0.12,49,Poor
6813,1330,1206,2.9,0.27,73,Poor
6814,3777,294,4.4,0.28,37,Poor
6815,308,202,4.3,0.23,85,Poor
6816,997,96,3.0,0.09,87,Poor
6817,574,63,4.6,0.11,7,Average
6818,937,737,3.2,0.14,5,Poor
6819,257,57,4.5,0.01,67,Average
6820,3432,337,3.7,0.46,68,Poor
6821,2844,553,4.3,0.34,5,Poor
6822,198,92,3.5,0.34,31,Poor
6823,487,260,3.4,0.29,37,Poor
6824,2252,1264,4.6,0.34,56,Poor
6825,3799,1353,2.6,0.49,83,Poor
6826,3211,1220,4.9,0.19,99,Average
6827,3951,1814,4.1,0.36,63,Poor
6828,4503,2721,3.6,0.18,53,Average
6829,3295,1474,4.1,0.43,13,Poor
6830,4601,1953,2.8,0.43,63,Poor
6831,2873,766,3.8,0.45,49,Poor
6832,4774,860,5.0,0.0,46,Average
6833,3320,2515,3.1,0.15,53,Poor
6834,535,514,4.3,0.07,18,Good
6835,249,191,3.6,0.23,74,Poor
6836,4516,1108,4.1,0.25,38,Poor
6837,2032,812,3.0,0.13,64,Poor
6838,1521,803,3.7,0.36,98,Poor
6839,4393,1287,5.0,0.13,82,Average
6840,4933,1570,3.0,0.43,59,Poor
6841,2361,2293,4.1,0.09,32,Average
6842,3423,2532,3.9,0.18,31,Average
6843,2128,312,3.9,0.31,35,Poor
6844,1571,740,4.0,0.3,23,Poor
6845,654,400,3.8,0.04,42,Average
6846,3898,1668,2.5,0.42,70,Poor
6847,3392,2823,4.8,0.3,70,Poor
6848,1467,185,4.6,0.43,45,Poor
6849,4647,2836,2.9,0.43,46,Poor
6850,3925,1261,3.5,0.27,68,Poor
6851,2983,2938,4.4,0.46,13,Poor
6852,598,294,5.0,0.42,44,Poor
6853,888,71,4.9,0.48,51,Poor
6854,3865,1417,4.7,0.43,89,Poor
6855,897,689,2.9,0.41,49,Poor
6856,4759,1057,4.8,0.23,64,Poor
6857,4557,3872,4.7,0.11,76,Average
6858,4823,1582,3.4,0.46,63,Poor
6859,4304,1132,3.5,0.36,22,Poor
6860,4518,1311,3.6,0.14,83,Average
6861,2322,1181,4.1,0.17,70,Average
6862,3370,1049,3.2,0.34,69,Poor
6863,2608,261,2.6,0.24,58,Poor
6864,4748,4277,2.9,0.04,72,Poor
6865,4361,2759,3.6,0.07,91,Average
6866,2046,828,3.2,0.37,73,Poor
6867,3723,998,4.4,0.16,53,Average
6868,1614,537,2.8,0.25,98,Poor
6869,4068,917,4.8,0.38,70,Poor
6870,1890,802,4.7,0.38,88,Poor
6871,3341,2851,4.8,0.08,93,Average
6872,2937,1199,4.3,0.05,25,Average
6873,776,104,2.8,0.3,43,Poor
6874,1294,1053,3.6,0.37,75,Poor
6875,3510,157,2.8,0.07,12,Poor
6876,3768,773,5.0,0.19,53,Average
6877,1115,925,3.3,0.44,39,Poor
6878,4821,2475,4.0,0.47,3,Poor
6879,332,294,4.4,0.23,52,Poor
6880,1131,599,4.8,0.04,0,Excellent
6881,3935,3275,4.4,0.13,5,Average
6882,2931,573,4.2,0.12,54,Average
6883,2634,415,3.7,0.12,65,Average
6884,3020,1957,4.0,0.25,90,Poor
6885,1202,1177,2.7,0.29,17,Poor
6886,3547,1352,4.7,0.06,28,Average
6887,997,885,3.9,0.44,52,Poor
6888,4810,2609,2.6,0.31,32,Poor
6889,1767,1052,4.8,0.3,2,Poor
6890,116,110,3.7,0.49,19,Poor
6891,686,189,4.7,0.31,3,Poor
6892,363,309,4.6,0.46,81,Poor
6893,3447,3259,4.5,0.14,7,Average
6894,614,363,2.7,0.12,85,Poor
6895,1651,1540,3.1,0.26,85,Poor
6896,875,164,4.7,0.25,82,Poor
6897,3720,3504,4.7,0.11,27,Average
6898,1075,759,3.6,0.35,65,Poor
6899,2301,1861,3.6,0.01,72,Average
6900,4807,3780,2.9,0.35,98,Poor
6901,854,476,4.9,0.23,85,Poor
6902,2501,1345,3.0,0.34,25,Poor
6903,4681,3985,3.0,0.24,33,Poor
6904,1441,1060,4.2,0.49,70,Poor
6905,1285,1166,3.1,0.17,93,Poor
6906,4082,250,4.8,0.49,48,Poor
6907,3330,3017,2.5,0.03,88,Poor
6908,4773,2704,2.5,0.34,48,Poor
6909,4894,131,3.8,0.23,72,Poor
6910,3599,612,3.7,0.41,26,Poor
6911,4250,2459,2.9,0.39,64,Poor
6912,4191,1258,3.7,0.4,32,Poor
6913,1404,766,3.5,0.05,71,Poor
6914,1886,386,4.7,0.41,48,Poor
6915,2942,2149,2.5,0.11,62,Poor
6916,2546,1119,4.9,0.01,31,Average
6917,2633,1546,4.1,0.11,18,Average
6918,2608,1989,2.9,0.24,99,Poor
6919,3668,971,2.6,0.37,49,Poor
6920,1609,1522,3.8,0.11,21,Average
6921,1557,391,3.1,0.06,89,Poor
6922,4121,3356,3.3,0.32,66,Poor
6923,2113,129,3.1,0.49,8,Poor
6924,3692,2374,4.1,0.3,34,Poor
6925,2050,1243,3.9,0.35,70,Poor
6926,1344,245,2.7,0.28,78,Poor
6927,4115,2252,3.8,0.39,3,Poor
6928,2802,50,4.5,0.49,36,Poor
6929,1803,633,2.7,0.27,27,Poor
6930,4260,118,4.7,0.21,8,Poor
6931,1653,1382,3.9,0.43,34,Poor
6932,1372,830,4.9,0.48,24,Poor
6933,2491,1840,2.9,0.06,8,Poor
6934,1148,671,5.0,0.29,60,Poor
6935,1555,833,4.1,0.4,51,Poor
6936,1176,1039,3.9,0.27,96,Poor
6937,346,235,3.8,0.2,16,Poor
6938,3099,2155,2.6,0.33,75,Poor
6939,2275,1106,4.8,0.14,8,Average
6940,4404,2999,4.1,0.17,53,Average
6941,3837,1679,2.7,0.5,4,Poor
6942,2146,1937,2.6,0.32,62,Poor
6943,3659,816,2.6,0.44,46,Poor
6944,2258,1977,4.0,0.4,89,Poor
6945,225,224,4.0,0.33,18,Poor
6946,2552,365,3.7,0.42,98,Poor
6947,4049,743,3.3,0.14,65,Poor
6948,1717,920,3.8,0.32,44,Poor
6949,4421,3751,3.8,0.3,70,Poor
6950,2595,1121,2.5,0.31,72,Poor
6951,725,384,3.2,0.08,85,Poor
6952,1873,1057,2.6,0.14,32,Poor
6953,1406,155,4.8,0.14,79,Average
6954,3122,1347,4.3,0.3,42,Poor
6955,3309,2464,5.0,0.49,87,Poor
6956,596,98,3.3,0.48,71,Poor
6957,2133,1798,4.7,0.11,93,Average
6958,2090,724,4.0,0.15,25,Average
6959,4584,1001,3.6,0.02,44,Average
6960,1802,1461,3.1,0.2,34,Poor
6961,1665,1285,4.3,0.42,80,Poor
6962,1899,1094,4.8,0.46,52,Poor
6963,2692,763,3.1,0.12,9,Poor
6964,1650,403,2.9,0.13,40,Poor
6965,3446,394,4.2,0.11,16,Average
6966,4452,1773,4.9,0.18,70,Average
6967,3655,2273,4.4,0.4,65,Poor
6968,3849,2556,3.2,0.32,10,Poor
6969,668,400,3.5,0.39,62,Poor
6970,1182,900,3.5,0.29,66,Poor
6971,2165,1354,4.6,0.13,45,Average
6972,2389,611,4.4,0.11,19,Average
6973,2789,1085,4.0,0.0,12,Average
6974,4326,2589,3.2,0.39,86,Poor
6975,1537,844,4.8,0.42,16,Poor
6976,1607,1196,4.1,0.38,92,Poor
6977,2163,1355,4.9,0.04,31,Average
6978,1094,617,4.0,0.38,98,Poor
6979,2481,132,4.6,0.02,98,Average
6980,1632,1155,4.5,0.05,97,Average
6981,1358,1218,3.3,0.22,84,Poor
6982,4967,1865,4.9,0.24,15,Poor
6983,651,321,2.6,0.41,22,Poor
6984,1670,1559,4.4,0.34,10,Poor
6985,4930,4849,4.9,0.08,13,Good
6986,4816,2005,3.3,0.11,66,Poor
6987,150,81,4.1,0.14,70,Average
6988,4321,272,3.9,0.06,44,Average
6989,287,143,4.4,0.14,74,Average
6990,4075,3731,4.7,0.36,32,Poor
6991,2968,1256,4.0,0.12,82,Average
6992,2592,643,4.5,0.42,44,Poor
6993,2053,1128,3.3,0.23,53,Poor
6994,1587,1559,3.1,0.16,50,Poor
6995,804,84,3.6,0.21,86,Poor
6996,3418,3409,4.2,0.35,22,Poor
6997,2308,1675,3.0,0.26,28,Poor
6998,3715,1286,4.2,0.0,5,Good
6999,4285,2965,3.5,0.46,38,Poor
7000,590,156,4.5,0.03,4,Good
7001,319,266,2.6,0.47,95,Poor
7002,3510,460,4.2,0.01,39,Average
7003,3458,2112,4.1,0.39,89,Poor
7004,555,108,4.9,0.27,77,Poor
7005,1179,749,4.3,0.25,81,Poor
7006,2129,1853,4.5,0.04,20,Average
7007,3195,1334,4.8,0.12,58,Average
7008,3292,3158,4.2,0.39,88,Poor
7009,4958,3132,3.2,0.45,19,Poor
7010,411,118,4.7,0.26,23,Poor
7011,3770,3397,4.4,0.18,2,Average
7012,1506,891,3.6,0.03,85,Average
7013,4117,3945,4.3,0.34,71,Poor
7014,4245,1499,4.7,0.14,56,Average
7015,1731,1634,4.9,0.03,92,Average
7016,1102,320,4.9,0.33,70,Poor
7017,2559,1242,3.3,0.24,69,Poor
7018,4777,4603,3.6,0.01,69,Average
7019,731,125,2.8,0.06,75,Poor
7020,3982,1444,3.1,0.35,62,Poor
7021,2179,1024,4.7,0.03,85,Average
7022,4899,496,3.4,0.43,46,Poor
7023,4066,1165,4.1,0.16,89,Average
7024,3352,3168,4.2,0.04,88,Average
7025,769,331,4.5,0.38,18,Poor
7026,124,112,3.0,0.26,99,Poor
7027,1343,828,3.3,0.15,98,Poor
7028,1972,1725,3.6,0.2,12,Poor
7029,4207,537,3.4,0.01,88,Poor
7030,369,216,5.0,0.33,44,Poor
7031,2199,249,4.6,0.18,31,Average
7032,1502,1211,3.7,0.36,29,Poor
7033,1605,27,4.7,0.31,84,Poor
7034,4257,3263,3.4,0.33,41,Poor
7035,3082,1997,4.5,0.4,71,Poor
7036,510,379,3.1,0.32,41,Poor
7037,936,214,4.4,0.21,6,Poor
7038,3583,3360,3.6,0.19,2,Average
7039,3986,3110,2.8,0.06,36,Poor
7040,1165,373,3.2,0.39,2,Poor
7041,1125,1092,3.5,0.38,17,Poor
7042,3926,483,4.4,0.12,41,Average
7043,4665,993,2.7,0.43,8,Poor
7044,4957,85,4.1,0.29,56,Poor
7045,1974,878,4.3,0.24,23,Poor
7046,976,590,4.1,0.01,6,Good
7047,4702,3912,4.4,0.19,96,Average
7048,2331,327,2.9,0.32,88,Poor
7049,1105,802,4.0,0.04,41,Average
7050,4724,4236,4.9,0.23,97,Poor
7051,591,423,4.0,0.5,57,Poor
7052,2211,792,4.0,0.36,84,Poor
7053,2301,2163,4.3,0.27,55,Poor
7054,1102,1006,3.3,0.27,57,Poor
7055,4619,559,4.3,0.02,17,Good
7056,2794,2069,4.8,0.48,38,Poor
7057,3919,3303,2.5,0.46,49,Poor
7058,4531,1683,4.7,0.34,32,Poor
7059,4207,1067,3.0,0.05,27,Poor
7060,4660,3856,3.6,0.1,55,Average
7061,4575,3459,4.6,0.09,24,Average
7062,4725,525,4.6,0.26,13,Poor
7063,1610,1019,4.7,0.1,54,Average
7064,3812,3267,4.9,0.35,83,Poor
7065,1214,752,3.6,0.27,83,Poor
7066,2772,1591,4.1,0.01,6,Good
7067,2408,533,3.5,0.37,3,Poor
7068,520,402,3.4,0.09,94,Poor
7069,1466,380,3.6,0.41,29,Poor
7070,1518,293,4.4,0.18,61,Average
7071,858,196,3.8,0.17,56,Average
7072,221,27,4.5,0.01,36,Average
7073,4176,2773,4.4,0.49,54,Poor
7074,4192,1392,2.6,0.31,84,Poor
7075,4275,1464,4.1,0.21,64,Poor
7076,2449,2131,3.6,0.05,51,Average
7077,1695,309,3.6,0.35,2,Poor
7078,107,37,4.5,0.14,76,Average
7079,1179,83,3.9,0.49,6,Poor
7080,1403,349,4.7,0.48,69,Poor
7081,817,782,4.3,0.37,69,Poor
7082,3945,1983,3.9,0.49,33,Poor
7083,732,36,4.4,0.05,95,Average
7084,3504,2510,2.6,0.14,15,Poor
7085,2058,160,2.6,0.13,7,Poor
7086,3192,1351,2.7,0.04,20,Poor
7087,1840,463,3.6,0.49,10,Poor
7088,1527,515,3.1,0.03,49,Poor
7089,935,445,5.0,0.43,86,Poor
7090,3956,1518,3.9,0.38,5,Poor
7091,4542,3923,4.2,0.19,14,Average
7092,1588,1288,3.2,0.01,10,Poor
7093,2123,469,3.3,0.0,26,Poor
7094,362,309,3.3,0.1,78,Poor
7095,860,370,4.2,0.25,44,Poor
7096,2285,618,3.7,0.23,37,Poor
7097,2907,730,3.8,0.29,3,Poor
7098,2813,889,4.0,0.39,77,Poor
7099,2082,2003,4.4,0.19,44,Average
7100,1557,1204,2.7,0.08,9,Poor
7101,4595,3584,4.4,0.4,53,Poor
7102,2620,412,3.9,0.17,28,Average
7103,1944,861,4.2,0.14,11,Average
7104,2755,2468,3.3,0.38,55,Poor
7105,646,69,3.5,0.47,39,Poor
7106,2197,1338,3.1,0.46,83,Poor
7107,665,444,4.9,0.07,36,Average
7108,997,925,3.7,0.25,65,Poor
7109,4701,1378,5.0,0.05,19,Good
7110,4423,1010,3.7,0.48,11,Poor
7111,3814,1058,3.0,0.11,37,Poor
7112,2063,47,3.8,0.1,29,Average
7113,3747,407,2.6,0.44,46,Poor
7114,540,311,4.8,0.48,81,Poor
7115,4400,852,4.5,0.35,73,Poor
7116,2478,269,4.3,0.06,70,Average
7117,591,524,4.0,0.24,41,Poor
7118,1337,117,3.9,0.41,4,Poor
7119,1683,1380,5.0,0.29,47,Poor
7120,4970,3129,3.2,0.07,92,Poor
7121,2976,1343,4.4,0.09,98,Average
7122,1402,198,4.0,0.43,50,Poor
7123,4426,3700,4.9,0.26,11,Poor
7124,1348,911,4.6,0.35,9,Poor
7125,4918,1325,5.0,0.19,36,Average
7126,4017,2817,4.0,0.27,65,Poor
7127,4473,4212,3.0,0.49,66,Poor
7128,2308,281,3.8,0.16,13,Average
7129,4697,2360,4.3,0.34,46,Poor
7130,2123,1813,4.4,0.09,19,Good
7131,751,268,2.5,0.06,51,Poor
7132,1969,264,3.8,0.39,67,Poor
7133,2510,2318,3.1,0.42,25,Poor
7134,4312,2190,4.7,0.33,46,Poor
7135,4314,344,2.9,0.08,78,Poor
7136,4374,1005,4.2,0.12,72,Average
7137,416,188,3.2,0.46,2,Poor
7138,577,520,3.4,0.14,1,Poor
7139,4936,4802,4.9,0.41,40,Poor
7140,3768,1759,3.1,0.14,29,Poor
7141,3659,1880,2.7,0.47,36,Poor
7142,3985,3157,2.7,0.46,80,Poor
7143,4669,3918,3.8,0.02,2,Average
7144,2203,855,4.1,0.39,8,Poor
7145,1958,78,3.3,0.08,7,Poor
7146,3062,2798,4.2,0.11,8,Average
7147,4278,1416,2.7,0.23,16,Poor
7148,3072,2333,4.6,0.29,23,Poor
7149,3533,1696,4.5,0.16,71,Average
7150,2770,255,5.0,0.29,13,Poor
7151,1820,917,4.8,0.09,53,Average
7152,4163,1857,3.4,0.01,79,Poor
7153,1827,1484,3.5,0.29,17,Poor
7154,4262,3741,4.4,0.26,87,Poor
7155,847,425,2.8,0.34,38,Poor
7156,3265,3042,3.3,0.32,46,Poor
7157,3838,608,2.8,0.45,26,Poor
7158,3026,1691,3.6,0.23,91,Poor
7159,3787,936,3.9,0.0,70,Average
7160,1761,1512,3.0,0.32,97,Poor
7161,802,129,2.6,0.34,90,Poor
7162,2519,2420,4.3,0.26,33,Poor
7163,4019,1856,2.6,0.34,18,Poor
7164,1442,110,4.9,0.16,5,Average
7165,2655,1925,3.1,0.07,29,Poor
7166,727,433,4.2,0.33,91,Poor
7167,155,92,3.6,0.12,11,Average
7168,3337,2752,2.6,0.23,14,Poor
7169,4803,2789,3.7,0.25,38,Poor
7170,1996,1341,3.8,0.24,63,Poor
7171,1145,977,4.6,0.3,63,Poor
7172,1832,1075,4.3,0.01,14,Good
7173,4591,779,2.7,0.49,57,Poor
7174,3307,2938,3.0,0.36,99,Poor
7175,2047,1384,3.3,0.21,66,Poor
7176,4919,1377,2.8,0.1,0,Poor
7177,1611,162,3.6,0.04,6,Average
7178,4056,1789,5.0,0.34,8,Poor
7179,1725,1453,3.8,0.16,0,Average
7180,1172,968,4.4,0.11,4,Average
7181,4031,2111,4.2,0.19,46,Average
7182,1351,51,4.6,0.3,99,Poor
7183,993,762,3.0,0.34,9,Poor
7184,4600,47,4.4,0.32,1,Poor
7185,995,442,4.7,0.43,22,Poor
7186,650,510,2.9,0.11,92,Poor
7187,2750,179,3.4,0.32,55,Poor
7188,4870,2912,4.9,0.05,18,Good
7189,1467,1250,4.5,0.27,37,Poor
7190,1574,37,3.2,0.29,46,Poor
7191,3816,1146,3.9,0.11,83,Average
7192,300,89,3.5,0.2,75,Poor
7193,1594,691,3.7,0.41,74,Poor
7194,128,123,3.4,0.07,98,Poor
7195,3173,2491,3.2,0.22,51,Poor
7196,947,923,4.2,0.47,48,Poor
7197,4926,4870,4.4,0.25,70,Poor
7198,275,54,4.7,0.36,22,Poor
7199,1259,856,2.9,0.41,49,Poor
7200,4948,3958,4.6,0.1,16,Average
7201,4887,2306,3.1,0.11,47,Poor
7202,2228,2216,3.6,0.38,1,Poor
7203,2729,2690,4.8,0.38,68,Poor
7204,2935,1451,3.6,0.03,61,Average
7205,2856,36,3.0,0.16,84,Poor
7206,753,245,2.9,0.2,12,Poor
7207,2594,671,3.7,0.41,60,Poor
7208,2420,1699,4.4,0.21,10,Poor
7209,3331,279,5.0,0.46,87,Poor
7210,4760,1647,4.5,0.5,96,Poor
7211,378,193,4.7,0.39,26,Poor
7212,4278,1886,4.4,0.33,34,Poor
7213,4980,224,4.7,0.2,17,Poor
7214,170,122,2.7,0.03,84,Poor
7215,1014,733,4.8,0.29,67,Poor
7216,4274,811,3.5,0.18,60,Poor
7217,3725,3156,4.8,0.18,40,Average
7218,2126,1160,2.7,0.34,95,Poor
7219,382,172,4.3,0.23,42,Poor
7220,3418,3247,4.3,0.38,48,Poor
7221,1366,1125,5.0,0.2,10,Poor
7222,1246,537,4.4,0.08,66,Average
7223,3220,1877,3.5,0.23,50,Poor
7224,1479,1110,3.9,0.48,51,Poor
7225,405,257,3.4,0.4,84,Poor
7226,4284,1627,3.0,0.1,42,Poor
7227,1576,998,3.1,0.2,57,Poor
7228,3947,3077,3.1,0.46,77,Poor
7229,78,25,3.9,0.06,69,Average
7230,1063,609,4.8,0.13,28,Average
7231,2752,86,4.8,0.13,30,Average
7232,877,195,2.6,0.29,27,Poor
7233,4496,1298,2.7,0.21,49,Poor
7234,2074,82,3.1,0.04,35,Poor
7235,348,321,3.1,0.31,91,Poor
7236,1915,422,2.7,0.05,18,Poor
7237,4066,3849,3.5,0.3,66,Poor
7238,2161,2022,4.0,0.25,11,Poor
7239,804,348,3.9,0.25,99,Poor
7240,819,90,3.9,0.03,87,Average
7241,3785,2945,3.3,0.32,75,Poor
7242,1288,760,4.3,0.22,23,Poor
7243,4979,3013,4.6,0.21,64,Poor
7244,2263,1106,3.4,0.3,91,Poor
7245,1956,1340,2.7,0.3,79,Poor
7246,1614,264,3.2,0.01,20,Poor
7247,1268,538,2.8,0.06,93,Poor
7248,4651,4508,3.7,0.12,97,Average
7249,1407,791,2.9,0.34,25,Poor
7250,3889,3692,3.7,0.29,34,Poor
7251,1510,1220,3.1,0.38,94,Poor
7252,4035,3295,4.3,0.37,79,Poor
7253,1466,930,2.6,0.43,57,Poor
7254,2903,1171,3.9,0.19,41,Average
7255,4906,1237,2.9,0.17,28,Poor
7256,4978,2251,2.5,0.42,28,Poor
7257,1478,266,4.7,0.12,8,Average
7258,4428,3964,4.2,0.23,77,Poor
7259,4524,2062,2.7,0.1,71,Poor
7260,4343,725,4.2,0.46,1,Poor
7261,3112,2689,4.0,0.2,74,Poor
7262,3121,2992,3.7,0.11,1,Average
7263,605,85,3.5,0.35,17,Poor
7264,405,273,4.7,0.12,68,Average
7265,1613,302,3.1,0.47,56,Poor
7266,3550,3151,3.5,0.18,70,Poor
7267,1090,137,3.3,0.33,22,Poor
7268,2736,442,4.4,0.17,18,Average
7269,4524,2041,4.8,0.4,18,Poor
7270,4825,3813,4.6,0.45,57,Poor
7271,2603,55,4.5,0.39,82,Poor
7272,1829,550,5.0,0.42,48,Poor
7273,125,110,4.2,0.05,44,Average
7274,4376,3392,4.4,0.46,27,Poor
7275,3369,1960,5.0,0.31,74,Poor
7276,2399,1962,2.5,0.43,49,Poor
7277,2823,1260,4.1,0.34,10,Poor
7278,2312,1778,4.3,0.1,54,Average
7279,3279,117,4.8,0.3,8,Poor
7280,2166,1499,4.7,0.05,13,Good
7281,442,38,4.6,0.35,97,Poor
7282,1158,557,4.9,0.2,92,Poor
7283,4412,3667,3.8,0.08,20,Average
7284,660,343,2.5,0.49,47,Poor
7285,2825,99,2.5,0.45,57,Poor
7286,4048,2630,3.9,0.45,68,Poor
7287,722,477,3.6,0.39,96,Poor
7288,3727,633,3.6,0.35,8,Poor
7289,80,67,3.5,0.33,66,Poor
7290,1450,541,4.8,0.05,77,Average
7291,4121,1792,3.4,0.45,17,Poor
7292,666,476,4.6,0.44,11,Poor
7293,4684,4538,4.8,0.37,86,Poor
7294,2836,1143,3.7,0.46,77,Poor
7295,920,909,3.6,0.28,15,Poor
7296,4246,3831,4.4,0.22,36,Poor
7297,3654,3494,4.3,0.48,19,Poor
7298,1462,595,3.3,0.23,19,Poor
7299,2789,1423,2.8,0.32,14,Poor
7300,990,550,3.2,0.19,24,Poor
7301,390,351,2.8,0.32,16,Poor
7302,2958,672,3.2,0.36,11,Poor
7303,4183,3628,3.2,0.31,41,Poor
7304,709,108,4.1,0.26,38,Poor
7305,2083,1647,4.9,0.15,55,Average
7306,1610,530,4.2,0.32,52,Poor
7307,3507,61,4.8,0.45,70,Poor
7308,1706,904,4.5,0.0,71,Average
7309,3025,1969,4.3,0.07,87,Average
7310,1099,100,3.5,0.06,46,Poor
7311,503,421,3.3,0.46,24,Poor
7312,1754,126,4.6,0.33,84,Poor
7313,2834,1154,4.8,0.48,49,Poor
7314,868,296,3.6,0.29,32,Poor
7315,4918,1257,2.5,0.23,73,Poor
7316,62,58,4.5,0.4,85,Poor
7317,4029,1861,3.2,0.08,82,Poor
7318,970,525,2.5,0.19,28,Poor
7319,4970,1861,4.5,0.23,2,Poor
7320,2468,739,3.8,0.15,38,Average
7321,1364,276,4.2,0.19,3,Average
7322,3727,1740,4.8,0.04,36,Average
7323,2067,1841,3.9,0.1,94,Average
7324,1278,973,3.8,0.17,5,Average
7325,4842,1091,3.2,0.4,91,Poor
7326,2484,1642,3.3,0.09,9,Poor
7327,2918,916,4.5,0.17,11,Average
7328,2565,2086,3.6,0.03,65,Average
7329,1488,1089,2.9,0.28,2,Poor
7330,4214,470,2.7,0.31,64,Poor
7331,3593,917,3.7,0.43,63,Poor
7332,3225,1099,3.7,0.41,34,Poor
7333,1831,760,4.1,0.14,23,Average
7334,2313,101,3.7,0.07,46,Average
7335,2019,756,2.9,0.08,51,Poor
7336,261,98,3.8,0.48,33,Poor
7337,557,302,4.8,0.34,83,Poor
7338,381,330,2.9,0.02,79,Poor
7339,600,179,4.2,0.07,93,Average
7340,991,335,4.0,0.24,24,Poor
7341,777,687,4.4,0.1,68,Average
7342,2912,1199,2.9,0.4,28,Poor
7343,3293,2955,4.9,0.29,91,Poor
7344,698,487,4.1,0.31,63,Poor
7345,2787,872,4.6,0.23,52,Poor
7346,2797,481,3.1,0.13,57,Poor
7347,1059,873,4.3,0.29,40,Poor
7348,1600,136,4.5,0.36,86,Poor
7349,853,685,3.5,0.19,95,Poor
7350,4130,1674,3.5,0.25,50,Poor
7351,4359,1818,4.1,0.42,17,Poor
7352,4314,679,2.7,0.07,40,Poor
7353,3451,3257,4.3,0.27,98,Poor
7354,4291,2142,2.6,0.17,60,Poor
7355,4661,3839,3.0,0.35,23,Poor
7356,3211,2893,4.2,0.01,46,Average
7357,4598,3363,2.7,0.34,27,Poor
7358,4205,2570,4.9,0.05,35,Average
7359,577,362,4.7,0.03,20,Average
7360,3348,2767,4.1,0.36,55,Poor
7361,1073,654,4.5,0.32,68,Poor
7362,3784,2911,4.7,0.45,25,Poor
7363,482,270,3.1,0.26,53,Poor
7364,1226,854,4.6,0.27,86,Poor
7365,450,149,3.0,0.35,43,Poor
7366,2154,377,3.5,0.16,32,Poor
7367,3100,2759,3.9,0.02,25,Average
7368,2283,1451,4.3,0.12,21,Average
7369,2495,1904,2.6,0.12,19,Poor
7370,4750,1538,3.2,0.17,1,Poor
7371,2885,641,4.0,0.47,40,Poor
7372,2563,501,3.4,0.4,53,Poor
7373,1823,999,4.4,0.47,56,Poor
7374,1146,1121,4.1,0.5,17,Poor
7375,978,533,3.1,0.22,4,Poor
7376,2001,1364,2.9,0.11,95,Poor
7377,2023,1831,4.1,0.28,45,Poor
7378,1604,309,3.6,0.44,74,Poor
7379,2828,1340,2.9,0.23,20,Poor
7380,4471,2014,3.3,0.25,21,Poor
7381,1044,42,3.3,0.07,2,Poor
7382,662,191,2.8,0.21,8,Poor
7383,2643,854,3.9,0.19,1,Average
7384,645,337,4.4,0.18,27,Average
7385,891,817,3.9,0.44,33,Poor
7386,4489,3058,4.6,0.03,52,Average
7387,908,874,2.8,0.49,58,Poor
7388,494,212,3.6,0.0,9,Average
7389,1838,700,4.0,0.47,82,Poor
7390,4367,935,4.2,0.27,92,Poor
7391,3504,3209,4.2,0.35,1,Poor
7392,4002,3097,4.3,0.09,47,Average
7393,4737,151,4.1,0.33,5,Poor
7394,1080,880,2.7,0.44,43,Poor
7395,1345,313,4.2,0.07,53,Average
7396,2113,1019,4.3,0.06,70,Average
7397,1497,411,5.0,0.15,35,Average
7398,2095,1280,4.2,0.08,7,Good
7399,4669,306,4.2,0.06,82,Average
7400,2900,2344,3.8,0.34,9,Poor
7401,3874,2454,4.7,0.11,32,Average
7402,2118,469,5.0,0.33,90,Poor
7403,3811,2358,4.4,0.43,92,Poor
7404,2325,1227,4.0,0.33,18,Poor
7405,1858,1088,2.7,0.06,17,Poor
7406,1361,846,4.3,0.29,50,Poor
7407,4105,1989,4.3,0.2,22,Poor
7408,2501,495,4.4,0.17,0,Average
7409,1139,272,2.8,0.16,58,Poor
7410,1722,1439,4.1,0.46,2,Poor
7411,3725,2356,3.2,0.37,9,Poor
7412,4582,1255,4.4,0.07,70,Average
7413,4974,1019,3.1,0.24,48,Poor
7414,4404,3780,4.2,0.16,55,Average
7415,2053,40,3.2,0.49,89,Poor
7416,4248,2631,2.5,0.49,15,Poor
7417,4914,1466,4.1,0.16,38,Average
7418,1174,142,2.8,0.18,95,Poor
7419,1271,893,4.1,0.3,75,Poor
7420,2910,979,4.8,0.24,43,Poor
7421,2323,2281,4.9,0.11,7,Average
7422,3040,1965,3.1,0.33,7,Poor
7423,2560,858,4.5,0.17,44,Average
7424,286,154,3.4,0.33,10,Poor
7425,1194,987,4.8,0.19,96,Average
7426,3303,1873,4.5,0.35,24,Poor
7427,3832,2797,2.7,0.33,16,Poor
7428,816,619,3.5,0.25,94,Poor
7429,2731,811,3.3,0.35,82,Poor
7430,2715,59,4.5,0.23,54,Poor
7431,1809,771,3.5,0.06,78,Poor
7432,3541,3423,4.2,0.09,55,Average
7433,2865,667,4.0,0.12,43,Average
7434,3563,201,4.9,0.03,52,Average
7435,545,284,4.8,0.36,34,Poor
7436,3230,2838,3.6,0.18,38,Average
7437,3980,3785,4.3,0.05,1,Good
7438,2122,882,4.6,0.41,97,Poor
7439,387,215,4.7,0.34,24,Poor
7440,3999,3815,2.7,0.23,37,Poor
7441,3158,528,3.3,0.12,67,Poor
7442,1867,466,3.3,0.08,79,Poor
7443,186,35,3.6,0.23,31,Poor
7444,2605,1773,2.9,0.44,78,Poor
7445,4465,3224,3.7,0.09,77,Average
7446,965,158,4.2,0.28,40,Poor
7447,3588,688,3.7,0.48,78,Poor
7448,2150,866,4.2,0.32,70,Poor
7449,2957,2137,2.7,0.22,6,Poor
7450,2964,2883,4.7,0.36,71,Poor
7451,2032,1058,4.8,0.41,82,Poor
7452,3920,1790,4.0,0.3,17,Poor
7453,4578,3303,4.7,0.44,16,Poor
7454,3617,1845,2.8,0.26,81,Poor
7455,1048,465,4.5,0.42,82,Poor
7456,2197,1045,2.8,0.48,76,Poor
7457,4744,1791,3.5,0.25,58,Poor
7458,445,355,3.3,0.3,10,Poor
7459,3648,38,4.0,0.3,50,Poor
7460,4560,580,3.3,0.39,6,Poor
7461,988,97,4.1,0.41,26,Poor
7462,1686,491,3.4,0.01,58,Poor
7463,2774,47,4.7,0.37,36,Poor
7464,2560,579,4.1,0.39,4,Poor
7465,4686,2675,3.0,0.35,61,Poor
7466,1699,1208,3.3,0.36,71,Poor
7467,3740,477,4.6,0.02,73,Average
7468,3485,964,3.5,0.22,89,Poor
7469,3251,1219,3.8,0.41,78,Poor
7470,4229,3676,4.1,0.47,54,Poor
7471,4416,3083,3.4,0.11,15,Poor
7472,2341,2096,3.2,0.29,92,Poor
7473,4533,1999,3.7,0.4,91,Poor
7474,263,176,3.0,0.38,73,Poor
7475,3287,845,3.2,0.31,55,Poor
7476,3912,835,2.7,0.01,50,Poor
7477,108,42,3.3,0.36,67,Poor
7478,2980,2350,3.3,0.39,45,Poor
7479,4988,1022,4.9,0.36,60,Poor
7480,3021,1562,4.0,0.38,77,Poor
7481,1577,324,4.5,0.22,32,Poor
7482,172,128,2.6,0.5,54,Poor
7483,3769,2391,2.8,0.39,17,Poor
7484,1486,1249,4.5,0.29,11,Poor
7485,1212,477,4.1,0.47,73,Poor
7486,3350,3278,3.0,0.45,20,Poor
7487,3395,1983,3.5,0.41,96,Poor
7488,2536,941,3.8,0.28,77,Poor
7489,611,426,4.6,0.26,72,Poor
7490,4031,3932,2.7,0.16,25,Poor
7491,1787,1552,4.0,0.13,78,Average
7492,954,888,4.3,0.26,20,Poor
7493,3604,2587,4.9,0.29,21,Poor
7494,4540,3144,4.5,0.12,54,Average
7495,1776,1441,3.2,0.46,45,Poor
7496,2973,1242,4.3,0.28,40,Poor
7497,3581,410,4.4,0.26,4,Poor
7498,3956,1692,4.3,0.22,43,Poor
7499,984,790,4.6,0.03,15,Good
7500,124,97,4.8,0.44,34,Poor
7501,344,191,2.7,0.16,4,Poor
7502,70,41,2.8,0.32,61,Poor
7503,3292,2625,4.5,0.3,89,Poor
7504,1088,877,3.1,0.29,25,Poor
7505,4705,3247,2.6,0.26,60,Poor
7506,1159,685,3.5,0.09,50,Poor
7507,3821,1173,4.5,0.14,68,Average
7508,421,350,2.8,0.26,55,Poor
7509,4963,1702,4.2,0.39,49,Poor
7510,1224,314,2.5,0.22,35,Poor
7511,1214,288,2.8,0.1,23,Poor
7512,1142,664,3.4,0.04,78,Poor
7513,1333,554,2.7,0.33,29,Poor
7514,2061,1421,4.6,0.21,68,Poor
7515,895,395,4.7,0.06,47,Average
7516,2041,107,4.4,0.34,21,Poor
7517,570,130,3.1,0.1,32,Poor
7518,4516,603,3.8,0.25,68,Poor
7519,4246,3245,3.0,0.15,95,Poor
7520,4806,1506,3.2,0.47,49,Poor
7521,292,76,3.8,0.11,22,Average
7522,2850,788,4.3,0.21,9,Poor
7523,4657,1668,2.7,0.48,35,Poor
7524,2946,2305,3.2,0.16,16,Poor
7525,2652,2401,4.8,0.32,52,Poor
7526,2323,125,3.6,0.16,90,Average
7527,1591,1525,4.8,0.06,7,Good
7528,2815,1742,5.0,0.31,43,Poor
7529,2164,1714,3.8,0.46,60,Poor
7530,4541,1753,3.2,0.23,5,Poor
7531,4757,401,4.5,0.31,70,Poor
7532,3133,2756,2.9,0.3,89,Poor
7533,1907,280,3.1,0.21,80,Poor
7534,819,818,4.5,0.31,36,Poor
7535,1472,1336,3.6,0.13,53,Average
7536,456,354,3.0,0.19,22,Poor
7537,3022,2722,4.1,0.22,90,Poor
7538,1922,839,4.3,0.43,56,Poor
7539,2744,728,2.8,0.17,50,Poor
7540,2319,926,3.2,0.32,57,Poor
7541,4799,682,3.1,0.11,18,Poor
7542,1231,594,3.4,0.13,26,Poor
7543,1489,661,4.4,0.32,88,Poor
7544,3103,482,4.3,0.38,24,Poor
7545,3383,2922,4.2,0.23,20,Poor
7546,2947,604,2.5,0.17,24,Poor
7547,2953,962,2.9,0.46,50,Poor
7548,278,123,3.1,0.07,70,Poor
7549,4009,177,3.2,0.36,34,Poor
7550,1943,291,2.9,0.35,69,Poor
7551,1363,1281,3.5,0.35,49,Poor
7552,1120,689,2.7,0.47,14,Poor
7553,1024,640,4.4,0.36,23,Poor
7554,1788,540,4.5,0.15,48,Average
7555,3335,2126,3.9,0.18,67,Average
7556,807,377,2.7,0.2,6,Poor
7557,3145,723,4.7,0.02,93,Average
7558,370,155,4.9,0.46,80,Poor
7559,2371,165,3.0,0.04,53,Poor
7560,605,371,4.3,0.35,37,Poor
7561,4989,1843,4.6,0.37,93,Poor
7562,1436,264,3.8,0.42,44,Poor
7563,4813,2368,3.3,0.28,8,Poor
7564,3097,2505,3.7,0.36,54,Poor
7565,2477,887,3.8,0.15,82,Average
7566,2054,119,3.5,0.37,51,Poor
7567,1980,744,4.8,0.17,76,Average
7568,4891,2881,4.4,0.45,48,Poor
7569,4820,499,3.1,0.08,54,Poor
7570,2213,1955,4.0,0.16,82,Average
7571,3917,1985,4.2,0.25,69,Poor
7572,2476,1681,2.9,0.39,75,Poor
7573,3843,3393,3.4,0.37,78,Poor
7574,2563,107,4.8,0.11,2,Average
7575,3853,1260,3.9,0.07,67,Average
7576,2377,592,3.0,0.15,37,Poor
7577,667,198,2.8,0.24,69,Poor
7578,2215,1745,3.8,0.27,48,Poor
7579,3358,182,3.9,0.21,91,Poor
7580,1042,612,3.3,0.33,7,Poor
7581,1427,1025,4.1,0.21,94,Poor
7582,4431,2368,2.7,0.47,84,Poor
7583,3224,2441,2.9,0.13,44,Poor
7584,4832,2775,3.9,0.31,28,Poor
7585,1355,222,2.7,0.31,78,Poor
7586,4883,4162,4.7,0.14,48,Average
7587,3128,482,2.9,0.21,23,Poor
7588,2736,427,4.2,0.18,20,Average
7589,3033,1237,3.5,0.09,22,Poor
7590,2573,2494,3.5,0.24,94,Poor
7591,3632,949,4.4,0.19,97,Average
7592,1535,336,3.7,0.09,27,Average
7593,2150,1522,4.3,0.22,31,Poor
7594,4631,440,3.8,0.21,21,Poor
7595,3765,1312,4.0,0.07,61,Average
7596,2051,1524,4.4,0.07,66,Average
7597,1437,282,4.0,0.32,72,Poor
7598,3233,1469,4.0,0.35,5,Poor
7599,1080,185,4.5,0.47,64,Poor
7600,1815,1735,4.9,0.04,21,Average
7601,4813,447,3.4,0.06,50,Poor
7602,1270,416,3.9,0.03,67,Average
7603,4980,815,2.7,0.27,56,Poor
7604,3856,126,3.4,0.31,71,Poor
7605,2464,117,3.5,0.2,54,Poor
7606,4395,1923,4.6,0.4,41,Poor
7607,1668,1525,3.8,0.34,51,Poor
7608,1313,1273,4.3,0.49,60,Poor
7609,921,276,2.5,0.07,18,Poor
7610,884,62,3.7,0.03,0,Average
7611,2872,2309,4.8,0.14,40,Average
7612,968,573,3.1,0.01,62,Poor
7613,1774,114,2.6,0.47,87,Poor
7614,2463,1989,3.6,0.15,47,Average
7615,1363,207,4.3,0.28,80,Poor
7616,4548,404,3.6,0.16,31,Average
7617,2155,838,3.6,0.12,49,Average
7618,2618,1168,4.2,0.08,13,Good
7619,1188,106,3.1,0.16,16,Poor
7620,259,72,4.4,0.31,95,Poor
7621,1114,508,2.9,0.49,96,Poor
7622,4961,4341,3.5,0.28,29,Poor
7623,2270,1700,4.1,0.27,50,Poor
7624,283,267,4.6,0.02,97,Average
7625,842,537,4.5,0.42,91,Poor
7626,3160,3122,4.3,0.02,61,Average
7627,2216,1752,3.4,0.45,23,Poor
7628,384,251,2.8,0.27,62,Poor
7629,1409,315,3.0,0.08,13,Poor
7630,1264,433,4.7,0.23,33,Poor
7631,4469,2015,4.6,0.5,58,Poor
7632,333,154,4.9,0.15,64,Average
7633,262,256,2.7,0.13,85,Poor
7634,1708,544,3.8,0.06,32,Average
7635,4128,23,4.1,0.3,57,Poor
7636,4897,197,4.3,0.04,17,Good
7637,1467,765,4.1,0.38,11,Poor
7638,2436,278,4.4,0.46,73,Poor
7639,1844,671,3.4,0.47,65,Poor
7640,154,84,2.9,0.05,1,Poor
7641,4915,3909,3.0,0.28,69,Poor
7642,3943,3808,2.5,0.05,83,Poor
7643,3895,3108,3.4,0.29,27,Poor
7644,3740,3291,2.7,0.41,41,Poor
7645,3342,2611,3.3,0.27,2,Poor
7646,428,231,4.1,0.44,47,Poor
7647,3343,2502,4.7,0.4,88,Poor
7648,3379,1316,4.6,0.14,86,Average
7649,4858,309,3.1,0.32,12,Poor
7650,3488,822,2.8,0.0,56,Poor
7651,274,246,3.0,0.2,87,Poor
7652,787,253,4.9,0.12,2,Average
7653,285,201,3.9,0.47,62,Poor
7654,4328,1189,3.0,0.2,37,Poor
7655,761,581,4.6,0.33,58,Poor
7656,1938,449,3.5,0.37,27,Poor
7657,4768,451,4.7,0.39,25,Poor
7658,1309,516,3.2,0.37,83,Poor
7659,798,108,3.5,0.14,90,Poor
7660,4036,3064,3.8,0.34,64,Poor
7661,3601,1454,4.7,0.27,73,Poor
7662,559,260,4.7,0.3,73,Poor
7663,1873,797,3.9,0.0,60,Average
7664,4930,4338,3.1,0.13,56,Poor
7665,2991,1791,3.5,0.47,0,Poor
7666,4282,1708,4.9,0.15,31,Average
7667,2184,487,4.0,0.22,31,Poor
7668,1827,588,4.5,0.09,26,Average
7669,1272,394,3.6,0.07,12,Average
7670,3717,3203,3.8,0.1,16,Average
7671,1827,546,3.6,0.28,27,Poor
7672,1354,431,4.3,0.46,88,Poor
7673,4909,4741,4.6,0.16,51,Average
7674,751,271,3.8,0.16,35,Average
7675,3039,1031,3.7,0.28,46,Poor
7676,201,137,3.4,0.18,65,Poor
7677,1375,469,2.9,0.46,31,Poor
7678,1351,821,4.8,0.19,31,Average
7679,3772,1912,3.3,0.25,69,Poor
7680,1761,1580,4.5,0.27,94,Poor
7681,856,387,4.3,0.39,54,Poor
7682,4380,2889,4.5,0.28,72,Poor
7683,2772,274,4.8,0.12,79,Average
7684,4706,1506,4.1,0.06,88,Average
7685,1375,1311,4.7,0.47,39,Poor
7686,4183,1436,2.9,0.4,27,Poor
7687,1209,781,4.1,0.01,80,Average
7688,2919,2866,4.4,0.41,30,Poor
7689,4566,1377,3.2,0.3,86,Poor
7690,1292,584,4.4,0.26,30,Poor
7691,397,387,4.4,0.01,25,Average
7692,1881,1598,4.6,0.39,3,Poor
7693,1619,1597,3.3,0.1,57,Poor
7694,3985,3983,4.2,0.36,78,Poor
7695,1968,475,3.3,0.01,22,Poor
7696,3282,1110,4.3,0.4,68,Poor
7697,3808,3157,3.7,0.01,59,Average
7698,2405,1638,4.0,0.12,42,Average
7699,1447,881,3.5,0.13,88,Poor
7700,2830,2684,2.9,0.08,93,Poor
7701,1874,419,2.9,0.24,25,Poor
7702,2541,306,2.7,0.14,66,Poor
7703,4110,3977,4.0,0.5,67,Poor
7704,454,205,4.6,0.29,54,Poor
7705,1771,303,2.6,0.28,46,Poor
7706,2875,1559,2.7,0.11,81,Poor
7707,3895,2717,3.6,0.2,58,Poor
7708,4260,256,4.3,0.06,74,Average
7709,3242,3109,2.9,0.38,74,Poor
7710,114,66,3.2,0.17,99,Poor
7711,1349,947,3.1,0.38,15,Poor
7712,4970,4529,3.5,0.19,57,Poor
7713,1465,28,3.1,0.49,88,Poor
7714,3643,439,3.4,0.09,0,Poor
7715,1018,48,4.3,0.0,89,Average
7716,418,163,4.0,0.3,44,Poor
7717,282,168,2.7,0.48,93,Poor
7718,2292,469,4.1,0.32,5,Poor
7719,3133,399,3.7,0.04,90,Average
7720,970,718,4.8,0.27,51,Poor
7721,738,385,3.2,0.45,18,Poor
7722,4322,1270,4.3,0.0,42,Average
7723,1519,1161,4.3,0.08,18,Good
7724,4775,2479,3.1,0.41,38,Poor
7725,4309,3018,4.8,0.45,31,Poor
7726,3672,375,3.7,0.35,64,Poor
7727,2150,1716,4.2,0.5,88,Poor
7728,2315,746,2.9,0.05,46,Poor
7729,3839,1487,3.1,0.27,12,Poor
7730,873,700,4.0,0.34,73,Poor
7731,3481,3172,3.3,0.35,81,Poor
7732,4201,3540,3.7,0.4,35,Poor
7733,4263,3374,3.4,0.46,85,Poor
7734,847,492,4.1,0.18,69,Average
7735,829,435,3.7,0.02,26,Average
7736,2900,619,2.5,0.18,71,Poor
7737,2942,1359,4.1,0.34,23,Poor
7738,1943,479,3.6,0.11,19,Average
7739,3356,3318,3.4,0.4,85,Poor
7740,2952,98,2.7,0.11,8,Poor
7741,4853,1587,3.1,0.01,38,Poor
7742,3768,2842,3.1,0.25,82,Poor
7743,71,38,4.8,0.36,0,Poor
7744,1550,1114,3.6,0.17,10,Average
7745,892,216,2.6,0.37,73,Poor
7746,1810,77,2.8,0.22,0,Poor
7747,3691,1467,2.7,0.09,90,Poor
7748,241,232,4.0,0.05,80,Average
7749,445,131,3.0,0.36,43,Poor
7750,4712,1478,3.7,0.19,50,Average
7751,4376,1228,3.4,0.46,16,Poor
7752,923,898,4.5,0.27,65,Poor
7753,2671,858,3.3,0.17,22,Poor
7754,4385,2232,3.6,0.17,40,Average
7755,139,106,4.3,0.07,58,Average
7756,2329,1374,3.6,0.3,73,Poor
7757,506,349,4.5,0.29,93,Poor
7758,2330,1164,4.2,0.4,98,Poor
7759,4499,232,3.5,0.1,24,Poor
7760,1054,526,3.8,0.15,16,Average
7761,4584,2983,4.9,0.05,18,Good
7762,394,308,4.2,0.15,81,Average
7763,2761,2235,4.8,0.21,81,Poor
7764,4802,3062,2.9,0.48,45,Poor
7765,2512,1589,3.7,0.33,34,Poor
7766,1166,849,4.8,0.39,73,Poor
7767,675,446,3.3,0.16,22,Poor
7768,4429,1752,4.9,0.07,85,Average
7769,2029,1746,2.7,0.13,43,Poor
7770,4044,1264,4.8,0.13,8,Average
7771,1728,1035,3.6,0.29,31,Poor
7772,272,29,2.7,0.17,89,Poor
7773,793,139,4.7,0.43,92,Poor
7774,512,142,3.1,0.49,58,Poor
7775,1618,1290,2.6,0.17,41,Poor
7776,3397,1952,2.8,0.35,61,Poor
7777,1786,1264,4.1,0.33,18,Poor
7778,4089,792,4.9,0.1,92,Average
7779,4001,1549,2.8,0.46,34,Poor
7780,714,77,3.7,0.1,75,Average
7781,1406,1171,3.0,0.37,7,Poor
7782,1064,736,4.4,0.17,88,Average
7783,2182,2153,2.8,0.18,90,Poor
7784,2718,123,3.1,0.23,42,Poor
7785,1104,162,3.0,0.43,44,Poor
7786,1814,224,3.9,0.07,5,Average
7787,4508,3849,4.7,0.03,12,Good
7788,2919,1406,3.8,0.2,10,Poor
7789,1462,1352,2.6,0.03,69,Poor
7790,717,71,3.9,0.34,68,Poor
7791,3420,2068,4.5,0.38,6,Poor
7792,1444,30,2.8,0.43,54,Poor
7793,148,77,2.7,0.37,54,Poor
7794,4120,1257,3.0,0.46,18,Poor
7795,471,463,4.4,0.37,5,Poor
7796,3700,2822,4.0,0.47,88,Poor
7797,4207,537,3.9,0.1,8,Average
7798,1182,1051,3.1,0.25,19,Poor
7799,1752,24,3.3,0.5,24,Poor
7800,3670,3453,4.9,0.34,49,Poor
7801,3240,2761,3.1,0.44,71,Poor
7802,647,131,4.8,0.02,49,Average
7803,441,292,4.0,0.44,37,Poor
7804,1125,441,2.8,0.35,65,Poor
7805,2700,2332,3.7,0.09,56,Average
7806,2434,1501,4.9,0.01,21,Average
7807,859,231,3.5,0.13,55,Poor
7808,3359,3169,4.7,0.46,35,Poor
7809,3788,801,3.1,0.33,50,Poor
7810,1209,685,3.9,0.46,67,Poor
7811,1581,1264,4.6,0.22,0,Poor
7812,2732,2436,4.8,0.47,47,Poor
7813,303,44,3.7,0.23,32,Poor
7814,3598,995,4.1,0.1,23,Average
7815,3235,1763,2.5,0.08,48,Poor
7816,1281,436,3.1,0.5,68,Poor
7817,2473,234,3.2,0.17,57,Poor
7818,3625,1155,2.7,0.08,47,Poor
7819,4311,3795,3.2,0.0,56,Poor
7820,1623,933,3.3,0.14,63,Poor
7821,2958,1602,4.9,0.44,98,Poor
7822,4762,4543,4.2,0.27,52,Poor
7823,1675,752,3.6,0.32,59,Poor
7824,4048,2766,5.0,0.46,89,Poor
7825,3933,3653,2.9,0.26,42,Poor
7826,3565,2283,3.7,0.42,40,Poor
7827,3453,432,4.1,0.16,25,Average
7828,4648,3824,2.6,0.49,58,Poor
7829,4730,2447,4.3,0.04,48,Average
7830,2008,1645,2.7,0.36,63,Poor
7831,4059,251,2.9,0.33,4,Poor
7832,2785,854,2.9,0.1,43,Poor
7833,4541,4373,4.8,0.19,17,Average
7834,3224,1299,4.2,0.16,56,Average
7835,451,422,4.1,0.05,88,Average
7836,1024,443,3.9,0.29,39,Poor
7837,273,21,3.2,0.5,45,Poor
7838,4663,84,4.1,0.28,57,Poor
7839,285,209,3.5,0.27,84,Poor
7840,3548,969,2.9,0.02,23,Poor
7841,4261,192,4.2,0.07,27,Average
7842,3284,2826,2.8,0.26,45,Poor
7843,275,275,3.0,0.49,67,Poor
7844,2327,1270,4.5,0.44,71,Poor
7845,4327,3068,4.2,0.17,53,Average
7846,1391,420,4.1,0.27,32,Poor
7847,4086,657,3.5,0.28,66,Poor
7848,259,200,3.5,0.34,83,Poor
7849,3777,2280,4.2,0.34,34,Poor
7850,3978,2120,4.4,0.39,38,Poor
7851,2853,2691,3.8,0.01,46,Average
7852,1159,771,4.9,0.47,70,Poor
7853,2076,681,4.9,0.04,90,Average
7854,443,158,3.5,0.24,4,Poor
7855,893,437,4.6,0.46,36,Poor
7856,1574,162,3.9,0.24,0,Poor
7857,653,528,3.8,0.03,85,Average
7858,631,505,2.6,0.11,55,Poor
7859,1989,1011,3.9,0.29,6,Poor
7860,182,67,4.8,0.04,63,Average
7861,2888,2610,4.5,0.21,7,Poor
7862,3435,312,4.5,0.16,93,Average
7863,3820,1663,2.9,0.41,63,Poor
7864,2318,857,3.4,0.06,56,Poor
7865,1025,33,3.1,0.34,27,Poor
7866,1863,653,3.3,0.2,25,Poor
7867,3313,1770,3.9,0.29,33,Poor
7868,1593,291,3.4,0.1,95,Poor
7869,2885,1068,3.9,0.3,21,Poor
7870,2788,1978,3.6,0.34,19,Poor
7871,1407,341,3.2,0.04,13,Poor
7872,4184,825,2.7,0.41,22,Poor
7873,1366,1146,4.7,0.43,66,Poor
7874,211,117,2.5,0.03,18,Poor
7875,1959,902,2.5,0.3,77,Poor
7876,1177,1083,4.6,0.3,38,Poor
7877,3920,2302,5.0,0.01,36,Average
7878,1708,851,4.3,0.17,98,Average
7879,3175,1132,2.5,0.48,0,Poor
7880,2013,1143,3.1,0.28,18,Poor
7881,2339,2211,4.9,0.47,14,Poor
7882,1016,101,4.5,0.34,88,Poor
7883,939,608,3.9,0.01,0,Average
7884,3111,1614,3.1,0.04,30,Poor
7885,3679,2296,2.5,0.36,51,Poor
7886,3239,1646,2.6,0.28,42,Poor
7887,2798,1909,4.0,0.06,45,Average
7888,1716,1438,2.6,0.31,85,Poor
7889,3116,1824,5.0,0.41,49,Poor
7890,1491,1240,3.0,0.38,19,Poor
7891,1117,293,4.3,0.12,61,Average
7892,4273,609,2.9,0.13,42,Poor
7893,2973,2720,3.9,0.48,4,Poor
7894,4303,602,2.7,0.44,78,Poor
7895,3906,987,4.4,0.16,65,Average
7896,876,581,4.0,0.41,11,Poor
7897,4657,2010,2.7,0.08,56,Poor
7898,4035,2439,4.6,0.1,59,Average
7899,2142,1278,3.9,0.09,54,Average
7900,3229,1330,4.8,0.04,70,Average
7901,4588,2886,4.8,0.43,65,Poor
7902,3951,3758,4.8,0.29,71,Poor
7903,2412,591,2.7,0.13,72,Poor
7904,2274,564,2.8,0.42,26,Poor
7905,1776,1480,5.0,0.4,27,Poor
7906,2056,146,3.7,0.05,36,Average
7907,316,240,3.1,0.32,78,Poor
7908,887,731,4.4,0.36,18,Poor
7909,4634,4532,3.2,0.36,93,Poor
7910,4847,657,4.3,0.36,50,Poor
7911,736,60,4.6,0.08,12,Good
7912,3411,806,4.5,0.16,44,Average
7913,406,316,3.2,0.42,5,Poor
7914,3865,1640,3.5,0.45,93,Poor
7915,921,620,3.5,0.14,0,Poor
7916,2023,61,3.7,0.01,24,Average
7917,4697,4148,2.9,0.43,98,Poor
7918,1860,1319,3.6,0.19,25,Average
7919,4468,179,3.8,0.16,12,Average
7920,2691,1972,3.8,0.17,18,Average
7921,2278,1751,4.5,0.21,9,Poor
7922,3441,2466,3.8,0.19,44,Average
7923,4228,3182,3.1,0.28,70,Poor
7924,2400,1752,4.2,0.04,14,Good
7925,4407,600,4.5,0.49,86,Poor
7926,4929,239,3.3,0.47,99,Poor
7927,2789,398,4.1,0.47,30,Poor
7928,2780,1769,2.9,0.44,7,Poor
7929,1368,949,3.4,0.33,29,Poor
7930,1585,1490,4.8,0.11,97,Average
7931,4834,4348,4.8,0.02,96,Average
7932,2493,1414,3.9,0.05,0,Average
7933,1822,941,4.3,0.16,15,Average
7934,3259,2301,4.6,0.25,10,Poor
7935,4984,2793,4.9,0.5,26,Poor
7936,927,386,3.7,0.22,85,Poor
7937,2920,500,3.9,0.26,39,Poor
7938,3250,1616,3.5,0.35,82,Poor
7939,4194,3454,2.7,0.09,43,Poor
7940,3797,2657,3.6,0.47,69,Poor
7941,2886,1138,4.5,0.26,56,Poor
7942,342,235,4.5,0.14,47,Average
7943,1701,744,4.7,0.47,39,Poor
7944,4681,731,2.6,0.31,38,Poor
7945,4456,1845,3.8,0.24,83,Poor
7946,586,154,2.8,0.29,2,Poor
7947,2736,1126,3.0,0.37,54,Poor
7948,283,66,4.8,0.08,0,Good
7949,2702,411,3.7,0.43,22,Poor
7950,2424,404,4.4,0.48,66,Poor
7951,2322,1302,2.7,0.28,61,Poor
7952,1016,968,3.5,0.34,33,Poor
7953,939,623,4.2,0.43,16,Poor
7954,3913,953,2.8,0.19,47,Poor
7955,3450,1990,3.3,0.5,90,Poor
7956,84,34,2.7,0.34,52,Poor
7957,4592,2167,4.1,0.21,60,Poor
7958,3573,402,4.9,0.34,86,Poor
7959,1813,726,4.6,0.26,10,Poor
7960,3341,3283,4.9,0.06,14,Good
7961,2538,2077,4.6,0.4,89,Poor
7962,2750,2331,4.6,0.28,10,Poor
7963,1608,1311,3.9,0.4,6,Poor
7964,4740,2899,3.8,0.08,46,Average
7965,2326,2262,3.5,0.27,7,Poor
7966,4056,2629,4.5,0.38,4,Poor
7967,4489,1450,3.0,0.49,80,Poor
7968,1153,116,2.6,0.44,86,Poor
7969,1469,481,4.9,0.43,65,Poor
7970,1528,777,2.5,0.12,90,Poor
7971,3964,2154,4.9,0.42,62,Poor
7972,3792,1010,4.3,0.08,20,Average
7973,3006,2144,3.3,0.1,70,Poor
7974,1432,1189,4.2,0.06,89,Average
7975,2624,680,4.5,0.43,93,Poor
7976,3434,2048,3.1,0.05,11,Poor
7977,1619,1154,4.4,0.07,10,Good
7978,1944,1684,4.5,0.12,53,Average
7979,2293,784,3.1,0.29,80,Poor
7980,1916,697,2.6,0.44,9,Poor
7981,78,60,3.0,0.21,15,Poor
7982,755,445,3.0,0.27,14,Poor
7983,1070,810,2.7,0.08,57,Poor
7984,2113,1566,4.3,0.13,78,Average
7985,1496,602,3.4,0.07,83,Poor
7986,3714,690,4.7,0.2,3,Poor
7987,3037,1771,3.1,0.3,95,Poor
7988,3652,557,3.6,0.14,21,Average
7989,3735,1841,4.1,0.42,34,Poor
7990,3418,1205,4.7,0.49,13,Poor
7991,3631,449,3.8,0.06,93,Average
7992,2812,1657,3.4,0.01,30,Poor
7993,4087,3160,4.7,0.39,73,Poor
7994,622,152,3.3,0.1,69,Poor
7995,4138,208,2.7,0.18,90,Poor
7996,664,592,3.6,0.2,10,Poor
7997,4100,3965,4.5,0.46,35,Poor
7998,375,298,2.6,0.33,73,Poor
7999,3790,3521,4.0,0.02,79,Average
8000,408,132,4.0,0.01,23,Average
8001,3827,2609,4.8,0.1,84,Average
8002,2421,2031,3.2,0.16,39,Poor
8003,1771,1204,3.2,0.24,99,Poor
8004,1399,765,3.6,0.42,41,Poor
8005,3746,2966,3.4,0.16,86,Poor
8006,3946,2520,4.3,0.19,20,Average
8007,4310,189,4.1,0.16,95,Average
8008,1646,849,4.4,0.0,80,Average
8009,1677,717,4.6,0.48,50,Poor
8010,2552,1100,4.8,0.07,80,Average
8011,3858,1283,3.6,0.14,54,Average
8012,242,20,5.0,0.06,84,Average
8013,2724,377,3.0,0.25,3,Poor
8014,3895,2268,4.3,0.47,61,Poor
8015,2627,2511,3.8,0.05,86,Average
8016,141,88,4.5,0.22,24,Poor
8017,4284,1345,3.7,0.01,95,Average
8018,530,125,4.5,0.39,69,Poor
8019,2966,2168,4.8,0.32,13,Poor
8020,4485,1708,4.3,0.35,40,Poor
8021,1125,957,4.4,0.24,56,Poor
8022,2563,2096,2.7,0.45,37,Poor
8023,848,525,3.0,0.2,61,Poor
8024,4620,1481,4.9,0.26,40,Poor
8025,3999,1422,4.2,0.35,44,Poor
8026,654,92,3.9,0.26,79,Poor
8027,3029,273,3.4,0.09,95,Poor
8028,4966,4054,2.6,0.16,15,Poor
8029,647,535,3.4,0.05,18,Poor
8030,1582,768,3.7,0.22,36,Poor
8031,563,39,3.0,0.3,84,Poor
8032,1927,1668,2.9,0.06,78,Poor
8033,4022,2602,3.8,0.32,60,Poor
8034,3893,440,4.0,0.45,25,Poor
8035,1749,465,3.1,0.17,93,Poor
8036,1079,898,4.0,0.11,78,Average
8037,4645,4251,4.8,0.45,63,Poor
8038,766,524,3.7,0.35,12,Poor
8039,4136,52,4.6,0.05,90,Average
8040,715,666,4.8,0.2,86,Poor
8041,2258,1810,2.7,0.34,33,Poor
8042,1129,297,2.7,0.29,97,Poor
8043,277,152,3.7,0.31,22,Poor
8044,198,34,4.0,0.28,19,Poor
8045,1119,145,3.6,0.4,53,Poor
8046,4777,2412,3.3,0.16,72,Poor
8047,1413,36,4.1,0.35,57,Poor
8048,4558,2891,2.5,0.5,58,Poor
8049,1805,581,4.9,0.19,19,Average
8050,569,397,3.1,0.4,38,Poor
8051,3594,837,4.8,0.12,77,Average
8052,2372,2127,2.8,0.14,89,Poor
8053,1152,486,3.1,0.47,90,Poor
8054,647,647,3.1,0.01,97,Poor
8055,3323,2458,5.0,0.11,92,Average
8056,4099,3003,2.5,0.24,31,Poor
8057,2655,1230,4.1,0.2,40,Poor
8058,2238,619,4.7,0.31,68,Poor
8059,4875,1866,4.2,0.1,67,Average
8060,638,468,3.4,0.04,86,Poor
8061,4522,1907,4.9,0.18,20,Average
8062,1457,699,4.7,0.26,96,Poor
8063,4896,3272,3.6,0.28,23,Poor
8064,4772,1855,3.9,0.3,15,Poor
8065,3440,2197,4.9,0.27,31,Poor
8066,3490,168,5.0,0.12,82,Average
8067,1679,1515,3.6,0.38,25,Poor
8068,1044,837,4.6,0.04,2,Excellent
8069,4848,1764,3.3,0.1,98,Poor
8070,2109,1666,3.4,0.37,81,Poor
8071,4622,3015,2.9,0.14,6,Poor
8072,3036,2567,3.0,0.25,95,Poor
8073,450,156,4.1,0.16,87,Average
8074,2905,1398,3.8,0.25,15,Poor
8075,2274,1959,3.1,0.17,52,Poor
8076,3462,3302,3.5,0.5,87,Poor
8077,106,37,3.4,0.18,3,Poor
8078,1925,1639,5.0,0.31,44,Poor
8079,4593,1073,4.6,0.44,31,Poor
8080,4348,4091,3.5,0.32,97,Poor
8081,3818,596,4.8,0.28,82,Poor
8082,4883,3115,3.4,0.28,77,Poor
8083,4347,3051,4.2,0.25,57,Poor
8084,1403,742,4.9,0.4,12,Poor
8085,2460,2289,3.5,0.03,21,Poor
8086,4361,2992,4.2,0.44,94,Poor
8087,2652,2647,3.2,0.29,43,Poor
8088,2984,2468,3.2,0.42,43,Poor
8089,72,52,3.9,0.01,29,Average
8090,2252,1647,4.9,0.43,22,Poor
8091,1259,531,3.6,0.06,11,Average
8092,2346,2155,4.8,0.36,13,Poor
8093,798,484,4.8,0.21,35,Poor
8094,854,69,3.1,0.34,44,Poor
8095,183,122,3.5,0.31,71,Poor
8096,4466,955,4.1,0.08,23,Average
8097,2487,1734,3.8,0.26,2,Poor
8098,483,286,2.7,0.14,77,Poor
8099,3721,3359,5.0,0.28,50,Poor
8100,3786,1440,4.4,0.37,74,Poor
8101,4089,3411,3.6,0.04,54,Average
8102,2148,1820,4.0,0.26,37,Poor
8103,2967,2965,2.7,0.31,91,Poor
8104,302,97,3.7,0.15,86,Average
8105,4884,3331,4.8,0.48,81,Poor
8106,1179,277,4.7,0.26,19,Poor
8107,3314,2015,3.3,0.09,96,Poor
8108,351,349,3.8,0.05,1,Average
8109,2027,1686,4.2,0.27,25,Poor
8110,2813,409,3.4,0.19,1,Poor
8111,4055,1386,2.7,0.1,66,Poor
8112,3291,792,3.8,0.02,83,Average
8113,3107,2821,4.0,0.28,73,Poor
8114,600,406,2.5,0.3,41,Poor
8115,1637,413,2.7,0.07,84,Poor
8116,1872,702,3.0,0.3,39,Poor
8117,3267,289,3.4,0.48,8,Poor
8118,3546,168,3.9,0.49,1,Poor
8119,4459,47,3.2,0.44,27,Poor
8120,4329,3511,3.2,0.4,2,Poor
8121,762,299,4.7,0.1,15,Average
8122,2225,1225,2.9,0.08,3,Poor
8123,4122,1193,3.7,0.22,22,Poor
8124,3899,358,4.9,0.31,93,Poor
8125,2483,1088,4.1,0.43,76,Poor
8126,3351,861,4.3,0.12,5,Average
8127,320,208,3.6,0.24,73,Poor
8128,1844,670,2.5,0.32,54,Poor
8129,4956,313,4.1,0.22,80,Poor
8130,2512,1877,4.1,0.23,7,Poor
8131,4343,1342,2.8,0.11,72,Poor
8132,3444,2482,3.7,0.49,97,Poor
8133,1129,822,4.8,0.24,80,Poor
8134,2928,450,3.0,0.27,85,Poor
8135,4773,3114,3.7,0.11,63,Average
8136,653,439,3.7,0.26,66,Poor
8137,1635,1467,4.5,0.13,40,Average
8138,3107,506,4.6,0.1,39,Average
8139,4035,3821,4.4,0.14,92,Average
8140,4739,108,3.4,0.0,26,Poor
8141,1445,1252,2.7,0.29,38,Poor
8142,3738,290,3.4,0.19,52,Poor
8143,649,425,4.2,0.45,39,Poor
8144,563,297,4.3,0.02,51,Average
8145,1116,225,4.9,0.02,36,Average
8146,2936,2395,3.6,0.44,66,Poor
8147,2703,1653,4.1,0.06,18,Good
8148,4955,881,3.8,0.0,33,Average
8149,1138,355,2.9,0.09,77,Poor
8150,4435,1033,3.7,0.41,84,Poor
8151,4914,3319,3.9,0.4,65,Poor
8152,2564,1526,4.9,0.17,9,Average
8153,4019,3225,3.4,0.33,51,Poor
8154,3334,727,5.0,0.25,41,Poor
8155,4616,997,3.9,0.45,59,Poor
8156,2246,1837,3.1,0.03,80,Poor
8157,4233,3704,3.0,0.41,1,Poor
8158,839,444,2.9,0.09,90,Poor
8159,3525,2654,3.6,0.2,0,Poor
8160,3203,825,2.6,0.1,49,Poor
8161,1714,1553,3.6,0.35,35,Poor
8162,1359,739,5.0,0.34,96,Poor
8163,914,614,4.2,0.27,21,Poor
8164,3913,3518,4.4,0.35,98,Poor
8165,3413,968,2.8,0.32,97,Poor
8166,3574,2722,3.7,0.39,81,Poor
8167,3836,493,3.2,0.12,35,Poor
8168,73,60,4.7,0.21,2,Poor
8169,3053,2278,3.0,0.08,43,Poor
8170,360,198,3.6,0.21,15,Poor
8171,1281,1101,4.0,0.35,10,Poor
8172,3838,3164,3.8,0.35,9,Poor
8173,2761,234,4.6,0.35,50,Poor
8174,4851,2002,3.1,0.15,41,Poor
8175,471,92,3.4,0.33,84,Poor
8176,1823,486,4.5,0.18,24,Average
8177,3618,1314,3.8,0.47,98,Poor
8178,996,518,3.5,0.17,5,Poor
8179,1236,373,2.6,0.3,43,Poor
8180,1884,1277,4.4,0.38,7,Poor
8181,1614,1362,4.9,0.45,33,Poor
8182,4994,2692,4.1,0.22,40,Poor
8183,1997,1618,4.6,0.18,0,Average
8184,1358,391,3.8,0.22,2,Poor
8185,3036,203,3.1,0.16,51,Poor
8186,436,296,2.5,0.33,90,Poor
8187,1211,693,4.1,0.47,76,Poor
8188,3308,2822,3.7,0.06,42,Average
8189,4861,2389,4.5,0.28,46,Poor
8190,3983,454,4.2,0.45,82,Poor
8191,2897,1086,5.0,0.05,18,Good
8192,4571,707,3.8,0.25,69,Poor
8193,1489,907,3.6,0.43,46,Poor
8194,3492,88,3.2,0.45,77,Poor
8195,4530,2123,3.7,0.26,4,Poor
8196,105,95,4.7,0.01,63,Average
8197,3374,439,2.6,0.05,44,Poor
8198,155,74,4.9,0.29,63,Poor
8199,3251,2617,5.0,0.06,44,Average
8200,719,262,4.0,0.07,35,Average
8201,4521,2144,3.3,0.39,8,Poor
8202,792,497,3.1,0.38,22,Poor
8203,1016,840,3.2,0.42,31,Poor
8204,357,282,2.6,0.05,92,Poor
8205,2188,1228,3.7,0.1,44,Average
8206,3514,1098,2.6,0.42,27,Poor
8207,4947,2583,4.3,0.36,51,Poor
8208,159,62,3.4,0.4,10,Poor
8209,3682,3643,3.0,0.49,18,Poor
8210,4485,1273,3.9,0.43,63,Poor
8211,1965,1420,4.9,0.26,64,Poor
8212,4313,3377,4.2,0.16,72,Average
8213,606,157,3.7,0.28,56,Poor
8214,154,122,4.4,0.32,65,Poor
8215,2097,439,4.3,0.17,3,Average
8216,195,128,4.7,0.39,28,Poor
8217,2813,295,3.0,0.05,3,Poor
8218,923,580,4.6,0.39,0,Poor
8219,348,115,3.3,0.02,91,Poor
8220,3288,2638,4.9,0.25,17,Poor
8221,695,109,3.2,0.43,12,Poor
8222,4783,2349,4.8,0.04,69,Average
8223,3128,1214,4.9,0.26,48,Poor
8224,2561,830,2.9,0.08,46,Poor
8225,833,374,4.9,0.45,85,Poor
8226,420,223,2.7,0.42,29,Poor
8227,536,308,3.0,0.47,26,Poor
8228,2087,769,3.6,0.44,71,Poor
8229,3246,1216,5.0,0.37,27,Poor
8230,1410,320,3.7,0.09,1,Average
8231,4337,4002,3.9,0.15,19,Average
8232,4875,4644,4.2,0.25,74,Poor
8233,2311,2207,4.9,0.29,77,Poor
8234,2671,297,4.5,0.39,23,Poor
8235,1006,682,3.1,0.11,76,Poor
8236,430,365,3.3,0.06,71,Poor
8237,3699,3231,2.7,0.24,43,Poor
8238,4943,2181,4.1,0.08,20,Average
8239,288,87,3.0,0.35,21,Poor
8240,1155,710,3.1,0.29,72,Poor
8241,1436,656,4.7,0.37,57,Poor
8242,2602,1868,3.3,0.03,10,Poor
8243,2299,2065,3.9,0.48,79,Poor
8244,1577,842,3.5,0.0,52,Poor
8245,1717,894,2.7,0.16,8,Poor
8246,4182,3836,3.4,0.34,66,Poor
8247,2741,959,3.5,0.02,99,Poor
8248,3722,1702,4.7,0.04,51,Average
8249,2046,961,3.3,0.04,12,Poor
8250,1475,1154,3.4,0.29,0,Poor
8251,2862,1918,4.5,0.45,43,Poor
8252,3297,2425,4.4,0.28,74,Poor
8253,2642,2070,4.5,0.3,23,Poor
8254,1540,423,4.9,0.17,4,Average
8255,1274,44,4.5,0.01,65,Average
8256,2637,1886,3.5,0.01,80,Poor
8257,3114,2576,4.6,0.44,80,Poor
8258,882,715,3.8,0.05,19,Average
8259,4742,80,3.2,0.5,63,Poor
8260,2490,142,3.3,0.08,14,Poor
8261,4845,2122,3.1,0.34,67,Poor
8262,1696,1206,2.9,0.47,53,Poor
8263,490,481,3.0,0.18,10,Poor
8264,1579,1082,2.7,0.37,22,Poor
8265,3015,1126,4.7,0.18,0,Average
8266,2417,1750,4.8,0.15,41,Average
8267,3336,565,4.0,0.1,46,Average
8268,4713,4109,4.6,0.41,67,Poor
8269,4381,2492,3.0,0.13,37,Poor
8270,1354,937,4.8,0.14,1,Average
8271,3084,2297,3.8,0.5,44,Poor
8272,3738,3374,2.7,0.16,26,Poor
8273,4023,2984,2.9,0.21,97,Poor
8274,1235,174,3.3,0.5,76,Poor
8275,3312,2232,2.6,0.18,60,Poor
8276,2157,1282,3.3,0.18,81,Poor
8277,1890,668,2.6,0.41,10,Poor
8278,4370,1382,3.1,0.16,68,Poor
8279,2797,957,3.2,0.12,28,Poor
8280,4727,531,5.0,0.21,24,Poor
8281,4314,206,3.1,0.35,77,Poor
8282,3183,3131,3.1,0.02,53,Poor
8283,3470,1865,4.2,0.19,47,Average
8284,1515,410,4.6,0.17,45,Average
8285,4159,674,3.5,0.12,40,Poor
8286,2261,1759,4.7,0.33,40,Poor
8287,2854,195,3.4,0.14,60,Poor
8288,1593,793,3.0,0.3,10,Poor
8289,1739,783,3.3,0.25,43,Poor
8290,1621,1372,4.0,0.11,31,Average
8291,4591,3287,3.4,0.13,48,Poor
8292,3329,2893,4.2,0.09,5,Good
8293,3591,2656,3.1,0.03,56,Poor
8294,4861,1105,4.3,0.31,5,Poor
8295,3073,1370,3.4,0.34,46,Poor
8296,868,300,3.6,0.08,62,Average
8297,4571,1983,3.9,0.31,48,Poor
8298,1174,246,4.2,0.49,21,Poor
8299,4995,2706,3.1,0.04,66,Poor
8300,1179,1101,4.6,0.25,18,Poor
8301,1752,940,4.3,0.37,54,Poor
8302,2051,496,3.1,0.02,33,Poor
8303,3928,3467,4.9,0.39,40,Poor
8304,4422,735,4.2,0.49,6,Poor
8305,1856,262,3.6,0.04,56,Average
8306,2997,2434,2.9,0.41,15,Poor
8307,3259,955,3.8,0.19,58,Average
8308,2202,1543,2.9,0.07,37,Poor
8309,4691,857,3.6,0.25,8,Poor
8310,4255,3343,3.5,0.04,76,Poor
8311,594,341,4.3,0.26,33,Poor
8312,2451,2443,3.0,0.01,45,Poor
8313,4888,2048,4.6,0.36,36,Poor
8314,2414,1452,3.3,0.24,42,Poor
8315,1339,730,3.6,0.23,46,Poor
8316,3815,3579,4.4,0.1,5,Average
8317,1925,362,4.1,0.18,37,Average
8318,4478,259,3.3,0.09,60,Poor
8319,4737,158,3.5,0.37,3,Poor
8320,832,141,3.3,0.1,4,Poor
8321,589,439,4.0,0.31,69,Poor
8322,2832,1604,3.3,0.14,59,Poor
8323,2718,323,4.3,0.33,76,Poor
8324,4764,2182,3.9,0.27,87,Poor
8325,3987,2410,2.9,0.21,91,Poor
8326,3006,1294,3.3,0.34,76,Poor
8327,3772,2046,3.1,0.21,55,Poor
8328,3917,26,3.5,0.41,81,Poor
8329,1883,750,3.8,0.36,58,Poor
8330,2196,1188,3.8,0.27,6,Poor
8331,2220,435,4.4,0.44,67,Poor
8332,3441,2733,3.0,0.41,30,Poor
8333,1666,1164,4.9,0.27,87,Poor
8334,4667,169,3.4,0.03,85,Poor
8335,966,416,3.3,0.28,84,Poor
8336,4862,858,4.2,0.18,47,Average
8337,2806,2068,4.5,0.27,41,Poor
8338,1986,1716,3.4,0.32,89,Poor
8339,4092,263,4.4,0.32,29,Poor
8340,3141,1930,4.7,0.34,50,Poor
8341,4705,1441,4.4,0.34,34,Poor
8342,1018,270,2.6,0.05,61,Poor
8343,3414,898,4.6,0.1,50,Average
8344,3253,2827,4.4,0.32,86,Poor
8345,939,316,4.2,0.2,49,Poor
8346,842,519,4.4,0.38,29,Poor
8347,3508,1158,4.9,0.06,18,Good
8348,1031,826,3.6,0.1,95,Average
8349,3581,2068,2.7,0.28,49,Poor
8350,3579,572,3.7,0.25,53,Poor
8351,851,704,2.6,0.13,82,Poor
8352,92,32,3.2,0.2,85,Poor
8353,3399,602,4.0,0.02,3,Average
8354,1827,156,3.3,0.02,11,Poor
8355,3251,1023,4.2,0.05,14,Good
8356,399,118,4.6,0.29,14,Poor
8357,1617,969,3.6,0.43,9,Poor
8358,1179,706,4.8,0.13,60,Average
8359,3009,2234,2.7,0.02,18,Poor
8360,3837,3434,4.6,0.35,52,Poor
8361,1830,1453,4.6,0.43,71,Poor
8362,633,84,3.3,0.07,56,Poor
8363,4577,2500,3.2,0.19,94,Poor
8364,3427,3141,3.3,0.08,8,Poor
8365,3451,1357,4.5,0.05,28,Average
8366,3235,134,4.6,0.32,6,Poor
8367,2244,588,3.3,0.48,71,Poor
8368,1212,661,4.0,0.34,16,Poor
8369,348,288,2.8,0.49,78,Poor
8370,3397,3008,3.7,0.22,15,Poor
8371,1989,1123,5.0,0.45,70,Poor
8372,838,475,2.9,0.1,82,Poor
8373,4995,3035,4.9,0.06,37,Average
8374,2939,841,4.6,0.35,88,Poor
8375,1427,221,4.9,0.19,75,Average
8376,1999,1546,2.9,0.16,95,Poor
8377,3322,2716,3.0,0.34,46,Poor
8378,927,504,2.5,0.17,9,Poor
8379,3792,1628,4.3,0.29,23,Poor
8380,1627,579,4.1,0.15,49,Average
8381,3189,1061,2.9,0.39,67,Poor
8382,2542,1489,4.5,0.16,42,Average
8383,2805,359,3.2,0.27,36,Poor
8384,1953,1574,2.8,0.01,44,Poor
8385,1432,631,3.6,0.4,53,Poor
8386,4290,2183,2.7,0.31,42,Poor
8387,2372,1901,3.2,0.1,67,Poor
8388,2606,93,3.4,0.11,99,Poor
8389,1911,1835,4.6,0.13,36,Average
8390,1916,1312,4.5,0.29,88,Poor
8391,4097,3728,3.6,0.27,40,Poor
8392,3225,2183,4.3,0.14,93,Average
8393,1148,145,3.9,0.35,0,Poor
8394,1784,676,3.4,0.44,92,Poor
8395,4713,1219,4.3,0.02,15,Good
8396,3466,2016,4.2,0.21,36,Poor
8397,4676,2731,4.0,0.3,36,Poor
8398,730,713,4.0,0.29,6,Poor
8399,2120,1010,4.2,0.01,39,Average
8400,4874,3085,3.5,0.11,50,Poor
8401,1779,878,4.7,0.03,63,Average
8402,2241,1541,2.9,0.28,96,Poor
8403,717,104,4.7,0.32,21,Poor
8404,1662,1426,3.4,0.08,42,Poor
8405,730,652,2.8,0.17,61,Poor
8406,1022,660,4.0,0.16,53,Average
8407,2896,1506,3.4,0.41,26,Poor
8408,2182,714,4.5,0.1,28,Average
8409,2513,948,3.6,0.27,15,Poor
8410,2579,135,4.2,0.39,84,Poor
8411,2553,1051,3.3,0.41,10,Poor
8412,4972,1261,3.0,0.33,20,Poor
8413,4442,1762,3.5,0.15,8,Poor
8414,3233,1633,4.0,0.41,26,Poor
8415,4083,1923,4.1,0.37,85,Poor
8416,3217,2471,3.9,0.35,78,Poor
8417,3047,323,5.0,0.03,22,Average
8418,3277,1510,4.2,0.02,50,Average
8419,2202,1995,4.8,0.35,92,Poor
8420,1778,759,2.8,0.47,79,Poor
8421,2074,107,2.7,0.39,2,Poor
8422,379,29,3.3,0.42,15,Poor
8423,2536,327,2.8,0.27,7,Poor
8424,1205,453,3.8,0.15,89,Average
8425,1940,821,3.8,0.34,41,Poor
8426,4527,183,3.9,0.36,72,Poor
8427,2235,1015,4.4,0.34,34,Poor
8428,4988,1897,4.9,0.47,70,Poor
8429,2367,1843,4.7,0.18,71,Average
8430,3671,830,2.8,0.02,98,Poor
8431,4541,2315,3.3,0.45,47,Poor
8432,2561,1368,3.1,0.08,53,Poor
8433,499,325,2.9,0.35,35,Poor
8434,1404,223,3.9,0.44,5,Poor
8435,1343,872,3.9,0.16,70,Average
8436,2515,1613,3.1,0.42,11,Poor
8437,3152,2514,4.3,0.17,58,Average
8438,1899,732,4.3,0.4,64,Poor
8439,3225,452,2.6,0.03,49,Poor
8440,4331,3837,3.5,0.33,42,Poor
8441,3249,841,4.7,0.34,42,Poor
8442,1283,1090,3.8,0.25,48,Poor
8443,1487,524,3.4,0.34,88,Poor
8444,3402,134,3.1,0.46,75,Poor
8445,4080,1459,3.1,0.37,54,Poor
8446,302,274,2.7,0.48,90,Poor
8447,68,54,4.5,0.22,86,Poor
8448,2809,242,2.7,0.26,82,Poor
8449,272,143,3.2,0.13,84,Poor
8450,52,51,2.6,0.49,49,Poor
8451,1309,977,4.5,0.03,20,Average
8452,4999,115,2.6,0.18,87,Poor
8453,4373,2174,3.3,0.15,12,Poor
8454,4644,651,3.9,0.19,41,Average
8455,2618,1721,3.5,0.46,99,Poor
8456,1935,717,3.2,0.18,14,Poor
8457,1349,51,3.2,0.46,49,Poor
8458,2388,2133,4.5,0.21,0,Poor
8459,1126,798,4.9,0.43,50,Poor
8460,3808,1486,3.4,0.26,33,Poor
8461,3231,935,2.6,0.16,41,Poor
8462,4860,568,2.6,0.22,61,Poor
8463,997,220,4.4,0.21,94,Poor
8464,3788,1913,3.9,0.13,31,Average
8465,2781,2116,4.5,0.14,99,Average
8466,4057,2854,4.2,0.09,60,Average
8467,919,699,4.8,0.17,92,Average
8468,143,26,4.7,0.31,53,Poor
8469,3037,1176,4.5,0.19,73,Average
8470,4705,363,3.7,0.36,57,Poor
8471,1825,1219,3.3,0.49,84,Poor
8472,2310,2078,3.8,0.19,99,Average
8473,485,220,3.8,0.23,23,Poor
8474,4997,964,4.0,0.08,26,Average
8475,4350,3900,3.0,0.2,20,Poor
8476,3194,2070,4.1,0.36,17,Poor
8477,3637,3305,3.6,0.11,54,Average
8478,126,59,4.1,0.09,67,Average
8479,865,326,3.1,0.19,46,Poor
8480,817,563,3.6,0.41,53,Poor
8481,3735,2627,3.0,0.31,17,Poor
8482,155,90,4.7,0.48,72,Poor
8483,3966,1807,3.7,0.45,63,Poor
8484,2923,2266,3.1,0.08,48,Poor
8485,3396,1959,2.6,0.02,93,Poor
8486,3198,2176,4.2,0.2,34,Poor
8487,3198,2175,3.0,0.26,93,Poor
8488,1515,1451,5.0,0.26,38,Poor
8489,2637,2619,3.8,0.07,57,Average
8490,294,71,3.2,0.06,56,Poor
8491,2675,2179,4.1,0.02,5,Good
8492,3899,314,3.2,0.43,77,Poor
8493,1455,1232,4.6,0.47,92,Poor
8494,1031,863,3.3,0.06,95,Poor
8495,3858,3812,5.0,0.11,77,Average
8496,191,84,4.0,0.04,19,Average
8497,942,593,4.6,0.44,49,Poor
8498,2449,484,2.7,0.48,8,Poor
8499,4690,1374,3.4,0.13,75,Poor
8500,3010,1544,4.3,0.15,13,Average
8501,2249,229,4.1,0.18,22,Average
8502,1519,108,3.0,0.25,47,Poor
8503,2750,2095,3.4,0.34,97,Poor
8504,3055,257,3.2,0.25,79,Poor
8505,4908,355,4.0,0.48,81,Poor
8506,3424,2130,3.4,0.05,55,Poor
8507,4769,3858,3.3,0.4,39,Poor
8508,705,572,3.0,0.17,96,Poor
8509,2818,519,3.5,0.19,68,Poor
8510,92,48,3.0,0.35,38,Poor
8511,2361,810,4.9,0.46,73,Poor
8512,1710,1512,2.9,0.36,85,Poor
8513,4741,3142,4.8,0.39,42,Poor
8514,2274,1155,3.6,0.38,96,Poor
8515,2160,248,3.4,0.16,30,Poor
8516,1007,169,3.1,0.38,69,Poor
8517,610,157,4.1,0.39,99,Poor
8518,1380,1178,4.2,0.27,2,Poor
8519,1362,546,3.7,0.27,3,Poor
8520,1871,352,2.6,0.38,26,Poor
8521,3052,193,4.8,0.41,88,Poor
8522,3453,3304,5.0,0.17,26,Average
8523,4995,2128,3.6,0.4,99,Poor
8524,2701,1104,4.0,0.41,46,Poor
8525,1864,838,3.6,0.12,59,Average
8526,1791,1721,3.3,0.36,35,Poor
8527,4751,2283,2.7,0.09,45,Poor
8528,3858,1632,3.6,0.05,60,Average
8529,2927,643,4.5,0.29,41,Poor
8530,3320,597,2.5,0.45,6,Poor
8531,4133,442,4.0,0.02,29,Average
8532,795,735,4.7,0.41,49,Poor
8533,607,442,3.0,0.25,46,Poor
8534,3351,1414,3.0,0.43,92,Poor
8535,991,225,4.4,0.42,39,Poor
8536,4073,3377,3.1,0.44,4,Poor
8537,2346,773,3.0,0.38,69,Poor
8538,989,766,3.4,0.42,57,Poor
8539,1660,707,3.5,0.09,43,Poor
8540,1775,742,4.7,0.15,70,Average
8541,1034,562,4.0,0.12,31,Average
8542,1637,766,3.5,0.37,78,Poor
8543,4071,261,3.8,0.08,76,Average
8544,1386,684,4.9,0.09,81,Average
8545,3187,727,2.8,0.44,73,Poor
8546,711,517,3.0,0.35,39,Poor
8547,82,70,4.9,0.44,56,Poor
8548,3464,800,4.9,0.07,10,Good
8549,1206,503,2.9,0.2,39,Poor
8550,3176,2451,2.9,0.14,46,Poor
8551,110,61,3.6,0.0,1,Average
8552,3978,1040,2.6,0.14,90,Poor
8553,1593,969,4.1,0.19,51,Average
8554,321,251,2.7,0.05,71,Poor
8555,4126,715,2.6,0.28,48,Poor
8556,3438,2426,3.7,0.19,58,Average
8557,2802,51,4.9,0.02,37,Average
8558,2759,196,3.6,0.35,15,Poor
8559,1204,936,3.4,0.36,87,Poor
8560,4455,2132,5.0,0.42,86,Poor
8561,3903,3801,3.8,0.24,77,Poor
8562,1795,46,3.4,0.48,26,Poor
8563,3482,1522,3.5,0.46,73,Poor
8564,387,287,3.0,0.28,27,Poor
8565,59,40,3.8,0.22,88,Poor
8566,4194,85,3.6,0.0,65,Average
8567,780,152,3.2,0.36,44,Poor
8568,4940,1948,2.9,0.28,32,Poor
8569,1698,935,3.3,0.47,59,Poor
8570,4278,604,3.8,0.3,49,Poor
8571,3704,2394,2.6,0.5,45,Poor
8572,2180,1168,2.9,0.43,34,Poor
8573,4521,1768,4.9,0.48,40,Poor
8574,2446,2200,3.9,0.16,57,Average
8575,4416,2224,2.7,0.07,76,Poor
8576,1556,894,4.2,0.4,54,Poor
8577,2208,993,2.7,0.39,4,Poor
8578,2966,2662,4.3,0.11,4,Average
8579,4221,1462,4.4,0.38,21,Poor
8580,3279,2539,4.1,0.29,33,Poor
8581,3653,253,4.3,0.05,64,Average
8582,1716,591,2.7,0.25,58,Poor
8583,4474,1497,4.3,0.47,16,Poor
8584,4186,790,2.8,0.25,50,Poor
8585,3019,2368,3.3,0.39,48,Poor
8586,2739,325,4.9,0.01,8,Excellent
8587,2376,21,3.8,0.36,73,Poor
8588,2860,290,4.9,0.47,14,Poor
8589,2566,440,2.7,0.25,28,Poor
8590,3521,3234,3.7,0.17,52,Average
8591,62,51,2.7,0.32,24,Poor
8592,3020,1896,4.1,0.46,84,Poor
8593,3671,3027,2.7,0.09,80,Poor
8594,3733,3061,2.9,0.2,90,Poor
8595,3523,1029,3.1,0.08,27,Poor
8596,3172,2946,4.4,0.25,22,Poor
8597,3514,2759,2.9,0.27,99,Poor
8598,702,554,4.6,0.47,2,Poor
8599,670,56,2.8,0.21,32,Poor
8600,3840,126,2.6,0.28,70,Poor
8601,1695,1340,3.5,0.44,68,Poor
8602,2293,1868,4.9,0.16,89,Average
8603,4562,3188,2.8,0.34,16,Poor
8604,4809,4664,2.8,0.38,80,Poor
8605,3541,2619,4.4,0.17,66,Average
8606,3761,1640,3.3,0.08,66,Poor
8607,3738,1857,4.3,0.25,33,Poor
8608,1429,207,3.0,0.18,7,Poor
8609,4293,2819,3.7,0.13,44,Average
8610,2095,1531,3.2,0.49,59,Poor
8611,3098,1397,3.6,0.25,55,Poor
8612,1438,38,4.4,0.43,69,Poor
8613,451,366,4.4,0.1,21,Average
8614,2703,1436,3.8,0.47,32,Poor
8615,4374,3052,4.8,0.4,49,Poor
8616,3973,429,3.2,0.4,70,Poor
8617,317,177,3.1,0.19,82,Poor
8618,4271,2551,4.0,0.24,45,Poor
8619,1775,1347,4.1,0.3,51,Poor
8620,1162,643,2.6,0.39,73,Poor
8621,2725,675,4.0,0.42,86,Poor
8622,4834,4058,3.4,0.04,65,Poor
8623,1330,37,4.4,0.45,20,Poor
8624,1282,203,4.5,0.47,23,Poor
8625,4426,2472,3.9,0.3,47,Poor
8626,4588,2866,2.5,0.09,12,Poor
8627,1913,1174,4.1,0.41,63,Poor
8628,4982,1836,4.4,0.27,4,Poor
8629,4534,1800,3.1,0.41,17,Poor
8630,666,27,3.7,0.41,74,Poor
8631,196,81,4.9,0.04,36,Average
8632,4666,3482,3.2,0.3,53,Poor
8633,4775,3610,3.1,0.24,31,Poor
8634,3727,1179,3.0,0.47,27,Poor
8635,338,38,3.9,0.15,85,Average
8636,1459,932,4.9,0.1,44,Average
8637,63,30,4.0,0.45,27,Poor
8638,306,196,3.3,0.07,64,Poor
8639,1771,1054,4.1,0.34,69,Poor
8640,1473,572,4.1,0.15,74,Average
8641,3040,2513,4.0,0.28,41,Poor
8642,1245,1157,2.9,0.31,32,Poor
8643,4609,1735,4.1,0.21,15,Poor
8644,4415,2263,3.6,0.49,12,Poor
8645,1294,879,2.5,0.07,20,Poor
8646,3273,1780,3.8,0.2,58,Poor
8647,3520,1366,5.0,0.22,46,Poor
8648,4217,4027,3.4,0.32,38,Poor
8649,4019,1816,4.9,0.2,87,Poor
8650,1356,647,2.7,0.05,42,Poor
8651,2171,1705,4.3,0.47,26,Poor
8652,2452,1822,2.8,0.21,36,Poor
8653,546,63,3.2,0.17,2,Poor
8654,3449,508,3.9,0.22,75,Poor
8655,3656,200,4.0,0.11,6,Average
8656,959,96,4.4,0.05,57,Average
8657,422,393,4.0,0.07,19,Average
8658,4507,976,4.0,0.08,78,Average
8659,1394,86,4.8,0.1,64,Average
8660,373,32,3.6,0.21,73,Poor
8661,2481,1135,3.1,0.31,13,Poor
8662,4720,1801,2.9,0.31,78,Poor
8663,4881,2846,3.5,0.0,97,Poor
8664,2834,670,4.3,0.46,48,Poor
8665,2443,1896,2.6,0.41,88,Poor
8666,3970,1287,2.8,0.48,94,Poor
8667,1265,360,2.8,0.18,73,Poor
8668,1745,922,4.0,0.33,36,Poor
8669,1957,1828,3.1,0.08,5,Poor
8670,4864,3395,2.9,0.41,5,Poor
8671,830,417,4.0,0.08,27,Average
8672,1069,722,4.4,0.16,77,Average
8673,3315,2164,3.3,0.25,12,Poor
8674,1453,1374,3.9,0.3,12,Poor
8675,1476,1248,2.7,0.28,9,Poor
8676,713,468,4.8,0.05,79,Average
8677,2697,1461,3.3,0.21,38,Poor
8678,60,28,5.0,0.46,98,Poor
8679,1088,96,4.9,0.44,78,Poor
8680,2875,915,4.4,0.3,22,Poor
8681,3053,568,2.6,0.29,36,Poor
8682,4730,817,3.9,0.06,7,Average
8683,1125,834,2.7,0.1,89,Poor
8684,3138,3089,4.7,0.13,59,Average
8685,1839,154,4.5,0.24,85,Poor
8686,3086,2721,4.9,0.37,4,Poor
8687,4888,3346,4.0,0.23,97,Poor
8688,3703,665,3.8,0.06,26,Average
8689,3225,1845,3.8,0.22,18,Poor
8690,4349,739,3.5,0.08,42,Poor
8691,1126,632,3.7,0.38,42,Poor
8692,1023,503,4.1,0.08,34,Average
8693,1915,1089,4.8,0.24,83,Poor
8694,3175,1486,4.0,0.35,54,Poor
8695,1349,667,4.6,0.11,60,Average
8696,3456,811,4.7,0.04,46,Average
8697,1208,598,3.8,0.28,76,Poor
8698,3179,3095,3.4,0.03,55,Poor
8699,154,20,4.1,0.29,81,Poor
8700,3617,3381,3.6,0.38,17,Poor
8701,4398,2176,2.7,0.16,64,Poor
8702,4440,2333,3.4,0.24,95,Poor
8703,1231,1181,5.0,0.46,52,Poor
8704,4694,3525,2.6,0.24,88,Poor
8705,3188,63,4.2,0.5,84,Poor
8706,4444,652,4.6,0.08,90,Average
8707,3584,2219,4.1,0.35,10,Poor
8708,4246,3083,3.9,0.33,0,Poor
8709,3177,1277,4.3,0.44,82,Poor
8710,1824,882,3.6,0.05,95,Average
8711,3864,642,2.7,0.14,7,Poor
8712,141,77,4.9,0.07,18,Good
8713,496,380,3.6,0.47,54,Poor
8714,158,83,4.2,0.21,15,Poor
8715,4462,229,3.8,0.46,98,Poor
8716,3289,950,2.6,0.15,65,Poor
8717,4103,1626,4.9,0.06,11,Good
8718,4587,3963,4.5,0.15,92,Average
8719,1295,620,2.9,0.3,73,Poor
8720,2770,793,5.0,0.42,61,Poor
8721,327,207,4.3,0.19,85,Average
8722,3106,2519,3.7,0.46,97,Poor
8723,4714,2543,4.0,0.12,57,Average
8724,2972,275,2.8,0.35,20,Poor
8725,2563,1193,3.9,0.37,36,Poor
8726,888,146,2.7,0.14,4,Poor
8727,2851,411,3.9,0.01,69,Average
8728,79,51,3.9,0.18,31,Average
8729,1307,1012,4.7,0.02,66,Average
8730,414,293,4.3,0.45,9,Poor
8731,1850,864,3.1,0.48,68,Poor
8732,954,929,4.7,0.37,87,Poor
8733,4843,158,3.9,0.36,83,Poor
8734,2228,122,4.0,0.12,61,Average
8735,2900,1285,2.9,0.04,36,Poor
8736,2886,1160,4.6,0.4,94,Poor
8737,4496,503,4.8,0.28,46,Poor
8738,229,36,4.4,0.34,80,Poor
8739,3923,3782,4.9,0.39,48,Poor
8740,4010,243,3.3,0.2,23,Poor
8741,1236,1177,4.7,0.07,81,Average
8742,4009,2181,3.7,0.4,25,Poor
8743,823,460,2.9,0.23,54,Poor
8744,4655,663,4.2,0.41,6,Poor
8745,4510,3456,4.2,0.22,77,Poor
8746,402,251,3.2,0.11,40,Poor
8747,4557,630,2.6,0.09,1,Poor
8748,4880,4322,3.0,0.37,29,Poor
8749,3078,1563,3.5,0.29,80,Poor
8750,167,133,2.9,0.2,19,Poor
8751,531,462,3.0,0.25,55,Poor
8752,4337,936,3.5,0.27,73,Poor
8753,2687,2388,4.9,0.12,23,Average
8754,156,112,4.4,0.19,11,Average
8755,4527,1201,3.3,0.15,90,Poor
8756,4928,2166,4.9,0.19,14,Average
8757,293,244,4.1,0.25,72,Poor
8758,2682,871,3.6,0.09,81,Average
8759,4613,4556,3.7,0.2,47,Poor
8760,915,739,3.5,0.19,60,Poor
8761,3031,604,3.1,0.14,70,Poor
8762,1611,1444,3.5,0.5,27,Poor
8763,653,590,3.8,0.04,99,Average
8764,3112,83,3.8,0.32,2,Poor
8765,4068,787,4.4,0.09,15,Good
8766,2065,579,3.4,0.42,35,Poor
8767,1708,1322,4.3,0.46,3,Poor
8768,3430,1753,3.9,0.2,98,Poor
8769,3817,689,4.9,0.41,8,Poor
8770,3820,1562,3.5,0.12,11,Poor
8771,1663,1291,4.8,0.07,73,Average
8772,1929,387,4.6,0.16,43,Average
8773,4158,2811,4.1,0.17,65,Average
8774,2396,637,4.1,0.2,18,Poor
8775,1149,1025,2.7,0.19,12,Poor
8776,1124,1103,4.9,0.21,54,Poor
8777,836,519,2.8,0.36,96,Poor
8778,198,71,3.9,0.12,64,Average
8779,1804,1536,3.3,0.01,91,Poor
8780,2219,1183,3.6,0.24,69,Poor
8781,3806,1952,4.0,0.22,2,Poor
8782,1229,483,4.8,0.03,24,Average
8783,3359,2769,3.6,0.07,51,Average
8784,2473,1680,5.0,0.25,15,Poor
8785,4227,1968,4.0,0.12,42,Average
8786,4637,79,2.9,0.44,55,Poor
8787,974,944,3.0,0.09,67,Poor
8788,1653,1074,4.3,0.01,7,Good
8789,3102,352,2.6,0.22,79,Poor
8790,4268,4191,3.7,0.49,43,Poor
8791,4853,209,2.9,0.32,37,Poor
8792,2427,1932,3.6,0.18,22,Average
8793,3530,3406,4.4,0.01,5,Good
8794,3232,315,3.6,0.24,42,Poor
8795,2867,2568,2.9,0.1,43,Poor
8796,3210,196,3.1,0.32,79,Poor
8797,4855,819,3.4,0.29,79,Poor
8798,4939,825,2.7,0.13,22,Poor
8799,761,738,4.0,0.03,15,Average
8800,2636,234,4.0,0.38,99,Poor
8801,2698,1899,2.7,0.29,75,Poor
8802,1767,672,3.5,0.42,8,Poor
8803,4402,616,3.5,0.13,81,Poor
8804,920,713,3.3,0.33,8,Poor
8805,3624,1375,3.9,0.06,84,Average
8806,4954,4243,3.4,0.15,57,Poor
8807,320,288,3.5,0.33,64,Poor
8808,1593,570,4.5,0.41,58,Poor
8809,599,554,2.9,0.16,22,Poor
8810,4713,3457,4.0,0.4,68,Poor
8811,4064,638,3.8,0.34,18,Poor
8812,4504,161,3.3,0.17,34,Poor
8813,1762,1188,4.3,0.44,96,Poor
8814,3290,2859,3.9,0.25,54,Poor
8815,1412,264,3.7,0.32,81,Poor
8816,4943,3533,4.2,0.25,39,Poor
8817,1334,722,4.5,0.23,13,Poor
8818,936,309,4.9,0.42,83,Poor
8819,2308,1734,4.1,0.15,12,Average
8820,4432,1155,4.7,0.02,52,Average
8821,1835,233,2.5,0.44,79,Poor
8822,4888,3741,3.8,0.41,94,Poor
8823,3593,1929,3.0,0.18,38,Poor
8824,345,219,2.7,0.09,98,Poor
8825,2103,440,3.8,0.34,83,Poor
8826,2647,26,4.4,0.04,64,Average
8827,730,544,3.5,0.21,55,Poor
8828,4940,2659,4.2,0.04,39,Average
8829,4348,2851,3.7,0.3,45,Poor
8830,374,220,3.6,0.01,76,Average
8831,2341,447,3.2,0.31,6,Poor
8832,4472,3072,3.5,0.34,44,Poor
8833,1036,312,3.4,0.24,21,Poor
8834,3168,353,4.1,0.09,6,Good
8835,810,291,2.8,0.05,83,Poor
8836,3743,3134,2.7,0.16,51,Poor
8837,1086,338,4.2,0.23,99,Poor
8838,956,511,3.9,0.32,67,Poor
8839,414,34,3.6,0.0,69,Average
8840,3463,2827,2.9,0.36,66,Poor
8841,1119,340,3.5,0.36,2,Poor
8842,4419,2048,4.5,0.22,57,Poor
8843,2305,1674,4.7,0.17,66,Average
8844,3736,473,4.3,0.42,99,Poor
8845,4269,4061,2.6,0.39,53,Poor
8846,3131,1923,4.2,0.49,8,Poor
8847,3308,948,3.1,0.19,53,Poor
8848,2157,867,3.3,0.45,79,Poor
8849,2983,887,3.0,0.04,50,Poor
8850,2879,793,4.4,0.21,15,Poor
8851,491,102,4.1,0.23,11,Poor
8852,1609,562,4.0,0.22,19,Poor
8853,1791,341,4.2,0.31,52,Poor
8854,675,253,3.1,0.09,30,Poor
8855,3913,559,3.6,0.43,93,Poor
8856,1740,271,4.1,0.28,20,Poor
8857,2831,1808,4.1,0.45,2,Poor
8858,140,84,4.5,0.0,20,Average
8859,3056,509,3.2,0.31,91,Poor
8860,4352,1925,4.4,0.21,27,Poor
8861,1138,483,3.6,0.25,4,Poor
8862,4661,4429,4.2,0.37,70,Poor
8863,1230,1218,3.6,0.11,68,Average
8864,1951,1749,4.9,0.1,72,Average
8865,4540,3271,2.9,0.35,46,Poor
8866,236,183,4.2,0.26,84,Poor
8867,1647,404,3.9,0.12,19,Average
8868,3458,314,2.9,0.24,37,Poor
8869,3797,1258,2.7,0.23,36,Poor
8870,2720,781,4.5,0.35,57,Poor
8871,4875,2836,2.9,0.0,16,Poor
8872,289,94,3.0,0.29,41,Poor
8873,2630,2411,4.9,0.3,91,Poor
8874,4286,1757,4.3,0.37,94,Poor
8875,188,161,3.1,0.44,96,Poor
8876,2556,1242,4.0,0.22,31,Poor
8877,4215,3262,3.8,0.17,61,Average
8878,4530,3919,4.6,0.05,95,Average
8879,4775,4343,4.3,0.17,86,Average
8880,2295,430,4.6,0.03,20,Average
8881,4350,3019,3.0,0.4,88,Poor
8882,1799,917,4.1,0.4,32,Poor
8883,617,81,2.6,0.21,66,Poor
8884,4950,2006,2.7,0.13,5,Poor
8885,931,898,4.3,0.06,91,Average
8886,689,152,2.6,0.43,65,Poor
8887,4011,1627,3.9,0.44,31,Poor
8888,4470,2423,4.6,0.13,63,Average
8889,4587,90,3.4,0.31,25,Poor
8890,4949,2330,2.6,0.13,61,Poor
8891,2385,325,4.3,0.11,4,Average
8892,4371,3315,4.8,0.01,10,Good
8893,3035,781,4.3,0.29,73,Poor
8894,609,607,3.9,0.07,78,Average
8895,763,93,3.1,0.01,81,Poor
8896,4643,3602,2.5,0.05,48,Poor
8897,4038,2209,4.2,0.16,77,Average
8898,306,92,3.1,0.33,91,Poor
8899,626,121,4.6,0.1,93,Average
8900,87,84,3.7,0.44,61,Poor
8901,2122,212,3.8,0.14,59,Average
8902,4555,1105,4.4,0.17,76,Average
8903,510,39,4.4,0.11,83,Average
8904,1490,1284,4.1,0.13,1,Average
8905,4528,2477,4.8,0.04,88,Average
8906,1882,319,5.0,0.15,58,Average
8907,4714,3286,4.9,0.43,75,Poor
8908,3449,473,4.6,0.34,24,Poor
8909,482,81,4.3,0.44,67,Poor
8910,4201,638,4.2,0.05,41,Average
8911,1801,656,2.8,0.23,75,Poor
8912,2097,798,3.2,0.11,70,Poor
8913,2890,1499,2.5,0.36,54,Poor
8914,306,221,2.8,0.49,37,Poor
8915,721,693,3.6,0.41,95,Poor
8916,539,321,2.9,0.02,42,Poor
8917,3764,2064,4.8,0.16,69,Average
8918,2146,1667,4.5,0.01,52,Average
8919,1732,356,2.7,0.02,90,Poor
8920,4461,2014,3.1,0.04,98,Poor
8921,2510,2027,4.5,0.14,20,Average
8922,4579,2840,4.5,0.15,19,Average
8923,3962,3282,4.9,0.2,18,Poor
8924,2025,1584,5.0,0.2,32,Poor
8925,3266,1091,4.9,0.39,62,Poor
8926,1439,1293,3.5,0.07,67,Poor
8927,4565,1269,3.1,0.08,59,Poor
8928,3906,1315,4.4,0.31,18,Poor
8929,1634,684,3.2,0.29,27,Poor
8930,4989,3576,4.5,0.08,21,Average
8931,3013,347,3.8,0.43,50,Poor
8932,4579,816,4.5,0.16,87,Average
8933,1026,199,3.2,0.18,62,Poor
8934,3414,2881,3.8,0.21,61,Poor
8935,95,44,3.9,0.16,93,Average
8936,1243,765,4.9,0.28,28,Poor
8937,3392,3114,3.2,0.19,73,Poor
8938,4562,2997,4.8,0.13,31,Average
8939,4993,982,4.5,0.45,72,Poor
8940,296,113,4.3,0.15,24,Average
8941,3269,1413,4.5,0.35,15,Poor
8942,4375,1288,4.0,0.17,14,Average
8943,841,821,3.1,0.22,58,Poor
8944,686,179,3.0,0.12,47,Poor
8945,3825,392,4.7,0.38,17,Poor
8946,2471,304,4.3,0.37,22,Poor
8947,4883,2588,3.0,0.01,54,Poor
8948,1138,716,4.0,0.03,41,Average
8949,4233,3713,3.6,0.46,2,Poor
8950,3209,1624,2.9,0.44,70,Poor
8951,762,155,3.8,0.25,51,Poor
8952,4746,115,3.2,0.25,10,Poor
8953,3694,3210,2.7,0.41,54,Poor
8954,3940,3465,3.7,0.07,87,Average
8955,2636,293,4.0,0.33,98,Poor
8956,4359,3961,2.6,0.24,24,Poor
8957,2158,1220,3.5,0.37,91,Poor
8958,4843,3964,3.1,0.02,75,Poor
8959,3664,1792,2.6,0.3,86,Poor
8960,1292,803,2.8,0.28,80,Poor
8961,2109,1320,2.8,0.42,40,Poor
8962,3536,3229,3.0,0.34,36,Poor
8963,4382,151,4.5,0.44,81,Poor
8964,3860,3135,3.6,0.44,54,Poor
8965,3950,3214,2.9,0.2,8,Poor
8966,2655,1410,2.8,0.07,98,Poor
8967,4792,1169,3.2,0.32,35,Poor
8968,3084,1830,4.5,0.44,56,Poor
8969,4618,3667,3.4,0.04,62,Poor
8970,4257,827,2.9,0.28,81,Poor
8971,4101,763,3.5,0.06,19,Poor
8972,3413,70,3.9,0.01,84,Average
8973,4071,3228,2.6,0.34,46,Poor
8974,1895,1201,4.1,0.34,19,Poor
8975,432,75,3.5,0.3,5,Poor
8976,4162,3684,2.5,0.43,72,Poor
8977,4638,763,4.2,0.04,92,Average
8978,3860,2495,4.3,0.05,28,Average
8979,1946,462,4.1,0.43,76,Poor
8980,1559,345,3.4,0.25,99,Poor
8981,4262,2896,3.8,0.14,90,Average
8982,1628,99,3.5,0.37,48,Poor
8983,929,493,4.3,0.45,5,Poor
8984,2212,396,4.0,0.34,38,Poor
8985,1622,938,2.7,0.4,31,Poor
8986,1698,352,4.1,0.14,48,Average
8987,4789,3748,4.2,0.14,42,Average
8988,1409,460,3.4,0.43,27,Poor
8989,4481,145,4.7,0.31,44,Poor
8990,3019,1737,4.6,0.12,64,Average
8991,4010,238,2.9,0.26,49,Poor
8992,3861,967,4.8,0.34,53,Poor
8993,4292,614,3.6,0.11,50,Average
8994,4267,160,4.3,0.33,42,Poor
8995,130,97,4.5,0.02,63,Average
8996,2782,1650,3.8,0.15,94,Average
8997,2759,896,3.5,0.34,29,Poor
8998,2472,1749,4.8,0.07,81,Average
8999,3691,129,3.1,0.11,92,Poor
9000,4649,2680,3.1,0.44,41,Poor
9001,717,673,3.4,0.34,37,Poor
9002,2546,2013,4.6,0.25,86,Poor
9003,3549,3410,4.8,0.11,85,Average
9004,3548,1242,3.1,0.17,65,Poor
9005,1494,815,4.7,0.29,68,Poor
9006,1395,748,3.1,0.08,14,Poor
9007,1239,1089,4.9,0.24,60,Poor
9008,508,47,4.0,0.2,95,Poor
9009,1262,1060,2.5,0.24,5,Poor
9010,4609,334,2.6,0.05,77,Poor
9011,961,455,2.9,0.05,23,Poor
9012,1075,96,3.0,0.48,84,Poor
9013,2461,1660,4.4,0.49,13,Poor
9014,121,43,3.1,0.21,11,Poor
9015,2735,731,4.9,0.39,54,Poor
9016,1243,1078,4.1,0.33,67,Poor
9017,1898,1557,4.2,0.06,43,Average
9018,2434,1887,3.0,0.15,84,Poor
9019,2072,873,4.7,0.16,80,Average
9020,3791,3552,4.2,0.3,92,Poor
9021,4798,1181,4.7,0.29,50,Poor
9022,1348,728,4.9,0.46,79,Poor
9023,4152,1932,2.8,0.4,81,Poor
9024,954,590,2.7,0.43,37,Poor
9025,3076,284,4.5,0.45,40,Poor
9026,2078,352,4.7,0.4,43,Poor
9027,4761,1322,4.0,0.17,74,Average
9028,2670,1585,3.4,0.11,95,Poor
9029,2696,1214,4.1,0.29,91,Poor
9030,4915,1546,3.3,0.34,15,Poor
9031,2339,318,3.1,0.19,97,Poor
9032,3922,2268,3.7,0.42,49,Poor
9033,1535,1178,3.0,0.48,93,Poor
9034,3201,291,3.7,0.28,37,Poor
9035,1490,554,4.9,0.23,85,Poor
9036,815,461,4.6,0.42,4,Poor
9037,4529,2098,4.9,0.01,8,Excellent
9038,2488,1164,4.5,0.06,76,Average
9039,4142,88,3.4,0.42,38,Poor
9040,4833,3737,4.5,0.37,86,Poor
9041,1199,902,4.8,0.21,26,Poor
9042,3615,3028,4.9,0.44,31,Poor
9043,4192,846,4.2,0.18,63,Average
9044,2022,1539,3.0,0.32,94,Poor
9045,2716,1189,2.6,0.32,32,Poor
9046,513,491,2.9,0.09,89,Poor
9047,4268,3997,4.9,0.14,17,Average
9048,2231,2035,3.7,0.46,75,Poor
9049,1692,1472,4.6,0.09,66,Average
9050,3938,2153,3.7,0.09,4,Average
9051,890,35,4.2,0.24,77,Poor
9052,2704,647,2.6,0.05,58,Poor
9053,4168,3486,3.1,0.45,75,Poor
9054,615,181,3.6,0.05,3,Average
9055,1014,719,4.1,0.31,15,Poor
9056,2332,1696,2.9,0.17,74,Poor
9057,1045,186,4.4,0.4,99,Poor
9058,1237,319,3.4,0.29,47,Poor
9059,4971,3515,4.5,0.19,65,Average
9060,4361,3875,2.7,0.49,76,Poor
9061,3304,581,4.2,0.03,7,Good
9062,706,175,3.2,0.29,43,Poor
9063,3032,1367,4.5,0.49,20,Poor
9064,1163,671,3.5,0.35,25,Poor
9065,4456,1571,4.2,0.37,34,Poor
9066,606,580,4.8,0.02,14,Good
9067,3069,1207,2.6,0.01,39,Poor
9068,2354,1709,2.5,0.02,29,Poor
9069,2630,331,4.4,0.5,65,Poor
9070,101,41,4.1,0.49,79,Poor
9071,1411,604,3.2,0.17,12,Poor
9072,1244,600,3.7,0.15,0,Average
9073,4069,996,2.6,0.07,42,Poor
9074,3188,196,3.0,0.16,27,Poor
9075,1698,373,3.6,0.19,0,Average
9076,721,533,4.6,0.37,39,Poor
9077,827,328,3.7,0.43,33,Poor
9078,4977,138,4.0,0.37,12,Poor
9079,2329,1562,4.7,0.32,60,Poor
9080,3072,786,3.3,0.38,65,Poor
9081,1910,1015,4.3,0.37,3,Poor
9082,3189,992,4.7,0.24,88,Poor
9083,1124,935,3.0,0.17,97,Poor
9084,1766,497,3.4,0.14,12,Poor
9085,1333,606,4.9,0.34,35,Poor
9086,4736,370,5.0,0.48,95,Poor
9087,2036,1549,3.1,0.29,60,Poor
9088,2683,2262,2.7,0.46,57,Poor
9089,1051,515,3.2,0.01,84,Poor
9090,1096,534,3.5,0.4,89,Poor
9091,2226,1890,3.6,0.43,14,Poor
9092,2388,292,4.0,0.32,92,Poor
9093,1905,899,4.7,0.47,89,Poor
9094,550,71,3.3,0.29,84,Poor
9095,2283,282,4.6,0.12,11,Average
9096,4624,3459,2.7,0.11,75,Poor
9097,2589,2200,2.6,0.28,68,Poor
9098,4658,3061,3.8,0.45,60,Poor
9099,3764,3316,2.6,0.04,41,Poor
9100,2382,2377,3.5,0.3,89,Poor
9101,650,592,4.7,0.38,31,Poor
9102,4334,3968,3.1,0.06,1,Poor
9103,1038,35,4.3,0.06,7,Good
9104,1931,1784,3.3,0.18,90,Poor
9105,4533,4310,2.6,0.14,53,Poor
9106,1804,1486,3.9,0.1,7,Average
9107,2514,2370,4.6,0.1,87,Average
9108,2273,1091,3.5,0.07,12,Poor
9109,4532,1790,4.0,0.31,28,Poor
9110,1544,1164,4.8,0.34,12,Poor
9111,902,518,4.5,0.35,57,Poor
9112,501,339,3.0,0.27,62,Poor
9113,2374,581,4.3,0.48,86,Poor
9114,1808,1512,3.8,0.44,46,Poor
9115,4358,4156,4.4,0.48,78,Poor
9116,3403,1499,3.7,0.19,87,Average
9117,4186,1225,2.8,0.44,86,Poor
9118,4745,676,3.9,0.38,73,Poor
9119,3388,609,3.7,0.17,37,Average
9120,2638,250,3.8,0.05,68,Average
9121,1832,828,4.7,0.34,68,Poor
9122,3570,1391,4.7,0.07,94,Average
9123,1829,498,3.6,0.15,39,Average
9124,3182,1252,3.6,0.25,0,Poor
9125,3623,2742,3.8,0.34,1,Poor
9126,3268,2345,3.8,0.46,28,Poor
9127,3807,1792,4.9,0.3,6,Poor
9128,4066,3779,4.1,0.34,92,Poor
9129,2887,2120,3.2,0.16,56,Poor
9130,2431,1904,3.8,0.34,54,Poor
9131,4289,767,4.1,0.22,72,Poor
9132,3986,483,4.1,0.43,35,Poor
9133,4478,773,4.0,0.2,6,Poor
9134,1469,602,2.9,0.23,91,Poor
9135,4200,2225,2.6,0.22,9,Poor
9136,1380,38,3.3,0.41,79,Poor
9137,2967,74,3.6,0.48,73,Poor
9138,1496,740,2.7,0.16,38,Poor
9139,1490,1064,4.5,0.24,57,Poor
9140,3794,3373,3.4,0.35,89,Poor
9141,2894,2828,4.8,0.45,97,Poor
9142,4225,3623,2.9,0.25,97,Poor
9143,914,551,2.6,0.05,39,Poor
9144,521,349,3.7,0.18,13,Average
9145,1552,1041,3.0,0.28,81,Poor
9146,4734,1439,4.8,0.21,0,Poor
9147,1460,139,2.5,0.09,16,Poor
9148,3820,2164,3.5,0.02,48,Poor
9149,1955,139,4.8,0.34,85,Poor
9150,4709,1580,3.5,0.5,15,Poor
9151,4051,1196,2.7,0.46,6,Poor
9152,3554,1288,3.3,0.34,14,Poor
9153,3533,1815,3.7,0.42,20,Poor
9154,4612,3607,3.0,0.13,65,Poor
9155,648,412,3.7,0.31,58,Poor
9156,1041,162,4.6,0.03,47,Average
9157,1982,1547,4.7,0.35,88,Poor
9158,2834,1890,2.6,0.48,72,Poor
9159,3091,2287,2.9,0.43,83,Poor
9160,116,90,3.2,0.27,49,Poor
9161,3448,179,4.0,0.39,9,Poor
9162,2800,2678,3.4,0.47,51,Poor
9163,519,199,4.6,0.11,84,Average
9164,1774,658,4.3,0.4,67,Poor
9165,4035,1075,2.8,0.13,29,Poor
9166,1681,796,4.1,0.44,33,Poor
9167,824,353,2.8,0.05,93,Poor
9168,3062,911,3.1,0.09,77,Poor
9169,2553,2036,2.9,0.36,85,Poor
9170,1536,371,2.9,0.09,64,Poor
9171,4069,1382,4.0,0.08,59,Average
9172,4277,945,3.9,0.28,7,Poor
9173,979,419,2.9,0.42,74,Poor
9174,3062,2463,5.0,0.13,64,Average
9175,1555,1245,3.6,0.42,68,Poor
9176,4779,2597,2.7,0.4,56,Poor
9177,2994,2425,2.8,0.29,44,Poor
9178,2869,1439,4.0,0.32,48,Poor
9179,1234,847,4.9,0.02,73,Average
9180,338,79,3.9,0.18,61,Average
9181,1861,496,4.9,0.13,38,Average
9182,577,20,3.6,0.08,76,Average
9183,966,574,3.6,0.19,20,Average
9184,1758,330,3.8,0.18,99,Average
9185,3624,2235,4.2,0.36,52,Poor
9186,3369,2259,3.4,0.3,44,Poor
9187,1456,1077,4.7,0.46,96,Poor
9188,1291,1077,2.6,0.07,27,Poor
9189,3183,727,3.6,0.03,52,Average
9190,848,177,3.8,0.27,8,Poor
9191,1573,1543,4.0,0.0,74,Average
9192,4157,2433,3.2,0.39,92,Poor
9193,4978,4973,3.6,0.25,70,Poor
9194,2938,2394,3.7,0.24,60,Poor
9195,2740,2181,4.2,0.18,26,Average
9196,4141,3559,4.4,0.19,21,Average
9197,1291,1186,4.3,0.22,94,Poor
9198,740,628,3.4,0.01,29,Poor
9199,577,328,5.0,0.04,91,Average
9200,1545,420,4.6,0.25,83,Poor
9201,3875,1363,3.2,0.08,14,Poor
9202,2943,231,3.0,0.39,14,Poor
9203,942,336,3.3,0.14,52,Poor
9204,436,204,3.6,0.05,75,Average
9205,1299,1248,4.6,0.12,80,Average
9206,2578,1407,4.4,0.18,22,Average
9207,4553,265,4.6,0.02,69,Average
9208,3578,258,3.2,0.07,15,Poor
9209,947,824,4.0,0.16,90,Average
9210,760,410,3.2,0.16,86,Poor
9211,3745,539,2.8,0.4,64,Poor
9212,2736,1633,4.2,0.42,44,Poor
9213,4562,3927,2.9,0.1,6,Poor
9214,465,296,4.2,0.06,44,Average
9215,1521,1025,4.1,0.32,38,Poor
9216,4230,625,4.5,0.4,49,Poor
9217,4312,4073,2.8,0.48,48,Poor
9218,2481,1997,4.5,0.0,47,Average
9219,2565,161,5.0,0.21,48,Poor
9220,1145,341,4.6,0.37,39,Poor
9221,859,713,4.4,0.41,38,Poor
9222,3094,480,4.2,0.03,56,Average
9223,1042,726,3.6,0.34,81,Poor
9224,1331,689,4.3,0.14,62,Average
9225,4420,3447,4.3,0.04,99,Average
9226,1823,296,4.1,0.24,55,Poor
9227,3611,1864,4.5,0.08,85,Average
9228,3866,1638,3.6,0.37,1,Poor
9229,1806,419,2.8,0.37,25,Poor
9230,2423,687,3.9,0.42,95,Poor
9231,2626,2583,3.2,0.19,22,Poor
9232,941,518,3.5,0.01,17,Poor
9233,4234,1354,2.5,0.13,82,Poor
9234,757,290,3.5,0.23,87,Poor
9235,2447,1492,4.5,0.35,67,Poor
9236,4532,258,3.9,0.19,59,Average
9237,2184,1063,2.5,0.27,1,Poor
9238,2404,1332,3.7,0.26,93,Poor
9239,4585,1636,3.2,0.08,48,Poor
9240,1026,216,3.7,0.31,37,Poor
9241,784,401,3.5,0.22,30,Poor
9242,2518,1741,4.8,0.4,39,Poor
9243,2590,1760,2.6,0.35,79,Poor
9244,682,511,4.2,0.06,52,Average
9245,4318,1292,4.6,0.24,63,Poor
9246,4149,3159,4.9,0.35,32,Poor
9247,2951,2922,2.9,0.04,57,Poor
9248,1713,1064,3.8,0.4,49,Poor
9249,2065,850,2.6,0.11,63,Poor
9250,3231,1555,3.7,0.25,2,Poor
9251,4113,2664,2.8,0.47,60,Poor
9252,2680,555,4.6,0.29,81,Poor
9253,3922,2178,2.8,0.21,9,Poor
9254,1104,968,3.8,0.0,65,Average
9255,430,370,3.8,0.07,50,Average
9256,3132,2662,4.9,0.29,93,Poor
9257,2441,1041,4.1,0.25,29,Poor
9258,1642,479,3.2,0.18,24,Poor
9259,4311,453,3.1,0.46,42,Poor
9260,2797,1423,2.8,0.17,87,Poor
9261,2439,802,4.4,0.27,63,Poor
9262,3603,3430,4.2,0.28,58,Poor
9263,3077,1007,4.0,0.26,61,Poor
9264,1257,188,2.6,0.24,98,Poor
9265,3903,728,4.4,0.17,9,Average
9266,594,281,4.1,0.45,63,Poor
9267,3131,2794,4.9,0.23,93,Poor
9268,3713,1622,4.0,0.26,59,Poor
9269,2289,248,3.3,0.33,89,Poor
9270,2417,1204,3.5,0.03,98,Poor
9271,3823,446,2.9,0.39,87,Poor
9272,2677,141,4.3,0.26,19,Poor
9273,3981,2216,4.3,0.33,48,Poor
9274,2524,130,3.0,0.39,98,Poor
9275,3180,1264,2.9,0.44,73,Poor
9276,3557,1947,2.7,0.2,26,Poor
9277,146,83,4.8,0.41,50,Poor
9278,3908,2705,3.1,0.13,56,Poor
9279,2758,1397,3.4,0.33,78,Poor
9280,3386,928,3.2,0.05,78,Poor
9281,506,255,3.5,0.01,36,Poor
9282,4418,32,4.3,0.05,98,Average
9283,3037,3001,4.7,0.16,2,Average
9284,4138,3281,3.0,0.02,28,Poor
9285,3934,682,4.2,0.32,67,Poor
9286,1081,1064,3.4,0.16,46,Poor
9287,257,201,5.0,0.37,79,Poor
9288,1987,1362,3.2,0.02,68,Poor
9289,1196,990,2.5,0.11,20,Poor
9290,4349,1524,3.8,0.2,41,Poor
9291,2614,1922,2.9,0.19,20,Poor
9292,492,95,2.6,0.07,1,Poor
9293,4834,348,4.2,0.5,77,Poor
9294,882,435,4.3,0.14,68,Average
9295,1511,1246,3.7,0.36,6,Poor
9296,3566,1272,4.2,0.11,74,Average
9297,1209,171,3.8,0.44,34,Poor
9298,436,282,4.1,0.19,29,Average
9299,2091,91,4.0,0.45,43,Poor
9300,2603,244,4.2,0.17,45,Average
9301,1768,492,3.0,0.0,54,Poor
9302,4825,3734,3.2,0.26,0,Poor
9303,4100,2427,3.6,0.26,53,Poor
9304,3459,2607,3.6,0.06,79,Average
9305,739,628,4.4,0.12,0,Average
9306,1219,1089,3.4,0.39,62,Poor
9307,1002,20,2.9,0.02,54,Poor
9308,4929,4793,3.1,0.24,85,Poor
9309,4640,3310,3.0,0.27,76,Poor
9310,3546,310,4.3,0.34,26,Poor
9311,3967,1501,3.7,0.02,14,Average
9312,4892,2271,4.3,0.29,80,Poor
9313,2534,1245,3.5,0.0,8,Poor
9314,1904,585,4.7,0.13,68,Average
9315,3489,2549,5.0,0.25,58,Poor
9316,3281,1835,4.2,0.46,22,Poor
9317,2647,530,4.7,0.06,10,Good
9318,4033,943,3.8,0.08,23,Average
9319,2241,35,4.8,0.33,71,Poor
9320,2685,2423,4.6,0.19,97,Average
9321,706,375,5.0,0.31,53,Poor
9322,3862,849,4.1,0.5,30,Poor
9323,3390,2666,4.4,0.49,21,Poor
9324,3961,1121,3.9,0.18,13,Average
9325,1846,947,3.1,0.25,4,Poor
9326,4413,1110,3.4,0.45,16,Poor
9327,1812,878,4.7,0.05,81,Average
9328,4522,1766,2.6,0.23,82,Poor
9329,3335,233,4.0,0.19,70,Average
9330,1635,468,3.4,0.15,89,Poor
9331,3613,3032,3.5,0.5,88,Poor
9332,2490,1588,4.7,0.37,81,Poor
9333,4634,3206,4.6,0.19,43,Average
9334,4867,3511,4.0,0.41,78,Poor
9335,3150,2566,3.2,0.24,92,Poor
9336,3294,729,3.7,0.44,48,Poor
9337,1090,399,3.5,0.13,64,Poor
9338,3177,2807,3.4,0.11,3,Poor
9339,2323,1908,2.8,0.12,8,Poor
9340,3679,1067,3.9,0.27,35,Poor
9341,2164,558,3.3,0.15,50,Poor
9342,1727,964,4.2,0.07,31,Average
9343,3144,772,3.3,0.5,87,Poor
9344,1048,554,3.6,0.45,17,Poor
9345,2334,692,2.6,0.32,14,Poor
9346,1639,1084,5.0,0.45,19,Poor
9347,1211,587,3.8,0.47,57,Poor
9348,2570,1456,2.6,0.34,39,Poor
9349,3905,434,3.9,0.26,65,Poor
9350,4698,4564,4.7,0.44,88,Poor
9351,744,629,4.4,0.28,12,Poor
9352,4462,2725,4.3,0.06,90,Average
9353,4913,2503,2.8,0.18,12,Poor
9354,3848,3643,4.1,0.22,61,Poor
9355,3733,724,4.4,0.47,27,Poor
9356,2021,258,3.9,0.33,45,Poor
9357,1553,1085,4.7,0.44,14,Poor
9358,3299,753,3.2,0.38,92,Poor
9359,4268,3799,3.1,0.15,84,Poor
9360,3292,819,4.7,0.36,43,Poor
9361,1918,29,4.1,0.1,94,Average
9362,1721,766,2.5,0.2,22,Poor
9363,1132,158,3.4,0.4,66,Poor
9364,1778,750,4.6,0.31,98,Poor
9365,3901,215,2.6,0.41,77,Poor
9366,2192,1117,2.5,0.13,65,Poor
9367,1198,1145,3.2,0.37,49,Poor
9368,303,283,4.8,0.1,12,Average
9369,4152,3012,4.8,0.27,1,Poor
9370,3592,939,3.8,0.22,75,Poor
9371,2825,180,3.9,0.28,90,Poor
9372,4687,1276,3.3,0.07,33,Poor
9373,3383,2558,3.1,0.18,39,Poor
9374,4234,330,4.5,0.33,68,Poor
9375,3329,246,2.8,0.28,60,Poor
9376,4358,292,3.7,0.27,24,Poor
9377,2931,336,4.1,0.26,74,Poor
9378,315,105,2.8,0.47,76,Poor
9379,2390,2358,3.8,0.47,62,Poor
9380,3198,1512,3.9,0.18,27,Average
9381,3409,2796,4.4,0.18,84,Average
9382,1054,394,3.1,0.28,55,Poor
9383,2144,1945,3.2,0.05,25,Poor
9384,4767,586,3.9,0.15,26,Average
9385,3321,2935,5.0,0.12,25,Average
9386,4572,271,3.0,0.11,14,Poor
9387,259,40,5.0,0.32,49,Poor
9388,937,326,4.3,0.19,5,Average
9389,203,193,4.6,0.09,67,Average
9390,3643,694,2.7,0.44,3,Poor
9391,464,375,3.3,0.44,29,Poor
9392,3474,2331,2.6,0.43,76,Poor
9393,1334,87,3.4,0.2,8,Poor
9394,3198,3198,5.0,0.03,41,Average
9395,818,419,2.8,0.05,13,Poor
9396,1032,598,3.9,0.14,91,Average
9397,3252,533,2.5,0.11,39,Poor
9398,4724,461,4.3,0.44,2,Poor
9399,3576,20,3.0,0.49,40,Poor
9400,2837,2425,2.8,0.41,92,Poor
9401,2260,1158,3.3,0.36,32,Poor
9402,1088,922,4.4,0.29,78,Poor
9403,3982,1643,2.8,0.38,59,Poor
9404,591,216,3.1,0.47,63,Poor
9405,408,111,2.5,0.3,61,Poor
9406,899,293,4.9,0.08,78,Average
9407,4572,875,4.0,0.08,6,Average
9408,2594,1037,4.3,0.29,75,Poor
9409,4631,2240,4.1,0.17,49,Average
9410,1881,1588,2.9,0.46,38,Poor
9411,1522,1501,4.0,0.31,70,Poor
9412,1486,604,2.8,0.34,46,Poor
9413,379,215,3.5,0.0,69,Poor
9414,4404,1352,3.9,0.25,25,Poor
9415,4288,1537,3.9,0.22,57,Poor
9416,4058,458,2.8,0.35,72,Poor
9417,4772,2717,2.6,0.19,50,Poor
9418,1438,378,4.5,0.49,87,Poor
9419,4235,3127,4.3,0.34,51,Poor
9420,769,53,2.7,0.33,93,Poor
9421,3285,1131,2.8,0.46,15,Poor
9422,4626,2725,4.7,0.5,47,Poor
9423,2181,2083,4.4,0.1,26,Average
9424,1150,764,5.0,0.41,32,Poor
9425,722,440,3.1,0.08,22,Poor
9426,566,145,3.7,0.23,44,Poor
9427,2582,1051,3.1,0.05,82,Poor
9428,3720,3563,4.1,0.31,99,Poor
9429,831,487,2.8,0.23,82,Poor
9430,3573,899,2.8,0.31,21,Poor
9431,3608,1905,2.7,0.34,41,Poor
9432,2436,871,4.2,0.31,32,Poor
9433,4832,529,3.7,0.15,9,Average
9434,1639,1445,4.0,0.42,46,Poor
9435,1551,1219,4.7,0.28,95,Poor
9436,3844,1783,4.4,0.24,78,Poor
9437,4368,1878,3.7,0.49,38,Poor
9438,3130,933,5.0,0.14,45,Average
9439,1126,37,3.6,0.26,71,Poor
9440,1150,75,2.8,0.34,50,Poor
9441,552,54,5.0,0.06,24,Average
9442,1389,921,2.6,0.18,81,Poor
9443,3935,2697,3.9,0.4,14,Poor
9444,673,592,3.3,0.12,57,Poor
9445,1936,1643,3.8,0.25,58,Poor
9446,3400,1826,3.9,0.32,25,Poor
9447,1100,366,3.1,0.34,40,Poor
9448,3822,1075,3.9,0.36,43,Poor
9449,3966,927,4.4,0.43,84,Poor
9450,4068,1043,3.2,0.2,21,Poor
9451,1379,1176,3.5,0.35,97,Poor
9452,4164,595,3.2,0.37,36,Poor
9453,3417,218,4.6,0.15,13,Average
9454,4001,3347,4.3,0.48,3,Poor
9455,2547,1385,4.7,0.43,23,Poor
9456,1623,1274,2.9,0.14,65,Poor
9457,2684,2368,2.7,0.34,62,Poor
9458,2818,1036,2.8,0.36,64,Poor
9459,1261,45,2.9,0.22,65,Poor
9460,825,554,3.8,0.43,12,Poor
9461,1210,469,4.9,0.35,26,Poor
9462,2433,2387,3.4,0.33,80,Poor
9463,2704,2223,4.9,0.11,16,Average
9464,3590,490,2.6,0.2,68,Poor
9465,4747,2487,4.8,0.22,87,Poor
9466,4685,905,3.0,0.37,56,Poor
9467,1145,949,4.8,0.31,71,Poor
9468,73,36,2.6,0.04,72,Poor
9469,4769,895,4.9,0.15,17,Average
9470,3606,961,3.0,0.24,15,Poor
9471,1129,1013,3.3,0.37,50,Poor
9472,4368,591,3.7,0.37,95,Poor
9473,228,73,3.5,0.25,39,Poor
9474,2897,624,4.2,0.06,38,Average
9475,2010,344,4.9,0.15,55,Average
9476,1523,989,4.0,0.13,53,Average
9477,4938,3549,4.3,0.39,43,Poor
9478,1262,904,2.7,0.09,45,Poor
9479,859,284,4.1,0.23,31,Poor
9480,469,401,3.6,0.34,47,Poor
9481,3709,1256,4.7,0.48,60,Poor
9482,3866,2400,3.5,0.5,65,Poor
9483,1328,1053,4.2,0.48,37,Poor
9484,2573,1401,3.1,0.36,42,Poor
9485,1490,222,3.1,0.37,3,Poor
9486,1390,77,3.4,0.38,4,Poor
9487,2271,1537,3.3,0.43,57,Poor
9488,2442,1553,3.1,0.48,36,Poor
9489,1411,1266,2.6,0.22,25,Poor
9490,641,388,4.6,0.21,8,Poor
9491,576,437,2.7,0.23,14,Poor
9492,2553,566,4.7,0.33,87,Poor
9493,1342,890,2.8,0.39,87,Poor
9494,1704,122,2.7,0.44,98,Poor
9495,4956,3252,3.9,0.23,88,Poor
9496,237,219,3.8,0.18,25,Average
9497,2808,884,3.7,0.49,62,Poor
9498,578,155,3.9,0.12,86,Average
9499,483,449,3.2,0.11,69,Poor
9500,3562,417,4.2,0.36,26,Poor
9501,1854,1781,3.8,0.09,53,Average
9502,352,262,3.3,0.2,82,Poor
9503,4232,1632,4.6,0.15,30,Average
9504,487,73,4.3,0.08,31,Average
9505,2638,1320,3.5,0.29,1,Poor
9506,882,130,4.6,0.19,17,Average
9507,846,243,4.8,0.23,27,Poor
9508,609,94,3.8,0.1,70,Average
9509,3638,2573,3.0,0.38,86,Poor
9510,811,33,4.8,0.16,99,Average
9511,3624,2837,3.0,0.17,87,Poor
9512,3835,2549,2.6,0.13,91,Poor
9513,2564,383,3.3,0.22,24,Poor
9514,734,258,4.3,0.23,38,Poor
9515,4283,865,4.8,0.26,48,Poor
9516,627,323,4.1,0.48,3,Poor
9517,4855,3182,4.9,0.45,51,Poor
9518,277,203,2.7,0.3,82,Poor
9519,2378,1060,2.7,0.02,67,Poor
9520,2781,2079,4.0,0.31,56,Poor
9521,877,185,4.9,0.04,12,Good
9522,480,165,3.8,0.36,64,Poor
9523,1113,188,2.6,0.2,62,Poor
9524,1759,866,3.1,0.42,97,Poor
9525,1284,189,3.1,0.47,70,Poor
9526,351,272,3.3,0.21,24,Poor
9527,1470,1389,2.6,0.23,22,Poor
9528,4678,518,4.8,0.3,29,Poor
9529,818,479,3.8,0.1,60,Average
9530,1454,1340,4.2,0.46,6,Poor
9531,493,450,2.7,0.22,53,Poor
9532,3154,1185,2.6,0.08,16,Poor
9533,4405,2964,4.0,0.38,96,Poor
9534,3355,1780,4.7,0.11,59,Average
9535,1588,1096,3.8,0.07,65,Average
9536,3980,137,4.7,0.28,37,Poor
9537,1381,384,4.5,0.34,12,Poor
9538,119,50,2.7,0.28,51,Poor
9539,3485,2001,3.0,0.33,51,Poor
9540,530,155,4.1,0.06,31,Average
9541,4144,1120,3.6,0.24,85,Poor
9542,3546,1891,3.2,0.18,8,Poor
9543,2843,2624,3.5,0.49,16,Poor
9544,2942,37,3.6,0.02,81,Average
9545,1248,422,4.8,0.15,39,Average
9546,2422,224,2.8,0.47,90,Poor
9547,1942,518,3.2,0.49,74,Poor
9548,1933,343,3.8,0.41,53,Poor
9549,847,614,4.2,0.04,53,Average
9550,67,44,4.1,0.28,27,Poor
9551,93,57,4.9,0.2,71,Poor
9552,204,140,4.5,0.4,49,Poor
9553,3498,2546,3.9,0.03,17,Average
9554,4888,2231,3.0,0.1,12,Poor
9555,4130,2391,3.6,0.24,32,Poor
9556,1475,570,4.2,0.08,14,Good
9557,4370,2701,4.6,0.35,85,Poor
9558,4362,2826,4.9,0.41,37,Poor
9559,3689,2275,4.0,0.35,93,Poor
9560,4176,920,3.8,0.22,5,Poor
9561,1942,258,2.5,0.44,44,Poor
9562,947,746,2.7,0.07,58,Poor
9563,3474,823,2.9,0.13,97,Poor
9564,4590,3315,2.6,0.24,82,Poor
9565,1308,1131,3.5,0.03,96,Poor
9566,2065,1580,3.3,0.05,77,Poor
9567,4883,1472,4.1,0.2,47,Poor
9568,1752,1263,3.8,0.47,40,Poor
9569,923,294,4.0,0.45,82,Poor
9570,615,85,3.7,0.23,78,Poor
9571,2068,1466,3.2,0.07,73,Poor
9572,1935,274,4.9,0.09,54,Average
9573,2173,1189,2.7,0.19,60,Poor
9574,4692,2452,4.8,0.11,1,Average
9575,2364,406,3.3,0.04,1,Poor
9576,4462,2450,3.8,0.34,84,Poor
9577,3933,3368,2.8,0.29,75,Poor
9578,3242,1425,2.7,0.15,9,Poor
9579,1909,143,3.6,0.39,75,Poor
9580,74,49,4.4,0.39,38,Poor
9581,3553,3358,3.2,0.25,1,Poor
9582,4305,3472,3.9,0.05,64,Average
9583,1187,747,3.2,0.46,65,Poor
9584,1239,915,3.5,0.33,86,Poor
9585,4848,3904,4.8,0.12,91,Average
9586,4146,3690,4.6,0.31,80,Poor
9587,3207,1161,3.8,0.2,51,Poor
9588,2417,2395,3.1,0.32,84,Poor
9589,4527,4051,3.0,0.24,43,Poor
9590,1791,713,4.9,0.24,33,Poor
9591,3738,3159,3.0,0.37,72,Poor
9592,3796,3525,4.5,0.31,80,Poor
9593,947,378,3.4,0.04,44,Poor
9594,4073,3070,5.0,0.03,31,Average
9595,766,690,3.4,0.15,4,Poor
9596,4017,2864,3.4,0.22,77,Poor
9597,4071,462,4.1,0.14,88,Average
9598,3265,2231,4.9,0.33,85,Poor
9599,440,380,4.9,0.1,62,Average
9600,3934,2652,4.3,0.35,68,Poor
9601,1749,1162,4.4,0.39,53,Poor
9602,3087,872,3.9,0.06,37,Average
9603,282,214,4.4,0.33,8,Poor
9604,1976,1644,4.6,0.48,60,Poor
9605,3181,1631,3.7,0.1,94,Average
9606,3356,1776,4.0,0.45,20,Poor
9607,2774,1043,3.8,0.3,35,Poor
9608,4851,260,3.9,0.3,0,Poor
9609,283,173,4.7,0.03,21,Average
9610,1441,584,3.4,0.37,86,Poor
9611,2942,1185,3.0,0.24,86,Poor
9612,1305,851,3.6,0.36,14,Poor
9613,2588,995,3.0,0.4,45,Poor
9614,3740,2059,3.7,0.26,64,Poor
9615,939,925,4.8,0.13,5,Average
9616,4737,4338,4.0,0.07,39,Average
9617,795,285,4.6,0.08,34,Average
9618,1769,1325,2.9,0.43,80,Poor
9619,477,295,4.8,0.06,60,Average
9620,781,400,4.0,0.19,22,Average
9621,849,575,2.6,0.17,19,Poor
9622,4347,2129,4.1,0.43,27,Poor
9623,885,732,4.9,0.24,36,Poor
9624,184,98,2.7,0.5,81,Poor
9625,2588,2588,4.0,0.37,6,Poor
9626,3768,1114,4.8,0.43,48,Poor
9627,90,43,2.5,0.05,83,Poor
9628,3417,159,4.1,0.13,23,Average
9629,2465,1383,3.7,0.07,79,Average
9630,2090,609,3.4,0.23,12,Poor
9631,4389,1769,4.1,0.36,91,Poor
9632,2999,2595,2.6,0.08,6,Poor
9633,4311,560,4.4,0.07,14,Good
9634,3516,3507,2.5,0.31,86,Poor
9635,3138,2442,3.3,0.12,22,Poor
9636,4873,310,3.8,0.24,94,Poor
9637,1165,62,3.4,0.03,68,Poor
9638,4628,3955,3.3,0.34,90,Poor
9639,2640,1275,4.6,0.27,59,Poor
9640,3623,1255,4.8,0.32,9,Poor
9641,3028,27,4.7,0.14,50,Average
9642,2497,1677,3.8,0.14,63,Average
9643,1280,502,4.7,0.4,70,Poor
9644,2716,2109,4.8,0.36,55,Poor
9645,4975,4448,3.5,0.29,31,Poor
9646,4904,1276,3.2,0.31,22,Poor
9647,4308,3970,2.7,0.05,53,Poor
9648,2644,1059,3.7,0.43,72,Poor
9649,3480,2136,4.9,0.38,92,Poor
9650,2967,2120,3.9,0.3,90,Poor
9651,3002,704,4.2,0.46,84,Poor
9652,2045,1990,2.8,0.08,69,Poor
9653,3941,1013,2.9,0.34,89,Poor
9654,356,281,3.7,0.48,83,Poor
9655,1412,546,4.9,0.16,60,Average
9656,2152,1825,3.4,0.01,78,Poor
9657,3080,1722,4.7,0.37,19,Poor
9658,382,82,2.8,0.0,52,Poor
9659,2802,280,4.0,0.44,14,Poor
9660,292,140,4.0,0.03,28,Average
9661,1934,877,4.6,0.33,69,Poor
9662,1482,1283,2.5,0.19,79,Poor
9663,2600,1508,3.0,0.1,64,Poor
9664,352,126,3.0,0.45,61,Poor
9665,4380,4295,4.9,0.37,69,Poor
9666,3159,3107,2.9,0.17,15,Poor
9667,2236,374,2.6,0.14,53,Poor
9668,4340,2794,3.8,0.37,96,Poor
9669,1600,608,3.8,0.42,6,Poor
9670,1842,1780,4.6,0.36,59,Poor
9671,696,624,4.9,0.32,9,Poor
9672,4706,2248,3.8,0.11,52,Average
9673,762,193,4.8,0.43,7,Poor
9674,4558,373,4.3,0.37,84,Poor
9675,587,238,3.2,0.26,89,Poor
9676,284,162,4.8,0.26,36,Poor
9677,2446,1358,4.2,0.28,81,Poor
9678,1554,453,3.5,0.41,3,Poor
9679,1424,924,4.2,0.37,83,Poor
9680,4561,278,3.5,0.43,82,Poor
9681,1959,887,2.8,0.25,96,Poor
9682,965,578,4.3,0.31,22,Poor
9683,4008,2072,4.6,0.43,8,Poor
9684,130,81,4.3,0.12,37,Average
9685,2133,2023,3.1,0.22,44,Poor
9686,2738,615,4.9,0.31,44,Poor
9687,1740,1688,2.6,0.46,17,Poor
9688,806,413,3.3,0.01,45,Poor
9689,2720,355,3.2,0.11,1,Poor
9690,3801,2130,2.6,0.12,47,Poor
9691,3602,63,3.5,0.16,16,Poor
9692,517,172,4.1,0.14,15,Average
9693,1544,873,4.7,0.3,44,Poor
9694,1069,294,5.0,0.44,47,Poor
9695,951,377,4.5,0.32,23,Poor
9696,722,445,3.7,0.12,94,Average
9697,488,39,4.3,0.43,64,Poor
9698,4272,233,4.6,0.32,91,Poor
9699,2126,158,3.7,0.11,32,Average
9700,494,457,4.5,0.18,3,Average
9701,1015,117,3.7,0.39,0,Poor
9702,3840,683,3.5,0.37,32,Poor
9703,513,217,3.8,0.29,73,Poor
9704,2248,2223,4.2,0.07,61,Average
9705,2337,1093,4.3,0.4,2,Poor
9706,3815,498,3.4,0.15,44,Poor
9707,3226,2295,3.9,0.39,20,Poor
9708,4058,4042,4.8,0.32,63,Poor
9709,3554,3548,4.9,0.13,72,Average
9710,962,541,3.1,0.11,56,Poor
9711,546,168,3.0,0.07,39,Poor
9712,1513,1101,4.2,0.12,61,Average
9713,4303,181,3.5,0.08,42,Poor
9714,4317,1520,2.6,0.31,87,Poor
9715,543,126,3.4,0.3,45,Poor
9716,1476,1470,4.5,0.29,71,Poor
9717,1742,414,4.5,0.32,23,Poor
9718,1843,820,3.7,0.41,23,Poor
9719,2773,205,3.7,0.46,9,Poor
9720,708,577,3.9,0.12,98,Average
9721,4811,2000,3.0,0.29,67,Poor
9722,4512,4008,3.8,0.04,56,Average
9723,599,467,2.5,0.06,43,Poor
9724,692,106,3.7,0.33,72,Poor
9725,4400,3531,3.3,0.24,74,Poor
9726,257,20,4.2,0.38,47,Poor
9727,2547,1833,4.1,0.21,76,Poor
9728,4240,2505,3.5,0.06,26,Poor
9729,1933,535,2.5,0.44,29,Poor
9730,2936,1620,3.1,0.04,45,Poor
9731,527,454,4.1,0.09,11,Good
9732,811,221,2.7,0.14,59,Poor
9733,239,82,2.8,0.5,18,Poor
9734,805,674,4.1,0.21,67,Poor
9735,1496,775,4.4,0.25,53,Poor
9736,4981,2864,3.3,0.38,33,Poor
9737,1713,1223,3.7,0.32,86,Poor
9738,1885,705,4.9,0.42,89,Poor
9739,4278,4016,4.9,0.24,6,Poor
9740,4200,2690,3.3,0.49,81,Poor
9741,4110,706,4.5,0.4,41,Poor
9742,4655,1518,4.0,0.2,67,Poor
9743,4815,1708,4.9,0.19,52,Average
9744,3662,2019,3.7,0.46,7,Poor
9745,1739,419,4.4,0.34,21,Poor
9746,1366,887,4.4,0.31,25,Poor
9747,4879,4332,3.7,0.38,76,Poor
9748,3236,2876,4.5,0.28,62,Poor
9749,4070,3028,3.2,0.08,45,Poor
9750,4404,3544,2.8,0.16,80,Poor
9751,1195,1020,3.6,0.28,43,Poor
9752,4444,2032,4.9,0.01,61,Average
9753,610,259,3.8,0.22,35,Poor
9754,1962,1781,4.1,0.38,40,Poor
9755,1914,1229,4.1,0.08,78,Average
9756,346,67,2.8,0.03,81,Poor
9757,2459,1268,3.5,0.42,26,Poor
9758,2686,1187,4.3,0.31,69,Poor
9759,1511,1462,4.9,0.09,97,Average
9760,4342,1917,2.9,0.4,40,Poor
9761,2318,2199,3.5,0.33,4,Poor
9762,1044,644,2.7,0.17,56,Poor
9763,57,23,3.1,0.19,75,Poor
9764,2641,1990,3.4,0.08,28,Poor
9765,2565,620,3.9,0.42,11,Poor
9766,4465,2740,3.1,0.25,24,Poor
9767,1467,353,3.1,0.28,33,Poor
9768,2366,1963,4.4,0.44,74,Poor
9769,3982,3166,4.9,0.01,86,Average
9770,1337,55,3.3,0.03,23,Poor
9771,2894,2845,4.2,0.08,81,Average
9772,1168,242,3.1,0.02,62,Poor
9773,602,549,4.8,0.33,62,Poor
9774,710,260,4.2,0.32,9,Poor
9775,765,153,4.5,0.11,4,Average
9776,3635,410,2.6,0.07,94,Poor
9777,3811,121,4.0,0.07,88,Average
9778,2579,2060,3.8,0.48,52,Poor
9779,4020,3743,3.2,0.35,80,Poor
9780,3457,2748,3.2,0.29,27,Poor
9781,1508,517,4.0,0.16,64,Average
9782,3317,2578,4.3,0.22,44,Poor
9783,904,722,2.6,0.04,65,Poor
9784,4810,3061,3.9,0.5,48,Poor
9785,3587,2020,2.9,0.38,39,Poor
9786,1947,968,2.9,0.31,65,Poor
9787,322,52,4.1,0.29,90,Poor
9788,4137,2073,3.3,0.25,7,Poor
9789,1322,977,3.6,0.13,26,Average
9790,4424,213,3.4,0.11,16,Poor
9791,4069,761,4.1,0.27,67,Poor
9792,865,156,3.7,0.04,43,Average
9793,4421,3926,4.9,0.04,30,Average
9794,972,931,3.4,0.28,4,Poor
9795,4787,4588,4.4,0.46,59,Poor
9796,4650,2283,3.1,0.46,88,Poor
9797,4917,3440,3.8,0.01,91,Average
9798,1314,895,3.9,0.05,18,Average
9799,3774,3274,3.3,0.29,41,Poor
9800,2837,57,3.7,0.42,22,Poor
9801,2772,1718,3.2,0.48,99,Poor
9802,4273,4046,2.5,0.43,76,Poor
9803,2600,1533,3.0,0.34,16,Poor
9804,2999,1032,4.3,0.1,93,Average
9805,1723,122,4.4,0.04,57,Average
9806,4637,61,3.2,0.02,86,Poor
9807,3142,3014,3.5,0.31,48,Poor
9808,2888,2133,2.6,0.02,2,Poor
9809,1716,962,3.1,0.37,76,Poor
9810,4561,4308,4.4,0.36,95,Poor
9811,2245,1081,4.0,0.04,44,Average
9812,1434,521,3.0,0.45,34,Poor
9813,4453,1696,3.1,0.26,1,Poor
9814,4004,3709,4.5,0.45,46,Poor
9815,2949,2731,3.0,0.45,2,Poor
9816,110,49,3.3,0.1,28,Poor
9817,3997,345,4.2,0.19,73,Average
9818,2340,1140,3.9,0.07,19,Average
9819,522,127,3.7,0.39,33,Poor
9820,1008,650,4.7,0.25,78,Poor
9821,582,170,3.0,0.46,39,Poor
9822,543,93,4.4,0.1,64,Average
9823,131,76,2.9,0.34,89,Poor
9824,3020,2945,4.0,0.49,62,Poor
9825,61,34,4.7,0.33,55,Poor
9826,4594,2059,3.6,0.03,31,Average
9827,811,786,4.3,0.29,65,Poor
9828,3235,1297,4.6,0.09,95,Average
9829,75,20,2.8,0.02,40,Poor
9830,1856,1499,4.3,0.17,28,Average
9831,4207,2326,4.8,0.13,83,Average
9832,4374,2849,3.9,0.39,86,Poor
9833,4752,1508,3.0,0.19,50,Poor
9834,3709,53,2.8,0.37,11,Poor
9835,1575,1538,3.1,0.01,43,Poor
9836,810,345,2.8,0.01,9,Poor
9837,644,257,3.8,0.01,82,Average
9838,1105,710,2.7,0.11,73,Poor
9839,1904,1659,3.1,0.19,82,Poor
9840,3133,758,3.6,0.3,89,Poor
9841,3966,1509,3.7,0.49,87,Poor
9842,3725,2811,3.9,0.18,8,Average
9843,2098,1347,4.3,0.03,28,Average
9844,1508,866,2.6,0.1,28,Poor
9845,1269,136,2.7,0.45,91,Poor
9846,4278,4003,2.7,0.35,60,Poor
9847,4231,3788,3.6,0.4,63,Poor
9848,1549,1524,2.6,0.06,2,Poor
9849,1880,669,4.4,0.07,86,Average
9850,3445,2470,3.1,0.06,3,Poor
9851,1253,1016,4.8,0.43,54,Poor
9852,4320,2053,3.7,0.1,13,Average
9853,2860,1719,3.6,0.32,76,Poor
9854,3142,1943,4.5,0.26,27,Poor
9855,3094,1630,4.3,0.27,62,Poor
9856,4723,2300,4.0,0.1,38,Average
9857,3564,2996,4.8,0.32,63,Poor
9858,1848,1327,3.6,0.02,59,Average
9859,2625,2547,4.5,0.5,19,Poor
9860,194,140,3.5,0.01,27,Poor
9861,4907,3858,4.6,0.03,95,Average
9862,3976,995,3.1,0.16,13,Poor
9863,1427,28,3.2,0.42,76,Poor
9864,3196,734,4.2,0.13,74,Average
9865,1875,398,3.0,0.24,57,Poor
9866,843,836,3.1,0.01,38,Poor
9867,1651,1646,3.3,0.04,57,Poor
9868,4464,2448,4.2,0.3,14,Poor
9869,1160,863,4.7,0.1,72,Average
9870,4103,3753,4.2,0.35,2,Poor
9871,4843,379,4.6,0.39,4,Poor
9872,3987,2243,3.9,0.43,91,Poor
9873,4013,504,2.7,0.07,41,Poor
9874,4992,1448,2.8,0.23,14,Poor
9875,832,52,3.9,0.47,2,Poor
9876,1166,715,3.3,0.39,34,Poor
9877,1800,176,3.1,0.06,6,Poor
9878,2626,584,3.7,0.25,93,Poor
9879,4077,1851,4.2,0.46,23,Poor
9880,3386,221,3.5,0.22,30,Poor
9881,4437,3877,4.5,0.42,77,Poor
9882,1537,1218,4.3,0.25,79,Poor
9883,3925,1287,4.3,0.05,3,Good
9884,3681,3360,5.0,0.07,2,Good
9885,4242,2990,3.2,0.02,98,Poor
9886,4008,1489,4.1,0.1,8,Average
9887,3447,93,4.6,0.45,67,Poor
9888,123,115,3.9,0.33,82,Poor
9889,1409,192,4.5,0.37,87,Poor
9890,1141,174,3.5,0.31,59,Poor
9891,4903,277,4.0,0.19,10,Average
9892,1991,1630,2.6,0.11,78,Poor
9893,3198,2241,5.0,0.46,35,Poor
9894,4353,2826,4.5,0.26,94,Poor
9895,1294,1039,4.7,0.24,71,Poor
9896,1335,180,4.2,0.5,1,Poor
9897,4555,205,3.0,0.19,49,Poor
9898,3086,162,2.6,0.43,2,Poor
9899,820,301,4.7,0.43,66,Poor
9900,1893,926,3.5,0.12,84,Poor
9901,123,57,3.2,0.05,61,Poor
9902,1710,46,3.9,0.49,75,Poor
9903,4399,3988,3.6,0.21,13,Poor
9904,869,221,4.1,0.0,22,Average
9905,3868,3112,3.7,0.25,76,Poor
9906,381,98,4.2,0.31,15,Poor
9907,1471,689,4.6,0.39,80,Poor
9908,3705,3185,3.0,0.47,17,Poor
9909,4981,3099,3.3,0.46,12,Poor
9910,1741,491,3.6,0.47,55,Poor
9911,4600,2122,4.9,0.02,89,Average
9912,4458,930,3.4,0.36,44,Poor
9913,277,55,3.5,0.11,39,Poor
9914,2931,1049,4.1,0.09,30,Average
9915,2915,2621,3.5,0.4,80,Poor
9916,2625,1093,4.9,0.21,31,Poor
9917,4572,2179,4.7,0.46,0,Poor
9918,514,165,3.8,0.02,34,Average
9919,327,249,4.1,0.4,35,Poor
9920,4164,2564,2.6,0.07,82,Poor
9921,115,69,4.2,0.09,91,Average
9922,4312,3633,4.3,0.24,65,Poor
9923,452,314,3.4,0.2,28,Poor
9924,4033,3719,3.0,0.24,42,Poor
9925,4554,2293,4.8,0.47,28,Poor
9926,3528,78,3.6,0.33,42,Poor
9927,3494,1119,4.1,0.15,18,Average
9928,4742,2495,2.6,0.09,63,Poor
9929,4469,1175,3.5,0.21,91,Poor
9930,3089,2999,4.5,0.23,97,Poor
9931,1487,517,3.5,0.3,30,Poor
9932,478,323,4.0,0.13,18,Average
9933,2732,929,3.0,0.38,95,Poor
9934,2827,1348,3.5,0.05,28,Poor
9935,3428,2134,4.8,0.28,72,Poor
9936,442,249,3.9,0.31,6,Poor
9937,4591,4448,4.8,0.1,57,Average
9938,391,296,4.8,0.41,75,Poor
9939,182,124,4.9,0.31,59,Poor
9940,314,91,4.7,0.32,50,Poor
9941,4238,740,2.5,0.25,94,Poor
9942,1735,163,4.8,0.45,81,Poor
9943,1484,1294,2.8,0.35,91,Poor
9944,1710,710,2.6,0.19,49,Poor
9945,3867,3171,2.6,0.12,20,Poor
9946,2404,76,3.4,0.04,8,Poor
9947,315,193,4.1,0.08,33,Average
9948,4791,769,3.5,0.5,33,Poor
9949,1186,1023,2.6,0.2,46,Poor
9950,4599,3584,3.7,0.45,23,Poor
9951,4976,4675,3.6,0.09,79,Average
9952,1440,1417,4.4,0.21,27,Poor
9953,1162,368,3.2,0.48,45,Poor
9954,2284,1110,3.0,0.05,50,Poor
9955,2916,2397,3.1,0.3,98,Poor
9956,3118,2261,3.3,0.46,5,Poor
9957,2229,1198,4.0,0.47,62,Poor
9958,684,179,3.7,0.42,52,Poor
9959,3681,1739,3.3,0.43,63,Poor
9960,1449,285,3.4,0.33,51,Poor
9961,4836,2235,3.4,0.11,59,Poor
9962,2789,2212,4.9,0.37,40,Poor
9963,3220,2253,3.1,0.49,10,Poor
9964,1915,905,4.5,0.26,3,Poor
9965,2005,884,4.3,0.13,13,Average
9966,4727,3514,2.5,0.29,12,Poor
9967,2268,805,5.0,0.35,14,Poor
9968,1439,476,4.4,0.1,7,Average
9969,4929,364,4.2,0.36,87,Poor
9970,3180,2802,3.5,0.29,10,Poor
9971,4326,573,3.9,0.31,98,Poor
9972,4164,807,3.1,0.15,88,Poor
9973,1299,955,2.6,0.08,22,Poor
9974,3216,724,4.6,0.31,6,Poor
9975,1295,1147,4.7,0.29,68,Poor
9976,103,63,2.9,0.17,31,Poor
9977,2960,972,4.5,0.15,91,Average
9978,2446,834,4.4,0.17,43,Average
9979,492,32,2.9,0.24,2,Poor
9980,4725,163,3.6,0.49,93,Poor
9981,3661,2797,3.6,0.38,43,Poor
9982,4427,3786,4.4,0.43,68,Poor
9983,2457,882,4.6,0.25,50,Poor
9984,872,773,2.7,0.26,60,Poor
9985,3752,1236,3.9,0.1,50,Average
9986,2989,2532,4.4,0.36,32,Poor
9987,4786,1827,4.5,0.21,19,Poor
9988,1081,394,2.9,0.37,29,Poor
9989,2066,696,3.8,0.2,43,Poor
9990,612,285,4.6,0.05,85,Average
9991,2588,575,3.3,0.09,85,Poor
9992,390,370,3.6,0.41,28,Poor
9993,4617,2505,4.5,0.13,20,Average
9994,3825,900,2.7,0.13,81,Poor
9995,2346,2293,4.6,0.46,52,Poor
9996,284,32,3.3,0.33,10,Poor
9997,1166,543,2.5,0.06,9,Poor
9998,1958,581,3.1,0.07,34,Poor
9999,1467,1292,2.7,0.14,25,Poor
10000,4969,3722,2.7,0.3,43,Poor
